verb,gloss,class,class_name,transitive,stem,past_stem,kind,paradigm,paradigm_na,paradigm_en,person,person_en,honorific,subject,subject_marking,needs_check,form,aksara,morphemes,rules
गर्नु,to do,C,व्यञ्जनान्त,yes,गर्,गर्,finite,habpres,अभ्यस्त वर्तमान,habitual present,ma,1st person · singular,no,म,nominative,no,गर्छु,ग र्छु,stem:गर् + end:छु,empty-base > concatenate
गर्नु,to do,C,व्यञ्जनान्त,yes,गर्,गर्,finite,habpres,अभ्यस्त वर्तमान,habitual present,hami,1st person · plural,no,हामी(हरू),nominative,no,गर्छौँ,ग र्छौँ,stem:गर् + end:छौँ,empty-base > concatenate
गर्नु,to do,C,व्यञ्जनान्त,yes,गर्,गर्,finite,habpres,अभ्यस्त वर्तमान,habitual present,ta,2nd person · low grade,no,तँ,nominative,no,गर्छस्,ग र्छ स्,stem:गर् + end:छस्,empty-base > concatenate
गर्नु,to do,C,व्यञ्जनान्त,yes,गर्,गर्,finite,habpres,अभ्यस्त वर्तमान,habitual present,timi,2nd person · mid grade,no,तिमी(हरू),nominative,no,गर्छौ,ग र्छौ,stem:गर् + end:छौ,empty-base > concatenate
गर्नु,to do,C,व्यञ्जनान्त,yes,गर्,गर्,finite,habpres,अभ्यस्त वर्तमान,habitual present,tapai,2nd person · high grade,yes,तपाईं(हरू),nominative,no,गर्नुहुन्छ,ग र्नु हु न्छ,stem:गर्नु + aux:हुन्छ,empty-base > concatenate
गर्नु,to do,C,व्यञ्जनान्त,yes,गर्,गर्,finite,habpres,अभ्यस्त वर्तमान,habitual present,u,3rd person · low grade,no,ऊ / त्यो,nominative,no,गर्छ,ग र्छ,stem:गर् + end:छ,empty-base > concatenate
गर्नु,to do,C,व्यञ्जनान्त,yes,गर्,गर्,finite,habpres,अभ्यस्त वर्तमान,habitual present,uni,3rd person · mid grade,no,उनी / उनीहरू,nominative,no,गर्छन्,ग र्छ न्,stem:गर् + end:छन्,empty-base > concatenate
गर्नु,to do,C,व्यञ्जनान्त,yes,गर्,गर्,finite,habpres,अभ्यस्त वर्तमान,habitual present,uha,3rd person · high grade,yes,उहाँ / वहाँ,nominative,no,गर्नुहुन्छ,ग र्नु हु न्छ,stem:गर्नु + aux:हुन्छ,empty-base > concatenate
गर्नु,to do,C,व्यञ्जनान्त,yes,गर्,गर्,finite,prescont,वर्तमान निरन्तर,present continuous,ma,1st person · singular,no,म,nominative,no,गर्दैछु,ग र्दै छु,stem:गर् + end:दै + aux:छु,empty-base > concatenate > concatenate
गर्नु,to do,C,व्यञ्जनान्त,yes,गर्,गर्,finite,prescont,वर्तमान निरन्तर,present continuous,hami,1st person · plural,no,हामी(हरू),nominative,no,गर्दैछौँ,ग र्दै छौँ,stem:गर् + end:दै + aux:छौँ,empty-base > concatenate > concatenate
गर्नु,to do,C,व्यञ्जनान्त,yes,गर्,गर्,finite,prescont,वर्तमान निरन्तर,present continuous,ta,2nd person · low grade,no,तँ,nominative,no,गर्दैछस्,ग र्दै छ स्,stem:गर् + end:दै + aux:छस्,empty-base > concatenate > concatenate
गर्नु,to do,C,व्यञ्जनान्त,yes,गर्,गर्,finite,prescont,वर्तमान निरन्तर,present continuous,timi,2nd person · mid grade,no,तिमी(हरू),nominative,no,गर्दैछौ,ग र्दै छौ,stem:गर् + end:दै + aux:छौ,empty-base > concatenate > concatenate
गर्नु,to do,C,व्यञ्जनान्त,yes,गर्,गर्,finite,prescont,वर्तमान निरन्तर,present continuous,tapai,2nd person · high grade,yes,तपाईं(हरू),nominative,no,गर्दै हुनुहुन्छ,ग र्दै   हु नु हु न्छ,stem:गर् + end:दै + aux: हुनुहुन्छ,empty-base > concatenate > concatenate
गर्नु,to do,C,व्यञ्जनान्त,yes,गर्,गर्,finite,prescont,वर्तमान निरन्तर,present continuous,u,3rd person · low grade,no,ऊ / त्यो,nominative,no,गर्दैछ,ग र्दै छ,stem:गर् + end:दै + aux:छ,empty-base > concatenate > concatenate
गर्नु,to do,C,व्यञ्जनान्त,yes,गर्,गर्,finite,prescont,वर्तमान निरन्तर,present continuous,uni,3rd person · mid grade,no,उनी / उनीहरू,nominative,no,गर्दैछन्,ग र्दै छ न्,stem:गर् + end:दै + aux:छन्,empty-base > concatenate > concatenate
गर्नु,to do,C,व्यञ्जनान्त,yes,गर्,गर्,finite,prescont,वर्तमान निरन्तर,present continuous,uha,3rd person · high grade,yes,उहाँ / वहाँ,nominative,no,गर्दै हुनुहुन्छ,ग र्दै   हु नु हु न्छ,stem:गर् + end:दै + aux: हुनुहुन्छ,empty-base > concatenate > concatenate
गर्नु,to do,C,व्यञ्जनान्त,yes,गर्,गर्,finite,presperf,वर्तमान पूर्ण,present perfect,ma,1st person · singular,no,मैले,ergative -ले,no,गरेको छु,ग रे को   छु,stem:गर् + end:एको + aux: छु,empty-base > virama-matra-fusion > concatenate
गर्नु,to do,C,व्यञ्जनान्त,yes,गर्,गर्,finite,presperf,वर्तमान पूर्ण,present perfect,hami,1st person · plural,no,हामी(हरू)ले,ergative -ले,no,गरेका छौँ,ग रे का   छौँ,stem:गर् + end:एका + aux: छौँ,empty-base > virama-matra-fusion > concatenate
गर्नु,to do,C,व्यञ्जनान्त,yes,गर्,गर्,finite,presperf,वर्तमान पूर्ण,present perfect,ta,2nd person · low grade,no,तैंले,ergative -ले,no,गरेको छस्,ग रे को   छ स्,stem:गर् + end:एको + aux: छस्,empty-base > virama-matra-fusion > concatenate
गर्नु,to do,C,व्यञ्जनान्त,yes,गर्,गर्,finite,presperf,वर्तमान पूर्ण,present perfect,timi,2nd person · mid grade,no,तिमी(हरू)ले,ergative -ले,no,गरेको छौ,ग रे को   छौ,stem:गर् + end:एको + aux: छौ,empty-base > virama-matra-fusion > concatenate
गर्नु,to do,C,व्यञ्जनान्त,yes,गर्,गर्,finite,presperf,वर्तमान पूर्ण,present perfect,tapai,2nd person · high grade,yes,तपाईं(हरू)ले,ergative -ले,no,गर्नुभएको छ,ग र्नु भ ए को   छ,stem:गर्नु + aux:भएको छ,empty-base > concatenate
गर्नु,to do,C,व्यञ्जनान्त,yes,गर्,गर्,finite,presperf,वर्तमान पूर्ण,present perfect,u,3rd person · low grade,no,उसले / त्यसले,ergative -ले,no,गरेको छ,ग रे को   छ,stem:गर् + end:एको + aux: छ,empty-base > virama-matra-fusion > concatenate
गर्नु,to do,C,व्यञ्जनान्त,yes,गर्,गर्,finite,presperf,वर्तमान पूर्ण,present perfect,uni,3rd person · mid grade,no,उनले / उनीहरूले,ergative -ले,no,गरेका छन्,ग रे का   छ न्,stem:गर् + end:एका + aux: छन्,empty-base > virama-matra-fusion > concatenate
गर्नु,to do,C,व्यञ्जनान्त,yes,गर्,गर्,finite,presperf,वर्तमान पूर्ण,present perfect,uha,3rd person · high grade,yes,उहाँले,ergative -ले,no,गर्नुभएको छ,ग र्नु भ ए को   छ,stem:गर्नु + aux:भएको छ,empty-base > concatenate
गर्नु,to do,C,व्यञ्जनान्त,yes,गर्,गर्,finite,past,सामान्य भूत,simple past,ma,1st person · singular,no,मैले,ergative -ले,no,गरेँ,ग रेँ,stem:गर् + end:एँ,empty-base > virama-matra-fusion
गर्नु,to do,C,व्यञ्जनान्त,yes,गर्,गर्,finite,past,सामान्य भूत,simple past,hami,1st person · plural,no,हामी(हरू)ले,ergative -ले,no,गर्यौँ,ग र्यौँ,stem:गर् + end:यौँ,empty-base > concatenate
गर्नु,to do,C,व्यञ्जनान्त,yes,गर्,गर्,finite,past,सामान्य भूत,simple past,ta,2nd person · low grade,no,तैंले,ergative -ले,no,गरिस्,ग रि स्,stem:गर् + end:इस्,empty-base > virama-matra-fusion
गर्नु,to do,C,व्यञ्जनान्त,yes,गर्,गर्,finite,past,सामान्य भूत,simple past,timi,2nd person · mid grade,no,तिमी(हरू)ले,ergative -ले,no,गर्यौ,ग र्यौ,stem:गर् + end:यौ,empty-base > concatenate
गर्नु,to do,C,व्यञ्जनान्त,yes,गर्,गर्,finite,past,सामान्य भूत,simple past,tapai,2nd person · high grade,yes,तपाईं(हरू)ले,ergative -ले,no,गर्नुभयो,ग र्नु भ यो,stem:गर्नु + aux:भयो,empty-base > concatenate
गर्नु,to do,C,व्यञ्जनान्त,yes,गर्,गर्,finite,past,सामान्य भूत,simple past,u,3rd person · low grade,no,उसले / त्यसले,ergative -ले,no,गर्यो,ग र्यो,stem:गर् + end:यो,empty-base > concatenate
गर्नु,to do,C,व्यञ्जनान्त,yes,गर्,गर्,finite,past,सामान्य भूत,simple past,uni,3rd person · mid grade,no,उनले / उनीहरूले,ergative -ले,no,गरे,ग रे,stem:गर् + end:ए,empty-base > virama-matra-fusion
गर्नु,to do,C,व्यञ्जनान्त,yes,गर्,गर्,finite,past,सामान्य भूत,simple past,uha,3rd person · high grade,yes,उहाँले,ergative -ले,no,गर्नुभयो,ग र्नु भ यो,stem:गर्नु + aux:भयो,empty-base > concatenate
गर्नु,to do,C,व्यञ्जनान्त,yes,गर्,गर्,finite,habpast,अभ्यस्त भूत,habitual past,ma,1st person · singular,no,म,nominative,no,गर्थेँ,ग र्थेँ,stem:गर् + end:थेँ,empty-base > concatenate
गर्नु,to do,C,व्यञ्जनान्त,yes,गर्,गर्,finite,habpast,अभ्यस्त भूत,habitual past,hami,1st person · plural,no,हामी(हरू),nominative,no,गर्थ्यौँ,ग र्थ्यौँ,stem:गर् + end:थ्यौँ,empty-base > concatenate
गर्नु,to do,C,व्यञ्जनान्त,yes,गर्,गर्,finite,habpast,अभ्यस्त भूत,habitual past,ta,2nd person · low grade,no,तँ,nominative,no,गर्थिस्,ग र्थि स्,stem:गर् + end:थिस्,empty-base > concatenate
गर्नु,to do,C,व्यञ्जनान्त,yes,गर्,गर्,finite,habpast,अभ्यस्त भूत,habitual past,timi,2nd person · mid grade,no,तिमी(हरू),nominative,no,गर्थ्यौ,ग र्थ्यौ,stem:गर् + end:थ्यौ,empty-base > concatenate
गर्नु,to do,C,व्यञ्जनान्त,yes,गर्,गर्,finite,habpast,अभ्यस्त भूत,habitual past,tapai,2nd person · high grade,yes,तपाईं(हरू),nominative,no,गर्नुहुन्थ्यो,ग र्नु हु न्थ्यो,stem:गर्नु + aux:हुन्थ्यो,empty-base > concatenate
गर्नु,to do,C,व्यञ्जनान्त,yes,गर्,गर्,finite,habpast,अभ्यस्त भूत,habitual past,u,3rd person · low grade,no,ऊ / त्यो,nominative,no,गर्थ्यो,ग र्थ्यो,stem:गर् + end:थ्यो,empty-base > concatenate
गर्नु,to do,C,व्यञ्जनान्त,yes,गर्,गर्,finite,habpast,अभ्यस्त भूत,habitual past,uni,3rd person · mid grade,no,उनी / उनीहरू,nominative,no,गर्थे,ग र्थे,stem:गर् + end:थे,empty-base > concatenate
गर्नु,to do,C,व्यञ्जनान्त,yes,गर्,गर्,finite,habpast,अभ्यस्त भूत,habitual past,uha,3rd person · high grade,yes,उहाँ / वहाँ,nominative,no,गर्नुहुन्थ्यो,ग र्नु हु न्थ्यो,stem:गर्नु + aux:हुन्थ्यो,empty-base > concatenate
गर्नु,to do,C,व्यञ्जनान्त,yes,गर्,गर्,finite,pastcont,भूत निरन्तर,past continuous,ma,1st person · singular,no,म,nominative,no,गर्दै थिएँ,ग र्दै   थि एँ,stem:गर् + end:दै + aux: थिएँ,empty-base > concatenate > concatenate
गर्नु,to do,C,व्यञ्जनान्त,yes,गर्,गर्,finite,pastcont,भूत निरन्तर,past continuous,hami,1st person · plural,no,हामी(हरू),nominative,no,गर्दै थियौँ,ग र्दै   थि यौँ,stem:गर् + end:दै + aux: थियौँ,empty-base > concatenate > concatenate
गर्नु,to do,C,व्यञ्जनान्त,yes,गर्,गर्,finite,pastcont,भूत निरन्तर,past continuous,ta,2nd person · low grade,no,तँ,nominative,no,गर्दै थिइस्,ग र्दै   थि इ स्,stem:गर् + end:दै + aux: थिइस्,empty-base > concatenate > concatenate
गर्नु,to do,C,व्यञ्जनान्त,yes,गर्,गर्,finite,pastcont,भूत निरन्तर,past continuous,timi,2nd person · mid grade,no,तिमी(हरू),nominative,no,गर्दै थियौ,ग र्दै   थि यौ,stem:गर् + end:दै + aux: थियौ,empty-base > concatenate > concatenate
गर्नु,to do,C,व्यञ्जनान्त,yes,गर्,गर्,finite,pastcont,भूत निरन्तर,past continuous,tapai,2nd person · high grade,yes,तपाईं(हरू),nominative,no,गर्दै हुनुहुन्थ्यो,ग र्दै   हु नु हु न्थ्यो,stem:गर् + end:दै + aux: हुनुहुन्थ्यो,empty-base > concatenate > concatenate
गर्नु,to do,C,व्यञ्जनान्त,yes,गर्,गर्,finite,pastcont,भूत निरन्तर,past continuous,u,3rd person · low grade,no,ऊ / त्यो,nominative,no,गर्दै थियो,ग र्दै   थि यो,stem:गर् + end:दै + aux: थियो,empty-base > concatenate > concatenate
गर्नु,to do,C,व्यञ्जनान्त,yes,गर्,गर्,finite,pastcont,भूत निरन्तर,past continuous,uni,3rd person · mid grade,no,उनी / उनीहरू,nominative,no,गर्दै थिए,ग र्दै   थि ए,stem:गर् + end:दै + aux: थिए,empty-base > concatenate > concatenate
गर्नु,to do,C,व्यञ्जनान्त,yes,गर्,गर्,finite,pastcont,भूत निरन्तर,past continuous,uha,3rd person · high grade,yes,उहाँ / वहाँ,nominative,no,गर्दै हुनुहुन्थ्यो,ग र्दै   हु नु हु न्थ्यो,stem:गर् + end:दै + aux: हुनुहुन्थ्यो,empty-base > concatenate > concatenate
गर्नु,to do,C,व्यञ्जनान्त,yes,गर्,गर्,finite,pastperf,भूत पूर्ण,past perfect,ma,1st person · singular,no,मैले,ergative -ले,no,गरेको थिएँ,ग रे को   थि एँ,stem:गर् + end:एको + aux: थिएँ,empty-base > virama-matra-fusion > concatenate
गर्नु,to do,C,व्यञ्जनान्त,yes,गर्,गर्,finite,pastperf,भूत पूर्ण,past perfect,hami,1st person · plural,no,हामी(हरू)ले,ergative -ले,no,गरेका थियौँ,ग रे का   थि यौँ,stem:गर् + end:एका + aux: थियौँ,empty-base > virama-matra-fusion > concatenate
गर्नु,to do,C,व्यञ्जनान्त,yes,गर्,गर्,finite,pastperf,भूत पूर्ण,past perfect,ta,2nd person · low grade,no,तैंले,ergative -ले,no,गरेको थिइस्,ग रे को   थि इ स्,stem:गर् + end:एको + aux: थिइस्,empty-base > virama-matra-fusion > concatenate
गर्नु,to do,C,व्यञ्जनान्त,yes,गर्,गर्,finite,pastperf,भूत पूर्ण,past perfect,timi,2nd person · mid grade,no,तिमी(हरू)ले,ergative -ले,no,गरेको थियौ,ग रे को   थि यौ,stem:गर् + end:एको + aux: थियौ,empty-base > virama-matra-fusion > concatenate
गर्नु,to do,C,व्यञ्जनान्त,yes,गर्,गर्,finite,pastperf,भूत पूर्ण,past perfect,tapai,2nd person · high grade,yes,तपाईं(हरू)ले,ergative -ले,no,गर्नुभएको थियो,ग र्नु भ ए को   थि यो,stem:गर्नु + aux:भएको थियो,empty-base > concatenate
गर्नु,to do,C,व्यञ्जनान्त,yes,गर्,गर्,finite,pastperf,भूत पूर्ण,past perfect,u,3rd person · low grade,no,उसले / त्यसले,ergative -ले,no,गरेको थियो,ग रे को   थि यो,stem:गर् + end:एको + aux: थियो,empty-base > virama-matra-fusion > concatenate
गर्नु,to do,C,व्यञ्जनान्त,yes,गर्,गर्,finite,pastperf,भूत पूर्ण,past perfect,uni,3rd person · mid grade,no,उनले / उनीहरूले,ergative -ले,no,गरेका थिए,ग रे का   थि ए,stem:गर् + end:एका + aux: थिए,empty-base > virama-matra-fusion > concatenate
गर्नु,to do,C,व्यञ्जनान्त,yes,गर्,गर्,finite,pastperf,भूत पूर्ण,past perfect,uha,3rd person · high grade,yes,उहाँले,ergative -ले,no,गर्नुभएको थियो,ग र्नु भ ए को   थि यो,stem:गर्नु + aux:भएको थियो,empty-base > concatenate
गर्नु,to do,C,व्यञ्जनान्त,yes,गर्,गर्,finite,future,सामान्य भविष्यत्,simple future,ma,1st person · singular,no,म,nominative,no,गर्नेछु,ग र्ने छु,stem:गर् + end:ने + end:छु,empty-base > concatenate > concatenate
गर्नु,to do,C,व्यञ्जनान्त,yes,गर्,गर्,finite,future,सामान्य भविष्यत्,simple future,hami,1st person · plural,no,हामी(हरू),nominative,no,गर्नेछौँ,ग र्ने छौँ,stem:गर् + end:ने + end:छौँ,empty-base > concatenate > concatenate
गर्नु,to do,C,व्यञ्जनान्त,yes,गर्,गर्,finite,future,सामान्य भविष्यत्,simple future,ta,2nd person · low grade,no,तँ,nominative,no,गर्नेछस्,ग र्ने छ स्,stem:गर् + end:ने + end:छस्,empty-base > concatenate > concatenate
गर्नु,to do,C,व्यञ्जनान्त,yes,गर्,गर्,finite,future,सामान्य भविष्यत्,simple future,timi,2nd person · mid grade,no,तिमी(हरू),nominative,no,गर्नेछौ,ग र्ने छौ,stem:गर् + end:ने + end:छौ,empty-base > concatenate > concatenate
गर्नु,to do,C,व्यञ्जनान्त,yes,गर्,गर्,finite,future,सामान्य भविष्यत्,simple future,tapai,2nd person · high grade,yes,तपाईं(हरू),nominative,no,गर्नुहुनेछ,ग र्नु हु ने छ,stem:गर्नु + aux:हुनेछ,empty-base > concatenate
गर्नु,to do,C,व्यञ्जनान्त,yes,गर्,गर्,finite,future,सामान्य भविष्यत्,simple future,u,3rd person · low grade,no,ऊ / त्यो,nominative,no,गर्नेछ,ग र्ने छ,stem:गर् + end:ने + end:छ,empty-base > concatenate > concatenate
गर्नु,to do,C,व्यञ्जनान्त,yes,गर्,गर्,finite,future,सामान्य भविष्यत्,simple future,uni,3rd person · mid grade,no,उनी / उनीहरू,nominative,no,गर्नेछन्,ग र्ने छ न्,stem:गर् + end:ने + end:छन्,empty-base > concatenate > concatenate
गर्नु,to do,C,व्यञ्जनान्त,yes,गर्,गर्,finite,future,सामान्य भविष्यत्,simple future,uha,3rd person · high grade,yes,उहाँ / वहाँ,nominative,no,गर्नुहुनेछ,ग र्नु हु ने छ,stem:गर्नु + aux:हुनेछ,empty-base > concatenate
गर्नु,to do,C,व्यञ्जनान्त,yes,गर्,गर्,finite,prob,सम्भावना,probable,ma,1st person · singular,no,म,nominative,yes,गरुँला,ग रुँ ला,stem:गर् + end:उँला,empty-base > virama-matra-fusion
गर्नु,to do,C,व्यञ्जनान्त,yes,गर्,गर्,finite,prob,सम्भावना,probable,hami,1st person · plural,no,हामी(हरू),nominative,yes,गरौँला,ग रौँ ला,stem:गर् + end:औँला,empty-base > virama-matra-fusion
गर्नु,to do,C,व्यञ्जनान्त,yes,गर्,गर्,finite,prob,सम्भावना,probable,ta,2nd person · low grade,no,तँ,nominative,yes,गर्लास्,ग र्ला स्,stem:गर् + end:लास्,empty-base > concatenate
गर्नु,to do,C,व्यञ्जनान्त,yes,गर्,गर्,finite,prob,सम्भावना,probable,timi,2nd person · mid grade,no,तिमी(हरू),nominative,yes,गरौला,ग रौ ला,stem:गर् + end:औला,empty-base > virama-matra-fusion
गर्नु,to do,C,व्यञ्जनान्त,yes,गर्,गर्,finite,prob,सम्भावना,probable,tapai,2nd person · high grade,yes,तपाईं(हरू),nominative,yes,गर्नुहोला,ग र्नु हो ला,stem:गर्नु + aux:होला,empty-base > concatenate
गर्नु,to do,C,व्यञ्जनान्त,yes,गर्,गर्,finite,prob,सम्भावना,probable,u,3rd person · low grade,no,ऊ / त्यो,nominative,yes,गर्ला,ग र्ला,stem:गर् + end:ला,empty-base > concatenate
गर्नु,to do,C,व्यञ्जनान्त,yes,गर्,गर्,finite,prob,सम्भावना,probable,uni,3rd person · mid grade,no,उनी / उनीहरू,nominative,yes,गर्लान्,ग र्ला न्,stem:गर् + end:लान्,empty-base > concatenate
गर्नु,to do,C,व्यञ्जनान्त,yes,गर्,गर्,finite,prob,सम्भावना,probable,uha,3rd person · high grade,yes,उहाँ / वहाँ,nominative,yes,गर्नुहोला,ग र्नु हो ला,stem:गर्नु + aux:होला,empty-base > concatenate
गर्नु,to do,C,व्यञ्जनान्त,yes,गर्,गर्,finite,imp,आज्ञा र इच्छा,imperative & optative,ma,1st person · singular,no,म,nominative,no,गरूँ,ग रूँ,stem:गर् + end:ऊँ,empty-base > virama-matra-fusion
गर्नु,to do,C,व्यञ्जनान्त,yes,गर्,गर्,finite,imp,आज्ञा र इच्छा,imperative & optative,hami,1st person · plural,no,हामी(हरू),nominative,no,गरौँ,ग रौँ,stem:गर् + end:औँ,empty-base > virama-matra-fusion
गर्नु,to do,C,व्यञ्जनान्त,yes,गर्,गर्,finite,imp,आज्ञा र इच्छा,imperative & optative,ta,2nd person · low grade,no,तँ,nominative,no,गर्,ग र्,stem:गर्,empty-base
गर्नु,to do,C,व्यञ्जनान्त,yes,गर्,गर्,finite,imp,आज्ञा र इच्छा,imperative & optative,timi,2nd person · mid grade,no,तिमी(हरू),nominative,no,गर,ग र,stem:गर् + end:अ,empty-base > virama-matra-fusion
गर्नु,to do,C,व्यञ्जनान्त,yes,गर्,गर्,finite,imp,आज्ञा र इच्छा,imperative & optative,tapai,2nd person · high grade,yes,तपाईं(हरू),nominative,no,गर्नुहोस्,ग र्नु हो स्,stem:गर्नु + aux:होस्,empty-base > concatenate
गर्नु,to do,C,व्यञ्जनान्त,yes,गर्,गर्,finite,imp,आज्ञा र इच्छा,imperative & optative,u,3rd person · low grade,no,ऊ / त्यो,nominative,no,गरोस्,ग रो स्,stem:गर् + end:ओस्,empty-base > virama-matra-fusion
गर्नु,to do,C,व्यञ्जनान्त,yes,गर्,गर्,finite,imp,आज्ञा र इच्छा,imperative & optative,uni,3rd person · mid grade,no,उनी / उनीहरू,nominative,no,गरून्,ग रू न्,stem:गर् + end:ऊन्,empty-base > virama-matra-fusion
गर्नु,to do,C,व्यञ्जनान्त,yes,गर्,गर्,finite,imp,आज्ञा र इच्छा,imperative & optative,uha,3rd person · high grade,yes,उहाँ / वहाँ,nominative,no,गर्नुहोस्,ग र्नु हो स्,stem:गर्नु + aux:होस्,empty-base > concatenate
गर्नु,to do,C,व्यञ्जनान्त,yes,गर्,गर्,non-finite,क्रियार्थक नाम,,dictionary form,,,,,,,गर्नु,ग र्नु,,
गर्नु,to do,C,व्यञ्जनान्त,yes,गर्,गर्,non-finite,उद्देश्यवाचक,,in order to …,,,,,,,गर्न,ग र्न,,
गर्नु,to do,C,व्यञ्जनान्त,yes,गर्,गर्,non-finite,भविष्यवाचक,,the one that will …,,,,,,,गर्ने,ग र्ने,,
गर्नु,to do,C,व्यञ्जनान्त,yes,गर्,गर्,non-finite,पूर्णकालिक,,having …-ed,,,,,,,गरेको,ग रे को,,
गर्नु,to do,C,व्यञ्जनान्त,yes,गर्,गर्,non-finite,पूर्वकालिक,,"…-ing, then",,,,,,,गरेर,ग रे र,,
गर्नु,to do,C,व्यञ्जनान्त,yes,गर्,गर्,non-finite,क्रियाविशेषण,,by …-ing,,,,,,,गरी,ग री,,
गर्नु,to do,C,व्यञ्जनान्त,yes,गर्,गर्,non-finite,अपूर्णकालिक,,while …-ing,,,,,,,गर्दै,ग र्दै,,
गर्नु,to do,C,व्यञ्जनान्त,yes,गर्,गर्,non-finite,समयवाचक,,when …-ing,,,,,,,गर्दा,ग र्दा,,
गर्नु,to do,C,व्यञ्जनान्त,yes,गर्,गर्,non-finite,सर्तवाचक,,if …,,,,,,,गरे भने,ग रे   भ ने,,
गर्नु,to do,C,व्यञ्जनान्त,yes,गर्,गर्,infinitive,,,,,,,,,,गर्नु,ग र्नु,,
भन्नु,to say,C,व्यञ्जनान्त,yes,भन्,भन्,finite,habpres,अभ्यस्त वर्तमान,habitual present,ma,1st person · singular,no,म,nominative,no,भन्छु,भ न्छु,stem:भन् + end:छु,empty-base > concatenate
भन्नु,to say,C,व्यञ्जनान्त,yes,भन्,भन्,finite,habpres,अभ्यस्त वर्तमान,habitual present,hami,1st person · plural,no,हामी(हरू),nominative,no,भन्छौँ,भ न्छौँ,stem:भन् + end:छौँ,empty-base > concatenate
भन्नु,to say,C,व्यञ्जनान्त,yes,भन्,भन्,finite,habpres,अभ्यस्त वर्तमान,habitual present,ta,2nd person · low grade,no,तँ,nominative,no,भन्छस्,भ न्छ स्,stem:भन् + end:छस्,empty-base > concatenate
भन्नु,to say,C,व्यञ्जनान्त,yes,भन्,भन्,finite,habpres,अभ्यस्त वर्तमान,habitual present,timi,2nd person · mid grade,no,तिमी(हरू),nominative,no,भन्छौ,भ न्छौ,stem:भन् + end:छौ,empty-base > concatenate
भन्नु,to say,C,व्यञ्जनान्त,yes,भन्,भन्,finite,habpres,अभ्यस्त वर्तमान,habitual present,tapai,2nd person · high grade,yes,तपाईं(हरू),nominative,no,भन्नुहुन्छ,भ न्नु हु न्छ,stem:भन्नु + aux:हुन्छ,empty-base > concatenate
भन्नु,to say,C,व्यञ्जनान्त,yes,भन्,भन्,finite,habpres,अभ्यस्त वर्तमान,habitual present,u,3rd person · low grade,no,ऊ / त्यो,nominative,no,भन्छ,भ न्छ,stem:भन् + end:छ,empty-base > concatenate
भन्नु,to say,C,व्यञ्जनान्त,yes,भन्,भन्,finite,habpres,अभ्यस्त वर्तमान,habitual present,uni,3rd person · mid grade,no,उनी / उनीहरू,nominative,no,भन्छन्,भ न्छ न्,stem:भन् + end:छन्,empty-base > concatenate
भन्नु,to say,C,व्यञ्जनान्त,yes,भन्,भन्,finite,habpres,अभ्यस्त वर्तमान,habitual present,uha,3rd person · high grade,yes,उहाँ / वहाँ,nominative,no,भन्नुहुन्छ,भ न्नु हु न्छ,stem:भन्नु + aux:हुन्छ,empty-base > concatenate
भन्नु,to say,C,व्यञ्जनान्त,yes,भन्,भन्,finite,prescont,वर्तमान निरन्तर,present continuous,ma,1st person · singular,no,म,nominative,no,भन्दैछु,भ न्दै छु,stem:भन् + end:दै + aux:छु,empty-base > concatenate > concatenate
भन्नु,to say,C,व्यञ्जनान्त,yes,भन्,भन्,finite,prescont,वर्तमान निरन्तर,present continuous,hami,1st person · plural,no,हामी(हरू),nominative,no,भन्दैछौँ,भ न्दै छौँ,stem:भन् + end:दै + aux:छौँ,empty-base > concatenate > concatenate
भन्नु,to say,C,व्यञ्जनान्त,yes,भन्,भन्,finite,prescont,वर्तमान निरन्तर,present continuous,ta,2nd person · low grade,no,तँ,nominative,no,भन्दैछस्,भ न्दै छ स्,stem:भन् + end:दै + aux:छस्,empty-base > concatenate > concatenate
भन्नु,to say,C,व्यञ्जनान्त,yes,भन्,भन्,finite,prescont,वर्तमान निरन्तर,present continuous,timi,2nd person · mid grade,no,तिमी(हरू),nominative,no,भन्दैछौ,भ न्दै छौ,stem:भन् + end:दै + aux:छौ,empty-base > concatenate > concatenate
भन्नु,to say,C,व्यञ्जनान्त,yes,भन्,भन्,finite,prescont,वर्तमान निरन्तर,present continuous,tapai,2nd person · high grade,yes,तपाईं(हरू),nominative,no,भन्दै हुनुहुन्छ,भ न्दै   हु नु हु न्छ,stem:भन् + end:दै + aux: हुनुहुन्छ,empty-base > concatenate > concatenate
भन्नु,to say,C,व्यञ्जनान्त,yes,भन्,भन्,finite,prescont,वर्तमान निरन्तर,present continuous,u,3rd person · low grade,no,ऊ / त्यो,nominative,no,भन्दैछ,भ न्दै छ,stem:भन् + end:दै + aux:छ,empty-base > concatenate > concatenate
भन्नु,to say,C,व्यञ्जनान्त,yes,भन्,भन्,finite,prescont,वर्तमान निरन्तर,present continuous,uni,3rd person · mid grade,no,उनी / उनीहरू,nominative,no,भन्दैछन्,भ न्दै छ न्,stem:भन् + end:दै + aux:छन्,empty-base > concatenate > concatenate
भन्नु,to say,C,व्यञ्जनान्त,yes,भन्,भन्,finite,prescont,वर्तमान निरन्तर,present continuous,uha,3rd person · high grade,yes,उहाँ / वहाँ,nominative,no,भन्दै हुनुहुन्छ,भ न्दै   हु नु हु न्छ,stem:भन् + end:दै + aux: हुनुहुन्छ,empty-base > concatenate > concatenate
भन्नु,to say,C,व्यञ्जनान्त,yes,भन्,भन्,finite,presperf,वर्तमान पूर्ण,present perfect,ma,1st person · singular,no,मैले,ergative -ले,no,भनेको छु,भ ने को   छु,stem:भन् + end:एको + aux: छु,empty-base > virama-matra-fusion > concatenate
भन्नु,to say,C,व्यञ्जनान्त,yes,भन्,भन्,finite,presperf,वर्तमान पूर्ण,present perfect,hami,1st person · plural,no,हामी(हरू)ले,ergative -ले,no,भनेका छौँ,भ ने का   छौँ,stem:भन् + end:एका + aux: छौँ,empty-base > virama-matra-fusion > concatenate
भन्नु,to say,C,व्यञ्जनान्त,yes,भन्,भन्,finite,presperf,वर्तमान पूर्ण,present perfect,ta,2nd person · low grade,no,तैंले,ergative -ले,no,भनेको छस्,भ ने को   छ स्,stem:भन् + end:एको + aux: छस्,empty-base > virama-matra-fusion > concatenate
भन्नु,to say,C,व्यञ्जनान्त,yes,भन्,भन्,finite,presperf,वर्तमान पूर्ण,present perfect,timi,2nd person · mid grade,no,तिमी(हरू)ले,ergative -ले,no,भनेको छौ,भ ने को   छौ,stem:भन् + end:एको + aux: छौ,empty-base > virama-matra-fusion > concatenate
भन्नु,to say,C,व्यञ्जनान्त,yes,भन्,भन्,finite,presperf,वर्तमान पूर्ण,present perfect,tapai,2nd person · high grade,yes,तपाईं(हरू)ले,ergative -ले,no,भन्नुभएको छ,भ न्नु भ ए को   छ,stem:भन्नु + aux:भएको छ,empty-base > concatenate
भन्नु,to say,C,व्यञ्जनान्त,yes,भन्,भन्,finite,presperf,वर्तमान पूर्ण,present perfect,u,3rd person · low grade,no,उसले / त्यसले,ergative -ले,no,भनेको छ,भ ने को   छ,stem:भन् + end:एको + aux: छ,empty-base > virama-matra-fusion > concatenate
भन्नु,to say,C,व्यञ्जनान्त,yes,भन्,भन्,finite,presperf,वर्तमान पूर्ण,present perfect,uni,3rd person · mid grade,no,उनले / उनीहरूले,ergative -ले,no,भनेका छन्,भ ने का   छ न्,stem:भन् + end:एका + aux: छन्,empty-base > virama-matra-fusion > concatenate
भन्नु,to say,C,व्यञ्जनान्त,yes,भन्,भन्,finite,presperf,वर्तमान पूर्ण,present perfect,uha,3rd person · high grade,yes,उहाँले,ergative -ले,no,भन्नुभएको छ,भ न्नु भ ए को   छ,stem:भन्नु + aux:भएको छ,empty-base > concatenate
भन्नु,to say,C,व्यञ्जनान्त,yes,भन्,भन्,finite,past,सामान्य भूत,simple past,ma,1st person · singular,no,मैले,ergative -ले,no,भनेँ,भ नेँ,stem:भन् + end:एँ,empty-base > virama-matra-fusion
भन्नु,to say,C,व्यञ्जनान्त,yes,भन्,भन्,finite,past,सामान्य भूत,simple past,hami,1st person · plural,no,हामी(हरू)ले,ergative -ले,no,भन्यौँ,भ न्यौँ,stem:भन् + end:यौँ,empty-base > concatenate
भन्नु,to say,C,व्यञ्जनान्त,yes,भन्,भन्,finite,past,सामान्य भूत,simple past,ta,2nd person · low grade,no,तैंले,ergative -ले,no,भनिस्,भ नि स्,stem:भन् + end:इस्,empty-base > virama-matra-fusion
भन्नु,to say,C,व्यञ्जनान्त,yes,भन्,भन्,finite,past,सामान्य भूत,simple past,timi,2nd person · mid grade,no,तिमी(हरू)ले,ergative -ले,no,भन्यौ,भ न्यौ,stem:भन् + end:यौ,empty-base > concatenate
भन्नु,to say,C,व्यञ्जनान्त,yes,भन्,भन्,finite,past,सामान्य भूत,simple past,tapai,2nd person · high grade,yes,तपाईं(हरू)ले,ergative -ले,no,भन्नुभयो,भ न्नु भ यो,stem:भन्नु + aux:भयो,empty-base > concatenate
भन्नु,to say,C,व्यञ्जनान्त,yes,भन्,भन्,finite,past,सामान्य भूत,simple past,u,3rd person · low grade,no,उसले / त्यसले,ergative -ले,no,भन्यो,भ न्यो,stem:भन् + end:यो,empty-base > concatenate
भन्नु,to say,C,व्यञ्जनान्त,yes,भन्,भन्,finite,past,सामान्य भूत,simple past,uni,3rd person · mid grade,no,उनले / उनीहरूले,ergative -ले,no,भने,भ ने,stem:भन् + end:ए,empty-base > virama-matra-fusion
भन्नु,to say,C,व्यञ्जनान्त,yes,भन्,भन्,finite,past,सामान्य भूत,simple past,uha,3rd person · high grade,yes,उहाँले,ergative -ले,no,भन्नुभयो,भ न्नु भ यो,stem:भन्नु + aux:भयो,empty-base > concatenate
भन्नु,to say,C,व्यञ्जनान्त,yes,भन्,भन्,finite,habpast,अभ्यस्त भूत,habitual past,ma,1st person · singular,no,म,nominative,no,भन्थेँ,भ न्थेँ,stem:भन् + end:थेँ,empty-base > concatenate
भन्नु,to say,C,व्यञ्जनान्त,yes,भन्,भन्,finite,habpast,अभ्यस्त भूत,habitual past,hami,1st person · plural,no,हामी(हरू),nominative,no,भन्थ्यौँ,भ न्थ्यौँ,stem:भन् + end:थ्यौँ,empty-base > concatenate
भन्नु,to say,C,व्यञ्जनान्त,yes,भन्,भन्,finite,habpast,अभ्यस्त भूत,habitual past,ta,2nd person · low grade,no,तँ,nominative,no,भन्थिस्,भ न्थि स्,stem:भन् + end:थिस्,empty-base > concatenate
भन्नु,to say,C,व्यञ्जनान्त,yes,भन्,भन्,finite,habpast,अभ्यस्त भूत,habitual past,timi,2nd person · mid grade,no,तिमी(हरू),nominative,no,भन्थ्यौ,भ न्थ्यौ,stem:भन् + end:थ्यौ,empty-base > concatenate
भन्नु,to say,C,व्यञ्जनान्त,yes,भन्,भन्,finite,habpast,अभ्यस्त भूत,habitual past,tapai,2nd person · high grade,yes,तपाईं(हरू),nominative,no,भन्नुहुन्थ्यो,भ न्नु हु न्थ्यो,stem:भन्नु + aux:हुन्थ्यो,empty-base > concatenate
भन्नु,to say,C,व्यञ्जनान्त,yes,भन्,भन्,finite,habpast,अभ्यस्त भूत,habitual past,u,3rd person · low grade,no,ऊ / त्यो,nominative,no,भन्थ्यो,भ न्थ्यो,stem:भन् + end:थ्यो,empty-base > concatenate
भन्नु,to say,C,व्यञ्जनान्त,yes,भन्,भन्,finite,habpast,अभ्यस्त भूत,habitual past,uni,3rd person · mid grade,no,उनी / उनीहरू,nominative,no,भन्थे,भ न्थे,stem:भन् + end:थे,empty-base > concatenate
भन्नु,to say,C,व्यञ्जनान्त,yes,भन्,भन्,finite,habpast,अभ्यस्त भूत,habitual past,uha,3rd person · high grade,yes,उहाँ / वहाँ,nominative,no,भन्नुहुन्थ्यो,भ न्नु हु न्थ्यो,stem:भन्नु + aux:हुन्थ्यो,empty-base > concatenate
भन्नु,to say,C,व्यञ्जनान्त,yes,भन्,भन्,finite,pastcont,भूत निरन्तर,past continuous,ma,1st person · singular,no,म,nominative,no,भन्दै थिएँ,भ न्दै   थि एँ,stem:भन् + end:दै + aux: थिएँ,empty-base > concatenate > concatenate
भन्नु,to say,C,व्यञ्जनान्त,yes,भन्,भन्,finite,pastcont,भूत निरन्तर,past continuous,hami,1st person · plural,no,हामी(हरू),nominative,no,भन्दै थियौँ,भ न्दै   थि यौँ,stem:भन् + end:दै + aux: थियौँ,empty-base > concatenate > concatenate
भन्नु,to say,C,व्यञ्जनान्त,yes,भन्,भन्,finite,pastcont,भूत निरन्तर,past continuous,ta,2nd person · low grade,no,तँ,nominative,no,भन्दै थिइस्,भ न्दै   थि इ स्,stem:भन् + end:दै + aux: थिइस्,empty-base > concatenate > concatenate
भन्नु,to say,C,व्यञ्जनान्त,yes,भन्,भन्,finite,pastcont,भूत निरन्तर,past continuous,timi,2nd person · mid grade,no,तिमी(हरू),nominative,no,भन्दै थियौ,भ न्दै   थि यौ,stem:भन् + end:दै + aux: थियौ,empty-base > concatenate > concatenate
भन्नु,to say,C,व्यञ्जनान्त,yes,भन्,भन्,finite,pastcont,भूत निरन्तर,past continuous,tapai,2nd person · high grade,yes,तपाईं(हरू),nominative,no,भन्दै हुनुहुन्थ्यो,भ न्दै   हु नु हु न्थ्यो,stem:भन् + end:दै + aux: हुनुहुन्थ्यो,empty-base > concatenate > concatenate
भन्नु,to say,C,व्यञ्जनान्त,yes,भन्,भन्,finite,pastcont,भूत निरन्तर,past continuous,u,3rd person · low grade,no,ऊ / त्यो,nominative,no,भन्दै थियो,भ न्दै   थि यो,stem:भन् + end:दै + aux: थियो,empty-base > concatenate > concatenate
भन्नु,to say,C,व्यञ्जनान्त,yes,भन्,भन्,finite,pastcont,भूत निरन्तर,past continuous,uni,3rd person · mid grade,no,उनी / उनीहरू,nominative,no,भन्दै थिए,भ न्दै   थि ए,stem:भन् + end:दै + aux: थिए,empty-base > concatenate > concatenate
भन्नु,to say,C,व्यञ्जनान्त,yes,भन्,भन्,finite,pastcont,भूत निरन्तर,past continuous,uha,3rd person · high grade,yes,उहाँ / वहाँ,nominative,no,भन्दै हुनुहुन्थ्यो,भ न्दै   हु नु हु न्थ्यो,stem:भन् + end:दै + aux: हुनुहुन्थ्यो,empty-base > concatenate > concatenate
भन्नु,to say,C,व्यञ्जनान्त,yes,भन्,भन्,finite,pastperf,भूत पूर्ण,past perfect,ma,1st person · singular,no,मैले,ergative -ले,no,भनेको थिएँ,भ ने को   थि एँ,stem:भन् + end:एको + aux: थिएँ,empty-base > virama-matra-fusion > concatenate
भन्नु,to say,C,व्यञ्जनान्त,yes,भन्,भन्,finite,pastperf,भूत पूर्ण,past perfect,hami,1st person · plural,no,हामी(हरू)ले,ergative -ले,no,भनेका थियौँ,भ ने का   थि यौँ,stem:भन् + end:एका + aux: थियौँ,empty-base > virama-matra-fusion > concatenate
भन्नु,to say,C,व्यञ्जनान्त,yes,भन्,भन्,finite,pastperf,भूत पूर्ण,past perfect,ta,2nd person · low grade,no,तैंले,ergative -ले,no,भनेको थिइस्,भ ने को   थि इ स्,stem:भन् + end:एको + aux: थिइस्,empty-base > virama-matra-fusion > concatenate
भन्नु,to say,C,व्यञ्जनान्त,yes,भन्,भन्,finite,pastperf,भूत पूर्ण,past perfect,timi,2nd person · mid grade,no,तिमी(हरू)ले,ergative -ले,no,भनेको थियौ,भ ने को   थि यौ,stem:भन् + end:एको + aux: थियौ,empty-base > virama-matra-fusion > concatenate
भन्नु,to say,C,व्यञ्जनान्त,yes,भन्,भन्,finite,pastperf,भूत पूर्ण,past perfect,tapai,2nd person · high grade,yes,तपाईं(हरू)ले,ergative -ले,no,भन्नुभएको थियो,भ न्नु भ ए को   थि यो,stem:भन्नु + aux:भएको थियो,empty-base > concatenate
भन्नु,to say,C,व्यञ्जनान्त,yes,भन्,भन्,finite,pastperf,भूत पूर्ण,past perfect,u,3rd person · low grade,no,उसले / त्यसले,ergative -ले,no,भनेको थियो,भ ने को   थि यो,stem:भन् + end:एको + aux: थियो,empty-base > virama-matra-fusion > concatenate
भन्नु,to say,C,व्यञ्जनान्त,yes,भन्,भन्,finite,pastperf,भूत पूर्ण,past perfect,uni,3rd person · mid grade,no,उनले / उनीहरूले,ergative -ले,no,भनेका थिए,भ ने का   थि ए,stem:भन् + end:एका + aux: थिए,empty-base > virama-matra-fusion > concatenate
भन्नु,to say,C,व्यञ्जनान्त,yes,भन्,भन्,finite,pastperf,भूत पूर्ण,past perfect,uha,3rd person · high grade,yes,उहाँले,ergative -ले,no,भन्नुभएको थियो,भ न्नु भ ए को   थि यो,stem:भन्नु + aux:भएको थियो,empty-base > concatenate
भन्नु,to say,C,व्यञ्जनान्त,yes,भन्,भन्,finite,future,सामान्य भविष्यत्,simple future,ma,1st person · singular,no,म,nominative,no,भन्नेछु,भ न्ने छु,stem:भन् + end:ने + end:छु,empty-base > concatenate > concatenate
भन्नु,to say,C,व्यञ्जनान्त,yes,भन्,भन्,finite,future,सामान्य भविष्यत्,simple future,hami,1st person · plural,no,हामी(हरू),nominative,no,भन्नेछौँ,भ न्ने छौँ,stem:भन् + end:ने + end:छौँ,empty-base > concatenate > concatenate
भन्नु,to say,C,व्यञ्जनान्त,yes,भन्,भन्,finite,future,सामान्य भविष्यत्,simple future,ta,2nd person · low grade,no,तँ,nominative,no,भन्नेछस्,भ न्ने छ स्,stem:भन् + end:ने + end:छस्,empty-base > concatenate > concatenate
भन्नु,to say,C,व्यञ्जनान्त,yes,भन्,भन्,finite,future,सामान्य भविष्यत्,simple future,timi,2nd person · mid grade,no,तिमी(हरू),nominative,no,भन्नेछौ,भ न्ने छौ,stem:भन् + end:ने + end:छौ,empty-base > concatenate > concatenate
भन्नु,to say,C,व्यञ्जनान्त,yes,भन्,भन्,finite,future,सामान्य भविष्यत्,simple future,tapai,2nd person · high grade,yes,तपाईं(हरू),nominative,no,भन्नुहुनेछ,भ न्नु हु ने छ,stem:भन्नु + aux:हुनेछ,empty-base > concatenate
भन्नु,to say,C,व्यञ्जनान्त,yes,भन्,भन्,finite,future,सामान्य भविष्यत्,simple future,u,3rd person · low grade,no,ऊ / त्यो,nominative,no,भन्नेछ,भ न्ने छ,stem:भन् + end:ने + end:छ,empty-base > concatenate > concatenate
भन्नु,to say,C,व्यञ्जनान्त,yes,भन्,भन्,finite,future,सामान्य भविष्यत्,simple future,uni,3rd person · mid grade,no,उनी / उनीहरू,nominative,no,भन्नेछन्,भ न्ने छ न्,stem:भन् + end:ने + end:छन्,empty-base > concatenate > concatenate
भन्नु,to say,C,व्यञ्जनान्त,yes,भन्,भन्,finite,future,सामान्य भविष्यत्,simple future,uha,3rd person · high grade,yes,उहाँ / वहाँ,nominative,no,भन्नुहुनेछ,भ न्नु हु ने छ,stem:भन्नु + aux:हुनेछ,empty-base > concatenate
भन्नु,to say,C,व्यञ्जनान्त,yes,भन्,भन्,finite,prob,सम्भावना,probable,ma,1st person · singular,no,म,nominative,yes,भनुँला,भ नुँ ला,stem:भन् + end:उँला,empty-base > virama-matra-fusion
भन्नु,to say,C,व्यञ्जनान्त,yes,भन्,भन्,finite,prob,सम्भावना,probable,hami,1st person · plural,no,हामी(हरू),nominative,yes,भनौँला,भ नौँ ला,stem:भन् + end:औँला,empty-base > virama-matra-fusion
भन्नु,to say,C,व्यञ्जनान्त,yes,भन्,भन्,finite,prob,सम्भावना,probable,ta,2nd person · low grade,no,तँ,nominative,yes,भन्लास्,भ न्ला स्,stem:भन् + end:लास्,empty-base > concatenate
भन्नु,to say,C,व्यञ्जनान्त,yes,भन्,भन्,finite,prob,सम्भावना,probable,timi,2nd person · mid grade,no,तिमी(हरू),nominative,yes,भनौला,भ नौ ला,stem:भन् + end:औला,empty-base > virama-matra-fusion
भन्नु,to say,C,व्यञ्जनान्त,yes,भन्,भन्,finite,prob,सम्भावना,probable,tapai,2nd person · high grade,yes,तपाईं(हरू),nominative,yes,भन्नुहोला,भ न्नु हो ला,stem:भन्नु + aux:होला,empty-base > concatenate
भन्नु,to say,C,व्यञ्जनान्त,yes,भन्,भन्,finite,prob,सम्भावना,probable,u,3rd person · low grade,no,ऊ / त्यो,nominative,yes,भन्ला,भ न्ला,stem:भन् + end:ला,empty-base > concatenate
भन्नु,to say,C,व्यञ्जनान्त,yes,भन्,भन्,finite,prob,सम्भावना,probable,uni,3rd person · mid grade,no,उनी / उनीहरू,nominative,yes,भन्लान्,भ न्ला न्,stem:भन् + end:लान्,empty-base > concatenate
भन्नु,to say,C,व्यञ्जनान्त,yes,भन्,भन्,finite,prob,सम्भावना,probable,uha,3rd person · high grade,yes,उहाँ / वहाँ,nominative,yes,भन्नुहोला,भ न्नु हो ला,stem:भन्नु + aux:होला,empty-base > concatenate
भन्नु,to say,C,व्यञ्जनान्त,yes,भन्,भन्,finite,imp,आज्ञा र इच्छा,imperative & optative,ma,1st person · singular,no,म,nominative,no,भनूँ,भ नूँ,stem:भन् + end:ऊँ,empty-base > virama-matra-fusion
भन्नु,to say,C,व्यञ्जनान्त,yes,भन्,भन्,finite,imp,आज्ञा र इच्छा,imperative & optative,hami,1st person · plural,no,हामी(हरू),nominative,no,भनौँ,भ नौँ,stem:भन् + end:औँ,empty-base > virama-matra-fusion
भन्नु,to say,C,व्यञ्जनान्त,yes,भन्,भन्,finite,imp,आज्ञा र इच्छा,imperative & optative,ta,2nd person · low grade,no,तँ,nominative,no,भन्,भ न्,stem:भन्,empty-base
भन्नु,to say,C,व्यञ्जनान्त,yes,भन्,भन्,finite,imp,आज्ञा र इच्छा,imperative & optative,timi,2nd person · mid grade,no,तिमी(हरू),nominative,no,भन,भ न,stem:भन् + end:अ,empty-base > virama-matra-fusion
भन्नु,to say,C,व्यञ्जनान्त,yes,भन्,भन्,finite,imp,आज्ञा र इच्छा,imperative & optative,tapai,2nd person · high grade,yes,तपाईं(हरू),nominative,no,भन्नुहोस्,भ न्नु हो स्,stem:भन्नु + aux:होस्,empty-base > concatenate
भन्नु,to say,C,व्यञ्जनान्त,yes,भन्,भन्,finite,imp,आज्ञा र इच्छा,imperative & optative,u,3rd person · low grade,no,ऊ / त्यो,nominative,no,भनोस्,भ नो स्,stem:भन् + end:ओस्,empty-base > virama-matra-fusion
भन्नु,to say,C,व्यञ्जनान्त,yes,भन्,भन्,finite,imp,आज्ञा र इच्छा,imperative & optative,uni,3rd person · mid grade,no,उनी / उनीहरू,nominative,no,भनून्,भ नू न्,stem:भन् + end:ऊन्,empty-base > virama-matra-fusion
भन्नु,to say,C,व्यञ्जनान्त,yes,भन्,भन्,finite,imp,आज्ञा र इच्छा,imperative & optative,uha,3rd person · high grade,yes,उहाँ / वहाँ,nominative,no,भन्नुहोस्,भ न्नु हो स्,stem:भन्नु + aux:होस्,empty-base > concatenate
भन्नु,to say,C,व्यञ्जनान्त,yes,भन्,भन्,non-finite,क्रियार्थक नाम,,dictionary form,,,,,,,भन्नु,भ न्नु,,
भन्नु,to say,C,व्यञ्जनान्त,yes,भन्,भन्,non-finite,उद्देश्यवाचक,,in order to …,,,,,,,भन्न,भ न्न,,
भन्नु,to say,C,व्यञ्जनान्त,yes,भन्,भन्,non-finite,भविष्यवाचक,,the one that will …,,,,,,,भन्ने,भ न्ने,,
भन्नु,to say,C,व्यञ्जनान्त,yes,भन्,भन्,non-finite,पूर्णकालिक,,having …-ed,,,,,,,भनेको,भ ने को,,
भन्नु,to say,C,व्यञ्जनान्त,yes,भन्,भन्,non-finite,पूर्वकालिक,,"…-ing, then",,,,,,,भनेर,भ ने र,,
भन्नु,to say,C,व्यञ्जनान्त,yes,भन्,भन्,non-finite,क्रियाविशेषण,,by …-ing,,,,,,,भनी,भ नी,,
भन्नु,to say,C,व्यञ्जनान्त,yes,भन्,भन्,non-finite,अपूर्णकालिक,,while …-ing,,,,,,,भन्दै,भ न्दै,,
भन्नु,to say,C,व्यञ्जनान्त,yes,भन्,भन्,non-finite,समयवाचक,,when …-ing,,,,,,,भन्दा,भ न्दा,,
भन्नु,to say,C,व्यञ्जनान्त,yes,भन्,भन्,non-finite,सर्तवाचक,,if …,,,,,,,भने भने,भ ने   भ ने,,
भन्नु,to say,C,व्यञ्जनान्त,yes,भन्,भन्,infinitive,,,,,,,,,,भन्नु,भ न्नु,,
हेर्नु,to look,C,व्यञ्जनान्त,yes,हेर्,हेर्,finite,habpres,अभ्यस्त वर्तमान,habitual present,ma,1st person · singular,no,म,nominative,no,हेर्छु,हे र्छु,stem:हेर् + end:छु,empty-base > concatenate
हेर्नु,to look,C,व्यञ्जनान्त,yes,हेर्,हेर्,finite,habpres,अभ्यस्त वर्तमान,habitual present,hami,1st person · plural,no,हामी(हरू),nominative,no,हेर्छौँ,हे र्छौँ,stem:हेर् + end:छौँ,empty-base > concatenate
हेर्नु,to look,C,व्यञ्जनान्त,yes,हेर्,हेर्,finite,habpres,अभ्यस्त वर्तमान,habitual present,ta,2nd person · low grade,no,तँ,nominative,no,हेर्छस्,हे र्छ स्,stem:हेर् + end:छस्,empty-base > concatenate
हेर्नु,to look,C,व्यञ्जनान्त,yes,हेर्,हेर्,finite,habpres,अभ्यस्त वर्तमान,habitual present,timi,2nd person · mid grade,no,तिमी(हरू),nominative,no,हेर्छौ,हे र्छौ,stem:हेर् + end:छौ,empty-base > concatenate
हेर्नु,to look,C,व्यञ्जनान्त,yes,हेर्,हेर्,finite,habpres,अभ्यस्त वर्तमान,habitual present,tapai,2nd person · high grade,yes,तपाईं(हरू),nominative,no,हेर्नुहुन्छ,हे र्नु हु न्छ,stem:हेर्नु + aux:हुन्छ,empty-base > concatenate
हेर्नु,to look,C,व्यञ्जनान्त,yes,हेर्,हेर्,finite,habpres,अभ्यस्त वर्तमान,habitual present,u,3rd person · low grade,no,ऊ / त्यो,nominative,no,हेर्छ,हे र्छ,stem:हेर् + end:छ,empty-base > concatenate
हेर्नु,to look,C,व्यञ्जनान्त,yes,हेर्,हेर्,finite,habpres,अभ्यस्त वर्तमान,habitual present,uni,3rd person · mid grade,no,उनी / उनीहरू,nominative,no,हेर्छन्,हे र्छ न्,stem:हेर् + end:छन्,empty-base > concatenate
हेर्नु,to look,C,व्यञ्जनान्त,yes,हेर्,हेर्,finite,habpres,अभ्यस्त वर्तमान,habitual present,uha,3rd person · high grade,yes,उहाँ / वहाँ,nominative,no,हेर्नुहुन्छ,हे र्नु हु न्छ,stem:हेर्नु + aux:हुन्छ,empty-base > concatenate
हेर्नु,to look,C,व्यञ्जनान्त,yes,हेर्,हेर्,finite,prescont,वर्तमान निरन्तर,present continuous,ma,1st person · singular,no,म,nominative,no,हेर्दैछु,हे र्दै छु,stem:हेर् + end:दै + aux:छु,empty-base > concatenate > concatenate
हेर्नु,to look,C,व्यञ्जनान्त,yes,हेर्,हेर्,finite,prescont,वर्तमान निरन्तर,present continuous,hami,1st person · plural,no,हामी(हरू),nominative,no,हेर्दैछौँ,हे र्दै छौँ,stem:हेर् + end:दै + aux:छौँ,empty-base > concatenate > concatenate
हेर्नु,to look,C,व्यञ्जनान्त,yes,हेर्,हेर्,finite,prescont,वर्तमान निरन्तर,present continuous,ta,2nd person · low grade,no,तँ,nominative,no,हेर्दैछस्,हे र्दै छ स्,stem:हेर् + end:दै + aux:छस्,empty-base > concatenate > concatenate
हेर्नु,to look,C,व्यञ्जनान्त,yes,हेर्,हेर्,finite,prescont,वर्तमान निरन्तर,present continuous,timi,2nd person · mid grade,no,तिमी(हरू),nominative,no,हेर्दैछौ,हे र्दै छौ,stem:हेर् + end:दै + aux:छौ,empty-base > concatenate > concatenate
हेर्नु,to look,C,व्यञ्जनान्त,yes,हेर्,हेर्,finite,prescont,वर्तमान निरन्तर,present continuous,tapai,2nd person · high grade,yes,तपाईं(हरू),nominative,no,हेर्दै हुनुहुन्छ,हे र्दै   हु नु हु न्छ,stem:हेर् + end:दै + aux: हुनुहुन्छ,empty-base > concatenate > concatenate
हेर्नु,to look,C,व्यञ्जनान्त,yes,हेर्,हेर्,finite,prescont,वर्तमान निरन्तर,present continuous,u,3rd person · low grade,no,ऊ / त्यो,nominative,no,हेर्दैछ,हे र्दै छ,stem:हेर् + end:दै + aux:छ,empty-base > concatenate > concatenate
हेर्नु,to look,C,व्यञ्जनान्त,yes,हेर्,हेर्,finite,prescont,वर्तमान निरन्तर,present continuous,uni,3rd person · mid grade,no,उनी / उनीहरू,nominative,no,हेर्दैछन्,हे र्दै छ न्,stem:हेर् + end:दै + aux:छन्,empty-base > concatenate > concatenate
हेर्नु,to look,C,व्यञ्जनान्त,yes,हेर्,हेर्,finite,prescont,वर्तमान निरन्तर,present continuous,uha,3rd person · high grade,yes,उहाँ / वहाँ,nominative,no,हेर्दै हुनुहुन्छ,हे र्दै   हु नु हु न्छ,stem:हेर् + end:दै + aux: हुनुहुन्छ,empty-base > concatenate > concatenate
हेर्नु,to look,C,व्यञ्जनान्त,yes,हेर्,हेर्,finite,presperf,वर्तमान पूर्ण,present perfect,ma,1st person · singular,no,मैले,ergative -ले,no,हेरेको छु,हे रे को   छु,stem:हेर् + end:एको + aux: छु,empty-base > virama-matra-fusion > concatenate
हेर्नु,to look,C,व्यञ्जनान्त,yes,हेर्,हेर्,finite,presperf,वर्तमान पूर्ण,present perfect,hami,1st person · plural,no,हामी(हरू)ले,ergative -ले,no,हेरेका छौँ,हे रे का   छौँ,stem:हेर् + end:एका + aux: छौँ,empty-base > virama-matra-fusion > concatenate
हेर्नु,to look,C,व्यञ्जनान्त,yes,हेर्,हेर्,finite,presperf,वर्तमान पूर्ण,present perfect,ta,2nd person · low grade,no,तैंले,ergative -ले,no,हेरेको छस्,हे रे को   छ स्,stem:हेर् + end:एको + aux: छस्,empty-base > virama-matra-fusion > concatenate
हेर्नु,to look,C,व्यञ्जनान्त,yes,हेर्,हेर्,finite,presperf,वर्तमान पूर्ण,present perfect,timi,2nd person · mid grade,no,तिमी(हरू)ले,ergative -ले,no,हेरेको छौ,हे रे को   छौ,stem:हेर् + end:एको + aux: छौ,empty-base > virama-matra-fusion > concatenate
हेर्नु,to look,C,व्यञ्जनान्त,yes,हेर्,हेर्,finite,presperf,वर्तमान पूर्ण,present perfect,tapai,2nd person · high grade,yes,तपाईं(हरू)ले,ergative -ले,no,हेर्नुभएको छ,हे र्नु भ ए को   छ,stem:हेर्नु + aux:भएको छ,empty-base > concatenate
हेर्नु,to look,C,व्यञ्जनान्त,yes,हेर्,हेर्,finite,presperf,वर्तमान पूर्ण,present perfect,u,3rd person · low grade,no,उसले / त्यसले,ergative -ले,no,हेरेको छ,हे रे को   छ,stem:हेर् + end:एको + aux: छ,empty-base > virama-matra-fusion > concatenate
हेर्नु,to look,C,व्यञ्जनान्त,yes,हेर्,हेर्,finite,presperf,वर्तमान पूर्ण,present perfect,uni,3rd person · mid grade,no,उनले / उनीहरूले,ergative -ले,no,हेरेका छन्,हे रे का   छ न्,stem:हेर् + end:एका + aux: छन्,empty-base > virama-matra-fusion > concatenate
हेर्नु,to look,C,व्यञ्जनान्त,yes,हेर्,हेर्,finite,presperf,वर्तमान पूर्ण,present perfect,uha,3rd person · high grade,yes,उहाँले,ergative -ले,no,हेर्नुभएको छ,हे र्नु भ ए को   छ,stem:हेर्नु + aux:भएको छ,empty-base > concatenate
हेर्नु,to look,C,व्यञ्जनान्त,yes,हेर्,हेर्,finite,past,सामान्य भूत,simple past,ma,1st person · singular,no,मैले,ergative -ले,no,हेरेँ,हे रेँ,stem:हेर् + end:एँ,empty-base > virama-matra-fusion
हेर्नु,to look,C,व्यञ्जनान्त,yes,हेर्,हेर्,finite,past,सामान्य भूत,simple past,hami,1st person · plural,no,हामी(हरू)ले,ergative -ले,no,हेर्यौँ,हे र्यौँ,stem:हेर् + end:यौँ,empty-base > concatenate
हेर्नु,to look,C,व्यञ्जनान्त,yes,हेर्,हेर्,finite,past,सामान्य भूत,simple past,ta,2nd person · low grade,no,तैंले,ergative -ले,no,हेरिस्,हे रि स्,stem:हेर् + end:इस्,empty-base > virama-matra-fusion
हेर्नु,to look,C,व्यञ्जनान्त,yes,हेर्,हेर्,finite,past,सामान्य भूत,simple past,timi,2nd person · mid grade,no,तिमी(हरू)ले,ergative -ले,no,हेर्यौ,हे र्यौ,stem:हेर् + end:यौ,empty-base > concatenate
हेर्नु,to look,C,व्यञ्जनान्त,yes,हेर्,हेर्,finite,past,सामान्य भूत,simple past,tapai,2nd person · high grade,yes,तपाईं(हरू)ले,ergative -ले,no,हेर्नुभयो,हे र्नु भ यो,stem:हेर्नु + aux:भयो,empty-base > concatenate
हेर्नु,to look,C,व्यञ्जनान्त,yes,हेर्,हेर्,finite,past,सामान्य भूत,simple past,u,3rd person · low grade,no,उसले / त्यसले,ergative -ले,no,हेर्यो,हे र्यो,stem:हेर् + end:यो,empty-base > concatenate
हेर्नु,to look,C,व्यञ्जनान्त,yes,हेर्,हेर्,finite,past,सामान्य भूत,simple past,uni,3rd person · mid grade,no,उनले / उनीहरूले,ergative -ले,no,हेरे,हे रे,stem:हेर् + end:ए,empty-base > virama-matra-fusion
हेर्नु,to look,C,व्यञ्जनान्त,yes,हेर्,हेर्,finite,past,सामान्य भूत,simple past,uha,3rd person · high grade,yes,उहाँले,ergative -ले,no,हेर्नुभयो,हे र्नु भ यो,stem:हेर्नु + aux:भयो,empty-base > concatenate
हेर्नु,to look,C,व्यञ्जनान्त,yes,हेर्,हेर्,finite,habpast,अभ्यस्त भूत,habitual past,ma,1st person · singular,no,म,nominative,no,हेर्थेँ,हे र्थेँ,stem:हेर् + end:थेँ,empty-base > concatenate
हेर्नु,to look,C,व्यञ्जनान्त,yes,हेर्,हेर्,finite,habpast,अभ्यस्त भूत,habitual past,hami,1st person · plural,no,हामी(हरू),nominative,no,हेर्थ्यौँ,हे र्थ्यौँ,stem:हेर् + end:थ्यौँ,empty-base > concatenate
हेर्नु,to look,C,व्यञ्जनान्त,yes,हेर्,हेर्,finite,habpast,अभ्यस्त भूत,habitual past,ta,2nd person · low grade,no,तँ,nominative,no,हेर्थिस्,हे र्थि स्,stem:हेर् + end:थिस्,empty-base > concatenate
हेर्नु,to look,C,व्यञ्जनान्त,yes,हेर्,हेर्,finite,habpast,अभ्यस्त भूत,habitual past,timi,2nd person · mid grade,no,तिमी(हरू),nominative,no,हेर्थ्यौ,हे र्थ्यौ,stem:हेर् + end:थ्यौ,empty-base > concatenate
हेर्नु,to look,C,व्यञ्जनान्त,yes,हेर्,हेर्,finite,habpast,अभ्यस्त भूत,habitual past,tapai,2nd person · high grade,yes,तपाईं(हरू),nominative,no,हेर्नुहुन्थ्यो,हे र्नु हु न्थ्यो,stem:हेर्नु + aux:हुन्थ्यो,empty-base > concatenate
हेर्नु,to look,C,व्यञ्जनान्त,yes,हेर्,हेर्,finite,habpast,अभ्यस्त भूत,habitual past,u,3rd person · low grade,no,ऊ / त्यो,nominative,no,हेर्थ्यो,हे र्थ्यो,stem:हेर् + end:थ्यो,empty-base > concatenate
हेर्नु,to look,C,व्यञ्जनान्त,yes,हेर्,हेर्,finite,habpast,अभ्यस्त भूत,habitual past,uni,3rd person · mid grade,no,उनी / उनीहरू,nominative,no,हेर्थे,हे र्थे,stem:हेर् + end:थे,empty-base > concatenate
हेर्नु,to look,C,व्यञ्जनान्त,yes,हेर्,हेर्,finite,habpast,अभ्यस्त भूत,habitual past,uha,3rd person · high grade,yes,उहाँ / वहाँ,nominative,no,हेर्नुहुन्थ्यो,हे र्नु हु न्थ्यो,stem:हेर्नु + aux:हुन्थ्यो,empty-base > concatenate
हेर्नु,to look,C,व्यञ्जनान्त,yes,हेर्,हेर्,finite,pastcont,भूत निरन्तर,past continuous,ma,1st person · singular,no,म,nominative,no,हेर्दै थिएँ,हे र्दै   थि एँ,stem:हेर् + end:दै + aux: थिएँ,empty-base > concatenate > concatenate
हेर्नु,to look,C,व्यञ्जनान्त,yes,हेर्,हेर्,finite,pastcont,भूत निरन्तर,past continuous,hami,1st person · plural,no,हामी(हरू),nominative,no,हेर्दै थियौँ,हे र्दै   थि यौँ,stem:हेर् + end:दै + aux: थियौँ,empty-base > concatenate > concatenate
हेर्नु,to look,C,व्यञ्जनान्त,yes,हेर्,हेर्,finite,pastcont,भूत निरन्तर,past continuous,ta,2nd person · low grade,no,तँ,nominative,no,हेर्दै थिइस्,हे र्दै   थि इ स्,stem:हेर् + end:दै + aux: थिइस्,empty-base > concatenate > concatenate
हेर्नु,to look,C,व्यञ्जनान्त,yes,हेर्,हेर्,finite,pastcont,भूत निरन्तर,past continuous,timi,2nd person · mid grade,no,तिमी(हरू),nominative,no,हेर्दै थियौ,हे र्दै   थि यौ,stem:हेर् + end:दै + aux: थियौ,empty-base > concatenate > concatenate
हेर्नु,to look,C,व्यञ्जनान्त,yes,हेर्,हेर्,finite,pastcont,भूत निरन्तर,past continuous,tapai,2nd person · high grade,yes,तपाईं(हरू),nominative,no,हेर्दै हुनुहुन्थ्यो,हे र्दै   हु नु हु न्थ्यो,stem:हेर् + end:दै + aux: हुनुहुन्थ्यो,empty-base > concatenate > concatenate
हेर्नु,to look,C,व्यञ्जनान्त,yes,हेर्,हेर्,finite,pastcont,भूत निरन्तर,past continuous,u,3rd person · low grade,no,ऊ / त्यो,nominative,no,हेर्दै थियो,हे र्दै   थि यो,stem:हेर् + end:दै + aux: थियो,empty-base > concatenate > concatenate
हेर्नु,to look,C,व्यञ्जनान्त,yes,हेर्,हेर्,finite,pastcont,भूत निरन्तर,past continuous,uni,3rd person · mid grade,no,उनी / उनीहरू,nominative,no,हेर्दै थिए,हे र्दै   थि ए,stem:हेर् + end:दै + aux: थिए,empty-base > concatenate > concatenate
हेर्नु,to look,C,व्यञ्जनान्त,yes,हेर्,हेर्,finite,pastcont,भूत निरन्तर,past continuous,uha,3rd person · high grade,yes,उहाँ / वहाँ,nominative,no,हेर्दै हुनुहुन्थ्यो,हे र्दै   हु नु हु न्थ्यो,stem:हेर् + end:दै + aux: हुनुहुन्थ्यो,empty-base > concatenate > concatenate
हेर्नु,to look,C,व्यञ्जनान्त,yes,हेर्,हेर्,finite,pastperf,भूत पूर्ण,past perfect,ma,1st person · singular,no,मैले,ergative -ले,no,हेरेको थिएँ,हे रे को   थि एँ,stem:हेर् + end:एको + aux: थिएँ,empty-base > virama-matra-fusion > concatenate
हेर्नु,to look,C,व्यञ्जनान्त,yes,हेर्,हेर्,finite,pastperf,भूत पूर्ण,past perfect,hami,1st person · plural,no,हामी(हरू)ले,ergative -ले,no,हेरेका थियौँ,हे रे का   थि यौँ,stem:हेर् + end:एका + aux: थियौँ,empty-base > virama-matra-fusion > concatenate
हेर्नु,to look,C,व्यञ्जनान्त,yes,हेर्,हेर्,finite,pastperf,भूत पूर्ण,past perfect,ta,2nd person · low grade,no,तैंले,ergative -ले,no,हेरेको थिइस्,हे रे को   थि इ स्,stem:हेर् + end:एको + aux: थिइस्,empty-base > virama-matra-fusion > concatenate
हेर्नु,to look,C,व्यञ्जनान्त,yes,हेर्,हेर्,finite,pastperf,भूत पूर्ण,past perfect,timi,2nd person · mid grade,no,तिमी(हरू)ले,ergative -ले,no,हेरेको थियौ,हे रे को   थि यौ,stem:हेर् + end:एको + aux: थियौ,empty-base > virama-matra-fusion > concatenate
हेर्नु,to look,C,व्यञ्जनान्त,yes,हेर्,हेर्,finite,pastperf,भूत पूर्ण,past perfect,tapai,2nd person · high grade,yes,तपाईं(हरू)ले,ergative -ले,no,हेर्नुभएको थियो,हे र्नु भ ए को   थि यो,stem:हेर्नु + aux:भएको थियो,empty-base > concatenate
हेर्नु,to look,C,व्यञ्जनान्त,yes,हेर्,हेर्,finite,pastperf,भूत पूर्ण,past perfect,u,3rd person · low grade,no,उसले / त्यसले,ergative -ले,no,हेरेको थियो,हे रे को   थि यो,stem:हेर् + end:एको + aux: थियो,empty-base > virama-matra-fusion > concatenate
हेर्नु,to look,C,व्यञ्जनान्त,yes,हेर्,हेर्,finite,pastperf,भूत पूर्ण,past perfect,uni,3rd person · mid grade,no,उनले / उनीहरूले,ergative -ले,no,हेरेका थिए,हे रे का   थि ए,stem:हेर् + end:एका + aux: थिए,empty-base > virama-matra-fusion > concatenate
हेर्नु,to look,C,व्यञ्जनान्त,yes,हेर्,हेर्,finite,pastperf,भूत पूर्ण,past perfect,uha,3rd person · high grade,yes,उहाँले,ergative -ले,no,हेर्नुभएको थियो,हे र्नु भ ए को   थि यो,stem:हेर्नु + aux:भएको थियो,empty-base > concatenate
हेर्नु,to look,C,व्यञ्जनान्त,yes,हेर्,हेर्,finite,future,सामान्य भविष्यत्,simple future,ma,1st person · singular,no,म,nominative,no,हेर्नेछु,हे र्ने छु,stem:हेर् + end:ने + end:छु,empty-base > concatenate > concatenate
हेर्नु,to look,C,व्यञ्जनान्त,yes,हेर्,हेर्,finite,future,सामान्य भविष्यत्,simple future,hami,1st person · plural,no,हामी(हरू),nominative,no,हेर्नेछौँ,हे र्ने छौँ,stem:हेर् + end:ने + end:छौँ,empty-base > concatenate > concatenate
हेर्नु,to look,C,व्यञ्जनान्त,yes,हेर्,हेर्,finite,future,सामान्य भविष्यत्,simple future,ta,2nd person · low grade,no,तँ,nominative,no,हेर्नेछस्,हे र्ने छ स्,stem:हेर् + end:ने + end:छस्,empty-base > concatenate > concatenate
हेर्नु,to look,C,व्यञ्जनान्त,yes,हेर्,हेर्,finite,future,सामान्य भविष्यत्,simple future,timi,2nd person · mid grade,no,तिमी(हरू),nominative,no,हेर्नेछौ,हे र्ने छौ,stem:हेर् + end:ने + end:छौ,empty-base > concatenate > concatenate
हेर्नु,to look,C,व्यञ्जनान्त,yes,हेर्,हेर्,finite,future,सामान्य भविष्यत्,simple future,tapai,2nd person · high grade,yes,तपाईं(हरू),nominative,no,हेर्नुहुनेछ,हे र्नु हु ने छ,stem:हेर्नु + aux:हुनेछ,empty-base > concatenate
हेर्नु,to look,C,व्यञ्जनान्त,yes,हेर्,हेर्,finite,future,सामान्य भविष्यत्,simple future,u,3rd person · low grade,no,ऊ / त्यो,nominative,no,हेर्नेछ,हे र्ने छ,stem:हेर् + end:ने + end:छ,empty-base > concatenate > concatenate
हेर्नु,to look,C,व्यञ्जनान्त,yes,हेर्,हेर्,finite,future,सामान्य भविष्यत्,simple future,uni,3rd person · mid grade,no,उनी / उनीहरू,nominative,no,हेर्नेछन्,हे र्ने छ न्,stem:हेर् + end:ने + end:छन्,empty-base > concatenate > concatenate
हेर्नु,to look,C,व्यञ्जनान्त,yes,हेर्,हेर्,finite,future,सामान्य भविष्यत्,simple future,uha,3rd person · high grade,yes,उहाँ / वहाँ,nominative,no,हेर्नुहुनेछ,हे र्नु हु ने छ,stem:हेर्नु + aux:हुनेछ,empty-base > concatenate
हेर्नु,to look,C,व्यञ्जनान्त,yes,हेर्,हेर्,finite,prob,सम्भावना,probable,ma,1st person · singular,no,म,nominative,yes,हेरुँला,हे रुँ ला,stem:हेर् + end:उँला,empty-base > virama-matra-fusion
हेर्नु,to look,C,व्यञ्जनान्त,yes,हेर्,हेर्,finite,prob,सम्भावना,probable,hami,1st person · plural,no,हामी(हरू),nominative,yes,हेरौँला,हे रौँ ला,stem:हेर् + end:औँला,empty-base > virama-matra-fusion
हेर्नु,to look,C,व्यञ्जनान्त,yes,हेर्,हेर्,finite,prob,सम्भावना,probable,ta,2nd person · low grade,no,तँ,nominative,yes,हेर्लास्,हे र्ला स्,stem:हेर् + end:लास्,empty-base > concatenate
हेर्नु,to look,C,व्यञ्जनान्त,yes,हेर्,हेर्,finite,prob,सम्भावना,probable,timi,2nd person · mid grade,no,तिमी(हरू),nominative,yes,हेरौला,हे रौ ला,stem:हेर् + end:औला,empty-base > virama-matra-fusion
हेर्नु,to look,C,व्यञ्जनान्त,yes,हेर्,हेर्,finite,prob,सम्भावना,probable,tapai,2nd person · high grade,yes,तपाईं(हरू),nominative,yes,हेर्नुहोला,हे र्नु हो ला,stem:हेर्नु + aux:होला,empty-base > concatenate
हेर्नु,to look,C,व्यञ्जनान्त,yes,हेर्,हेर्,finite,prob,सम्भावना,probable,u,3rd person · low grade,no,ऊ / त्यो,nominative,yes,हेर्ला,हे र्ला,stem:हेर् + end:ला,empty-base > concatenate
हेर्नु,to look,C,व्यञ्जनान्त,yes,हेर्,हेर्,finite,prob,सम्भावना,probable,uni,3rd person · mid grade,no,उनी / उनीहरू,nominative,yes,हेर्लान्,हे र्ला न्,stem:हेर् + end:लान्,empty-base > concatenate
हेर्नु,to look,C,व्यञ्जनान्त,yes,हेर्,हेर्,finite,prob,सम्भावना,probable,uha,3rd person · high grade,yes,उहाँ / वहाँ,nominative,yes,हेर्नुहोला,हे र्नु हो ला,stem:हेर्नु + aux:होला,empty-base > concatenate
हेर्नु,to look,C,व्यञ्जनान्त,yes,हेर्,हेर्,finite,imp,आज्ञा र इच्छा,imperative & optative,ma,1st person · singular,no,म,nominative,no,हेरूँ,हे रूँ,stem:हेर् + end:ऊँ,empty-base > virama-matra-fusion
हेर्नु,to look,C,व्यञ्जनान्त,yes,हेर्,हेर्,finite,imp,आज्ञा र इच्छा,imperative & optative,hami,1st person · plural,no,हामी(हरू),nominative,no,हेरौँ,हे रौँ,stem:हेर् + end:औँ,empty-base > virama-matra-fusion
हेर्नु,to look,C,व्यञ्जनान्त,yes,हेर्,हेर्,finite,imp,आज्ञा र इच्छा,imperative & optative,ta,2nd person · low grade,no,तँ,nominative,no,हेर्,हे र्,stem:हेर्,empty-base
हेर्नु,to look,C,व्यञ्जनान्त,yes,हेर्,हेर्,finite,imp,आज्ञा र इच्छा,imperative & optative,timi,2nd person · mid grade,no,तिमी(हरू),nominative,no,हेर,हे र,stem:हेर् + end:अ,empty-base > virama-matra-fusion
हेर्नु,to look,C,व्यञ्जनान्त,yes,हेर्,हेर्,finite,imp,आज्ञा र इच्छा,imperative & optative,tapai,2nd person · high grade,yes,तपाईं(हरू),nominative,no,हेर्नुहोस्,हे र्नु हो स्,stem:हेर्नु + aux:होस्,empty-base > concatenate
हेर्नु,to look,C,व्यञ्जनान्त,yes,हेर्,हेर्,finite,imp,आज्ञा र इच्छा,imperative & optative,u,3rd person · low grade,no,ऊ / त्यो,nominative,no,हेरोस्,हे रो स्,stem:हेर् + end:ओस्,empty-base > virama-matra-fusion
हेर्नु,to look,C,व्यञ्जनान्त,yes,हेर्,हेर्,finite,imp,आज्ञा र इच्छा,imperative & optative,uni,3rd person · mid grade,no,उनी / उनीहरू,nominative,no,हेरून्,हे रू न्,stem:हेर् + end:ऊन्,empty-base > virama-matra-fusion
हेर्नु,to look,C,व्यञ्जनान्त,yes,हेर्,हेर्,finite,imp,आज्ञा र इच्छा,imperative & optative,uha,3rd person · high grade,yes,उहाँ / वहाँ,nominative,no,हेर्नुहोस्,हे र्नु हो स्,stem:हेर्नु + aux:होस्,empty-base > concatenate
हेर्नु,to look,C,व्यञ्जनान्त,yes,हेर्,हेर्,non-finite,क्रियार्थक नाम,,dictionary form,,,,,,,हेर्नु,हे र्नु,,
हेर्नु,to look,C,व्यञ्जनान्त,yes,हेर्,हेर्,non-finite,उद्देश्यवाचक,,in order to …,,,,,,,हेर्न,हे र्न,,
हेर्नु,to look,C,व्यञ्जनान्त,yes,हेर्,हेर्,non-finite,भविष्यवाचक,,the one that will …,,,,,,,हेर्ने,हे र्ने,,
हेर्नु,to look,C,व्यञ्जनान्त,yes,हेर्,हेर्,non-finite,पूर्णकालिक,,having …-ed,,,,,,,हेरेको,हे रे को,,
हेर्नु,to look,C,व्यञ्जनान्त,yes,हेर्,हेर्,non-finite,पूर्वकालिक,,"…-ing, then",,,,,,,हेरेर,हे रे र,,
हेर्नु,to look,C,व्यञ्जनान्त,yes,हेर्,हेर्,non-finite,क्रियाविशेषण,,by …-ing,,,,,,,हेरी,हे री,,
हेर्नु,to look,C,व्यञ्जनान्त,yes,हेर्,हेर्,non-finite,अपूर्णकालिक,,while …-ing,,,,,,,हेर्दै,हे र्दै,,
हेर्नु,to look,C,व्यञ्जनान्त,yes,हेर्,हेर्,non-finite,समयवाचक,,when …-ing,,,,,,,हेर्दा,हे र्दा,,
हेर्नु,to look,C,व्यञ्जनान्त,yes,हेर्,हेर्,non-finite,सर्तवाचक,,if …,,,,,,,हेरे भने,हे रे   भ ने,,
हेर्नु,to look,C,व्यञ्जनान्त,yes,हेर्,हेर्,infinitive,,,,,,,,,,हेर्नु,हे र्नु,,
पढ्नु,to read,C,व्यञ्जनान्त,yes,पढ्,पढ्,finite,habpres,अभ्यस्त वर्तमान,habitual present,ma,1st person · singular,no,म,nominative,no,पढ्छु,प ढ्छु,stem:पढ् + end:छु,empty-base > concatenate
पढ्नु,to read,C,व्यञ्जनान्त,yes,पढ्,पढ्,finite,habpres,अभ्यस्त वर्तमान,habitual present,hami,1st person · plural,no,हामी(हरू),nominative,no,पढ्छौँ,प ढ्छौँ,stem:पढ् + end:छौँ,empty-base > concatenate
पढ्नु,to read,C,व्यञ्जनान्त,yes,पढ्,पढ्,finite,habpres,अभ्यस्त वर्तमान,habitual present,ta,2nd person · low grade,no,तँ,nominative,no,पढ्छस्,प ढ्छ स्,stem:पढ् + end:छस्,empty-base > concatenate
पढ्नु,to read,C,व्यञ्जनान्त,yes,पढ्,पढ्,finite,habpres,अभ्यस्त वर्तमान,habitual present,timi,2nd person · mid grade,no,तिमी(हरू),nominative,no,पढ्छौ,प ढ्छौ,stem:पढ् + end:छौ,empty-base > concatenate
पढ्नु,to read,C,व्यञ्जनान्त,yes,पढ्,पढ्,finite,habpres,अभ्यस्त वर्तमान,habitual present,tapai,2nd person · high grade,yes,तपाईं(हरू),nominative,no,पढ्नुहुन्छ,प ढ्नु हु न्छ,stem:पढ्नु + aux:हुन्छ,empty-base > concatenate
पढ्नु,to read,C,व्यञ्जनान्त,yes,पढ्,पढ्,finite,habpres,अभ्यस्त वर्तमान,habitual present,u,3rd person · low grade,no,ऊ / त्यो,nominative,no,पढ्छ,प ढ्छ,stem:पढ् + end:छ,empty-base > concatenate
पढ्नु,to read,C,व्यञ्जनान्त,yes,पढ्,पढ्,finite,habpres,अभ्यस्त वर्तमान,habitual present,uni,3rd person · mid grade,no,उनी / उनीहरू,nominative,no,पढ्छन्,प ढ्छ न्,stem:पढ् + end:छन्,empty-base > concatenate
पढ्नु,to read,C,व्यञ्जनान्त,yes,पढ्,पढ्,finite,habpres,अभ्यस्त वर्तमान,habitual present,uha,3rd person · high grade,yes,उहाँ / वहाँ,nominative,no,पढ्नुहुन्छ,प ढ्नु हु न्छ,stem:पढ्नु + aux:हुन्छ,empty-base > concatenate
पढ्नु,to read,C,व्यञ्जनान्त,yes,पढ्,पढ्,finite,prescont,वर्तमान निरन्तर,present continuous,ma,1st person · singular,no,म,nominative,no,पढ्दैछु,प ढ्दै छु,stem:पढ् + end:दै + aux:छु,empty-base > concatenate > concatenate
पढ्नु,to read,C,व्यञ्जनान्त,yes,पढ्,पढ्,finite,prescont,वर्तमान निरन्तर,present continuous,hami,1st person · plural,no,हामी(हरू),nominative,no,पढ्दैछौँ,प ढ्दै छौँ,stem:पढ् + end:दै + aux:छौँ,empty-base > concatenate > concatenate
पढ्नु,to read,C,व्यञ्जनान्त,yes,पढ्,पढ्,finite,prescont,वर्तमान निरन्तर,present continuous,ta,2nd person · low grade,no,तँ,nominative,no,पढ्दैछस्,प ढ्दै छ स्,stem:पढ् + end:दै + aux:छस्,empty-base > concatenate > concatenate
पढ्नु,to read,C,व्यञ्जनान्त,yes,पढ्,पढ्,finite,prescont,वर्तमान निरन्तर,present continuous,timi,2nd person · mid grade,no,तिमी(हरू),nominative,no,पढ्दैछौ,प ढ्दै छौ,stem:पढ् + end:दै + aux:छौ,empty-base > concatenate > concatenate
पढ्नु,to read,C,व्यञ्जनान्त,yes,पढ्,पढ्,finite,prescont,वर्तमान निरन्तर,present continuous,tapai,2nd person · high grade,yes,तपाईं(हरू),nominative,no,पढ्दै हुनुहुन्छ,प ढ्दै   हु नु हु न्छ,stem:पढ् + end:दै + aux: हुनुहुन्छ,empty-base > concatenate > concatenate
पढ्नु,to read,C,व्यञ्जनान्त,yes,पढ्,पढ्,finite,prescont,वर्तमान निरन्तर,present continuous,u,3rd person · low grade,no,ऊ / त्यो,nominative,no,पढ्दैछ,प ढ्दै छ,stem:पढ् + end:दै + aux:छ,empty-base > concatenate > concatenate
पढ्नु,to read,C,व्यञ्जनान्त,yes,पढ्,पढ्,finite,prescont,वर्तमान निरन्तर,present continuous,uni,3rd person · mid grade,no,उनी / उनीहरू,nominative,no,पढ्दैछन्,प ढ्दै छ न्,stem:पढ् + end:दै + aux:छन्,empty-base > concatenate > concatenate
पढ्नु,to read,C,व्यञ्जनान्त,yes,पढ्,पढ्,finite,prescont,वर्तमान निरन्तर,present continuous,uha,3rd person · high grade,yes,उहाँ / वहाँ,nominative,no,पढ्दै हुनुहुन्छ,प ढ्दै   हु नु हु न्छ,stem:पढ् + end:दै + aux: हुनुहुन्छ,empty-base > concatenate > concatenate
पढ्नु,to read,C,व्यञ्जनान्त,yes,पढ्,पढ्,finite,presperf,वर्तमान पूर्ण,present perfect,ma,1st person · singular,no,मैले,ergative -ले,no,पढेको छु,प ढे को   छु,stem:पढ् + end:एको + aux: छु,empty-base > virama-matra-fusion > concatenate
पढ्नु,to read,C,व्यञ्जनान्त,yes,पढ्,पढ्,finite,presperf,वर्तमान पूर्ण,present perfect,hami,1st person · plural,no,हामी(हरू)ले,ergative -ले,no,पढेका छौँ,प ढे का   छौँ,stem:पढ् + end:एका + aux: छौँ,empty-base > virama-matra-fusion > concatenate
पढ्नु,to read,C,व्यञ्जनान्त,yes,पढ्,पढ्,finite,presperf,वर्तमान पूर्ण,present perfect,ta,2nd person · low grade,no,तैंले,ergative -ले,no,पढेको छस्,प ढे को   छ स्,stem:पढ् + end:एको + aux: छस्,empty-base > virama-matra-fusion > concatenate
पढ्नु,to read,C,व्यञ्जनान्त,yes,पढ्,पढ्,finite,presperf,वर्तमान पूर्ण,present perfect,timi,2nd person · mid grade,no,तिमी(हरू)ले,ergative -ले,no,पढेको छौ,प ढे को   छौ,stem:पढ् + end:एको + aux: छौ,empty-base > virama-matra-fusion > concatenate
पढ्नु,to read,C,व्यञ्जनान्त,yes,पढ्,पढ्,finite,presperf,वर्तमान पूर्ण,present perfect,tapai,2nd person · high grade,yes,तपाईं(हरू)ले,ergative -ले,no,पढ्नुभएको छ,प ढ्नु भ ए को   छ,stem:पढ्नु + aux:भएको छ,empty-base > concatenate
पढ्नु,to read,C,व्यञ्जनान्त,yes,पढ्,पढ्,finite,presperf,वर्तमान पूर्ण,present perfect,u,3rd person · low grade,no,उसले / त्यसले,ergative -ले,no,पढेको छ,प ढे को   छ,stem:पढ् + end:एको + aux: छ,empty-base > virama-matra-fusion > concatenate
पढ्नु,to read,C,व्यञ्जनान्त,yes,पढ्,पढ्,finite,presperf,वर्तमान पूर्ण,present perfect,uni,3rd person · mid grade,no,उनले / उनीहरूले,ergative -ले,no,पढेका छन्,प ढे का   छ न्,stem:पढ् + end:एका + aux: छन्,empty-base > virama-matra-fusion > concatenate
पढ्नु,to read,C,व्यञ्जनान्त,yes,पढ्,पढ्,finite,presperf,वर्तमान पूर्ण,present perfect,uha,3rd person · high grade,yes,उहाँले,ergative -ले,no,पढ्नुभएको छ,प ढ्नु भ ए को   छ,stem:पढ्नु + aux:भएको छ,empty-base > concatenate
पढ्नु,to read,C,व्यञ्जनान्त,yes,पढ्,पढ्,finite,past,सामान्य भूत,simple past,ma,1st person · singular,no,मैले,ergative -ले,no,पढेँ,प ढेँ,stem:पढ् + end:एँ,empty-base > virama-matra-fusion
पढ्नु,to read,C,व्यञ्जनान्त,yes,पढ्,पढ्,finite,past,सामान्य भूत,simple past,hami,1st person · plural,no,हामी(हरू)ले,ergative -ले,no,पढ्यौँ,प ढ्यौँ,stem:पढ् + end:यौँ,empty-base > concatenate
पढ्नु,to read,C,व्यञ्जनान्त,yes,पढ्,पढ्,finite,past,सामान्य भूत,simple past,ta,2nd person · low grade,no,तैंले,ergative -ले,no,पढिस्,प ढि स्,stem:पढ् + end:इस्,empty-base > virama-matra-fusion
पढ्नु,to read,C,व्यञ्जनान्त,yes,पढ्,पढ्,finite,past,सामान्य भूत,simple past,timi,2nd person · mid grade,no,तिमी(हरू)ले,ergative -ले,no,पढ्यौ,प ढ्यौ,stem:पढ् + end:यौ,empty-base > concatenate
पढ्नु,to read,C,व्यञ्जनान्त,yes,पढ्,पढ्,finite,past,सामान्य भूत,simple past,tapai,2nd person · high grade,yes,तपाईं(हरू)ले,ergative -ले,no,पढ्नुभयो,प ढ्नु भ यो,stem:पढ्नु + aux:भयो,empty-base > concatenate
पढ्नु,to read,C,व्यञ्जनान्त,yes,पढ्,पढ्,finite,past,सामान्य भूत,simple past,u,3rd person · low grade,no,उसले / त्यसले,ergative -ले,no,पढ्यो,प ढ्यो,stem:पढ् + end:यो,empty-base > concatenate
पढ्नु,to read,C,व्यञ्जनान्त,yes,पढ्,पढ्,finite,past,सामान्य भूत,simple past,uni,3rd person · mid grade,no,उनले / उनीहरूले,ergative -ले,no,पढे,प ढे,stem:पढ् + end:ए,empty-base > virama-matra-fusion
पढ्नु,to read,C,व्यञ्जनान्त,yes,पढ्,पढ्,finite,past,सामान्य भूत,simple past,uha,3rd person · high grade,yes,उहाँले,ergative -ले,no,पढ्नुभयो,प ढ्नु भ यो,stem:पढ्नु + aux:भयो,empty-base > concatenate
पढ्नु,to read,C,व्यञ्जनान्त,yes,पढ्,पढ्,finite,habpast,अभ्यस्त भूत,habitual past,ma,1st person · singular,no,म,nominative,no,पढ्थेँ,प ढ्थेँ,stem:पढ् + end:थेँ,empty-base > concatenate
पढ्नु,to read,C,व्यञ्जनान्त,yes,पढ्,पढ्,finite,habpast,अभ्यस्त भूत,habitual past,hami,1st person · plural,no,हामी(हरू),nominative,no,पढ्थ्यौँ,प ढ्थ्यौँ,stem:पढ् + end:थ्यौँ,empty-base > concatenate
पढ्नु,to read,C,व्यञ्जनान्त,yes,पढ्,पढ्,finite,habpast,अभ्यस्त भूत,habitual past,ta,2nd person · low grade,no,तँ,nominative,no,पढ्थिस्,प ढ्थि स्,stem:पढ् + end:थिस्,empty-base > concatenate
पढ्नु,to read,C,व्यञ्जनान्त,yes,पढ्,पढ्,finite,habpast,अभ्यस्त भूत,habitual past,timi,2nd person · mid grade,no,तिमी(हरू),nominative,no,पढ्थ्यौ,प ढ्थ्यौ,stem:पढ् + end:थ्यौ,empty-base > concatenate
पढ्नु,to read,C,व्यञ्जनान्त,yes,पढ्,पढ्,finite,habpast,अभ्यस्त भूत,habitual past,tapai,2nd person · high grade,yes,तपाईं(हरू),nominative,no,पढ्नुहुन्थ्यो,प ढ्नु हु न्थ्यो,stem:पढ्नु + aux:हुन्थ्यो,empty-base > concatenate
पढ्नु,to read,C,व्यञ्जनान्त,yes,पढ्,पढ्,finite,habpast,अभ्यस्त भूत,habitual past,u,3rd person · low grade,no,ऊ / त्यो,nominative,no,पढ्थ्यो,प ढ्थ्यो,stem:पढ् + end:थ्यो,empty-base > concatenate
पढ्नु,to read,C,व्यञ्जनान्त,yes,पढ्,पढ्,finite,habpast,अभ्यस्त भूत,habitual past,uni,3rd person · mid grade,no,उनी / उनीहरू,nominative,no,पढ्थे,प ढ्थे,stem:पढ् + end:थे,empty-base > concatenate
पढ्नु,to read,C,व्यञ्जनान्त,yes,पढ्,पढ्,finite,habpast,अभ्यस्त भूत,habitual past,uha,3rd person · high grade,yes,उहाँ / वहाँ,nominative,no,पढ्नुहुन्थ्यो,प ढ्नु हु न्थ्यो,stem:पढ्नु + aux:हुन्थ्यो,empty-base > concatenate
पढ्नु,to read,C,व्यञ्जनान्त,yes,पढ्,पढ्,finite,pastcont,भूत निरन्तर,past continuous,ma,1st person · singular,no,म,nominative,no,पढ्दै थिएँ,प ढ्दै   थि एँ,stem:पढ् + end:दै + aux: थिएँ,empty-base > concatenate > concatenate
पढ्नु,to read,C,व्यञ्जनान्त,yes,पढ्,पढ्,finite,pastcont,भूत निरन्तर,past continuous,hami,1st person · plural,no,हामी(हरू),nominative,no,पढ्दै थियौँ,प ढ्दै   थि यौँ,stem:पढ् + end:दै + aux: थियौँ,empty-base > concatenate > concatenate
पढ्नु,to read,C,व्यञ्जनान्त,yes,पढ्,पढ्,finite,pastcont,भूत निरन्तर,past continuous,ta,2nd person · low grade,no,तँ,nominative,no,पढ्दै थिइस्,प ढ्दै   थि इ स्,stem:पढ् + end:दै + aux: थिइस्,empty-base > concatenate > concatenate
पढ्नु,to read,C,व्यञ्जनान्त,yes,पढ्,पढ्,finite,pastcont,भूत निरन्तर,past continuous,timi,2nd person · mid grade,no,तिमी(हरू),nominative,no,पढ्दै थियौ,प ढ्दै   थि यौ,stem:पढ् + end:दै + aux: थियौ,empty-base > concatenate > concatenate
पढ्नु,to read,C,व्यञ्जनान्त,yes,पढ्,पढ्,finite,pastcont,भूत निरन्तर,past continuous,tapai,2nd person · high grade,yes,तपाईं(हरू),nominative,no,पढ्दै हुनुहुन्थ्यो,प ढ्दै   हु नु हु न्थ्यो,stem:पढ् + end:दै + aux: हुनुहुन्थ्यो,empty-base > concatenate > concatenate
पढ्नु,to read,C,व्यञ्जनान्त,yes,पढ्,पढ्,finite,pastcont,भूत निरन्तर,past continuous,u,3rd person · low grade,no,ऊ / त्यो,nominative,no,पढ्दै थियो,प ढ्दै   थि यो,stem:पढ् + end:दै + aux: थियो,empty-base > concatenate > concatenate
पढ्नु,to read,C,व्यञ्जनान्त,yes,पढ्,पढ्,finite,pastcont,भूत निरन्तर,past continuous,uni,3rd person · mid grade,no,उनी / उनीहरू,nominative,no,पढ्दै थिए,प ढ्दै   थि ए,stem:पढ् + end:दै + aux: थिए,empty-base > concatenate > concatenate
पढ्नु,to read,C,व्यञ्जनान्त,yes,पढ्,पढ्,finite,pastcont,भूत निरन्तर,past continuous,uha,3rd person · high grade,yes,उहाँ / वहाँ,nominative,no,पढ्दै हुनुहुन्थ्यो,प ढ्दै   हु नु हु न्थ्यो,stem:पढ् + end:दै + aux: हुनुहुन्थ्यो,empty-base > concatenate > concatenate
पढ्नु,to read,C,व्यञ्जनान्त,yes,पढ्,पढ्,finite,pastperf,भूत पूर्ण,past perfect,ma,1st person · singular,no,मैले,ergative -ले,no,पढेको थिएँ,प ढे को   थि एँ,stem:पढ् + end:एको + aux: थिएँ,empty-base > virama-matra-fusion > concatenate
पढ्नु,to read,C,व्यञ्जनान्त,yes,पढ्,पढ्,finite,pastperf,भूत पूर्ण,past perfect,hami,1st person · plural,no,हामी(हरू)ले,ergative -ले,no,पढेका थियौँ,प ढे का   थि यौँ,stem:पढ् + end:एका + aux: थियौँ,empty-base > virama-matra-fusion > concatenate
पढ्नु,to read,C,व्यञ्जनान्त,yes,पढ्,पढ्,finite,pastperf,भूत पूर्ण,past perfect,ta,2nd person · low grade,no,तैंले,ergative -ले,no,पढेको थिइस्,प ढे को   थि इ स्,stem:पढ् + end:एको + aux: थिइस्,empty-base > virama-matra-fusion > concatenate
पढ्नु,to read,C,व्यञ्जनान्त,yes,पढ्,पढ्,finite,pastperf,भूत पूर्ण,past perfect,timi,2nd person · mid grade,no,तिमी(हरू)ले,ergative -ले,no,पढेको थियौ,प ढे को   थि यौ,stem:पढ् + end:एको + aux: थियौ,empty-base > virama-matra-fusion > concatenate
पढ्नु,to read,C,व्यञ्जनान्त,yes,पढ्,पढ्,finite,pastperf,भूत पूर्ण,past perfect,tapai,2nd person · high grade,yes,तपाईं(हरू)ले,ergative -ले,no,पढ्नुभएको थियो,प ढ्नु भ ए को   थि यो,stem:पढ्नु + aux:भएको थियो,empty-base > concatenate
पढ्नु,to read,C,व्यञ्जनान्त,yes,पढ्,पढ्,finite,pastperf,भूत पूर्ण,past perfect,u,3rd person · low grade,no,उसले / त्यसले,ergative -ले,no,पढेको थियो,प ढे को   थि यो,stem:पढ् + end:एको + aux: थियो,empty-base > virama-matra-fusion > concatenate
पढ्नु,to read,C,व्यञ्जनान्त,yes,पढ्,पढ्,finite,pastperf,भूत पूर्ण,past perfect,uni,3rd person · mid grade,no,उनले / उनीहरूले,ergative -ले,no,पढेका थिए,प ढे का   थि ए,stem:पढ् + end:एका + aux: थिए,empty-base > virama-matra-fusion > concatenate
पढ्नु,to read,C,व्यञ्जनान्त,yes,पढ्,पढ्,finite,pastperf,भूत पूर्ण,past perfect,uha,3rd person · high grade,yes,उहाँले,ergative -ले,no,पढ्नुभएको थियो,प ढ्नु भ ए को   थि यो,stem:पढ्नु + aux:भएको थियो,empty-base > concatenate
पढ्नु,to read,C,व्यञ्जनान्त,yes,पढ्,पढ्,finite,future,सामान्य भविष्यत्,simple future,ma,1st person · singular,no,म,nominative,no,पढ्नेछु,प ढ्ने छु,stem:पढ् + end:ने + end:छु,empty-base > concatenate > concatenate
पढ्नु,to read,C,व्यञ्जनान्त,yes,पढ्,पढ्,finite,future,सामान्य भविष्यत्,simple future,hami,1st person · plural,no,हामी(हरू),nominative,no,पढ्नेछौँ,प ढ्ने छौँ,stem:पढ् + end:ने + end:छौँ,empty-base > concatenate > concatenate
पढ्नु,to read,C,व्यञ्जनान्त,yes,पढ्,पढ्,finite,future,सामान्य भविष्यत्,simple future,ta,2nd person · low grade,no,तँ,nominative,no,पढ्नेछस्,प ढ्ने छ स्,stem:पढ् + end:ने + end:छस्,empty-base > concatenate > concatenate
पढ्नु,to read,C,व्यञ्जनान्त,yes,पढ्,पढ्,finite,future,सामान्य भविष्यत्,simple future,timi,2nd person · mid grade,no,तिमी(हरू),nominative,no,पढ्नेछौ,प ढ्ने छौ,stem:पढ् + end:ने + end:छौ,empty-base > concatenate > concatenate
पढ्नु,to read,C,व्यञ्जनान्त,yes,पढ्,पढ्,finite,future,सामान्य भविष्यत्,simple future,tapai,2nd person · high grade,yes,तपाईं(हरू),nominative,no,पढ्नुहुनेछ,प ढ्नु हु ने छ,stem:पढ्नु + aux:हुनेछ,empty-base > concatenate
पढ्नु,to read,C,व्यञ्जनान्त,yes,पढ्,पढ्,finite,future,सामान्य भविष्यत्,simple future,u,3rd person · low grade,no,ऊ / त्यो,nominative,no,पढ्नेछ,प ढ्ने छ,stem:पढ् + end:ने + end:छ,empty-base > concatenate > concatenate
पढ्नु,to read,C,व्यञ्जनान्त,yes,पढ्,पढ्,finite,future,सामान्य भविष्यत्,simple future,uni,3rd person · mid grade,no,उनी / उनीहरू,nominative,no,पढ्नेछन्,प ढ्ने छ न्,stem:पढ् + end:ने + end:छन्,empty-base > concatenate > concatenate
पढ्नु,to read,C,व्यञ्जनान्त,yes,पढ्,पढ्,finite,future,सामान्य भविष्यत्,simple future,uha,3rd person · high grade,yes,उहाँ / वहाँ,nominative,no,पढ्नुहुनेछ,प ढ्नु हु ने छ,stem:पढ्नु + aux:हुनेछ,empty-base > concatenate
पढ्नु,to read,C,व्यञ्जनान्त,yes,पढ्,पढ्,finite,prob,सम्भावना,probable,ma,1st person · singular,no,म,nominative,yes,पढुँला,प ढुँ ला,stem:पढ् + end:उँला,empty-base > virama-matra-fusion
पढ्नु,to read,C,व्यञ्जनान्त,yes,पढ्,पढ्,finite,prob,सम्भावना,probable,hami,1st person · plural,no,हामी(हरू),nominative,yes,पढौँला,प ढौँ ला,stem:पढ् + end:औँला,empty-base > virama-matra-fusion
पढ्नु,to read,C,व्यञ्जनान्त,yes,पढ्,पढ्,finite,prob,सम्भावना,probable,ta,2nd person · low grade,no,तँ,nominative,yes,पढ्लास्,प ढ्ला स्,stem:पढ् + end:लास्,empty-base > concatenate
पढ्नु,to read,C,व्यञ्जनान्त,yes,पढ्,पढ्,finite,prob,सम्भावना,probable,timi,2nd person · mid grade,no,तिमी(हरू),nominative,yes,पढौला,प ढौ ला,stem:पढ् + end:औला,empty-base > virama-matra-fusion
पढ्नु,to read,C,व्यञ्जनान्त,yes,पढ्,पढ्,finite,prob,सम्भावना,probable,tapai,2nd person · high grade,yes,तपाईं(हरू),nominative,yes,पढ्नुहोला,प ढ्नु हो ला,stem:पढ्नु + aux:होला,empty-base > concatenate
पढ्नु,to read,C,व्यञ्जनान्त,yes,पढ्,पढ्,finite,prob,सम्भावना,probable,u,3rd person · low grade,no,ऊ / त्यो,nominative,yes,पढ्ला,प ढ्ला,stem:पढ् + end:ला,empty-base > concatenate
पढ्नु,to read,C,व्यञ्जनान्त,yes,पढ्,पढ्,finite,prob,सम्भावना,probable,uni,3rd person · mid grade,no,उनी / उनीहरू,nominative,yes,पढ्लान्,प ढ्ला न्,stem:पढ् + end:लान्,empty-base > concatenate
पढ्नु,to read,C,व्यञ्जनान्त,yes,पढ्,पढ्,finite,prob,सम्भावना,probable,uha,3rd person · high grade,yes,उहाँ / वहाँ,nominative,yes,पढ्नुहोला,प ढ्नु हो ला,stem:पढ्नु + aux:होला,empty-base > concatenate
पढ्नु,to read,C,व्यञ्जनान्त,yes,पढ्,पढ्,finite,imp,आज्ञा र इच्छा,imperative & optative,ma,1st person · singular,no,म,nominative,no,पढूँ,प ढूँ,stem:पढ् + end:ऊँ,empty-base > virama-matra-fusion
पढ्नु,to read,C,व्यञ्जनान्त,yes,पढ्,पढ्,finite,imp,आज्ञा र इच्छा,imperative & optative,hami,1st person · plural,no,हामी(हरू),nominative,no,पढौँ,प ढौँ,stem:पढ् + end:औँ,empty-base > virama-matra-fusion
पढ्नु,to read,C,व्यञ्जनान्त,yes,पढ्,पढ्,finite,imp,आज्ञा र इच्छा,imperative & optative,ta,2nd person · low grade,no,तँ,nominative,no,पढ्,प ढ्,stem:पढ्,empty-base
पढ्नु,to read,C,व्यञ्जनान्त,yes,पढ्,पढ्,finite,imp,आज्ञा र इच्छा,imperative & optative,timi,2nd person · mid grade,no,तिमी(हरू),nominative,no,पढ,प ढ,stem:पढ् + end:अ,empty-base > virama-matra-fusion
पढ्नु,to read,C,व्यञ्जनान्त,yes,पढ्,पढ्,finite,imp,आज्ञा र इच्छा,imperative & optative,tapai,2nd person · high grade,yes,तपाईं(हरू),nominative,no,पढ्नुहोस्,प ढ्नु हो स्,stem:पढ्नु + aux:होस्,empty-base > concatenate
पढ्नु,to read,C,व्यञ्जनान्त,yes,पढ्,पढ्,finite,imp,आज्ञा र इच्छा,imperative & optative,u,3rd person · low grade,no,ऊ / त्यो,nominative,no,पढोस्,प ढो स्,stem:पढ् + end:ओस्,empty-base > virama-matra-fusion
पढ्नु,to read,C,व्यञ्जनान्त,yes,पढ्,पढ्,finite,imp,आज्ञा र इच्छा,imperative & optative,uni,3rd person · mid grade,no,उनी / उनीहरू,nominative,no,पढून्,प ढू न्,stem:पढ् + end:ऊन्,empty-base > virama-matra-fusion
पढ्नु,to read,C,व्यञ्जनान्त,yes,पढ्,पढ्,finite,imp,आज्ञा र इच्छा,imperative & optative,uha,3rd person · high grade,yes,उहाँ / वहाँ,nominative,no,पढ्नुहोस्,प ढ्नु हो स्,stem:पढ्नु + aux:होस्,empty-base > concatenate
पढ्नु,to read,C,व्यञ्जनान्त,yes,पढ्,पढ्,non-finite,क्रियार्थक नाम,,dictionary form,,,,,,,पढ्नु,प ढ्नु,,
पढ्नु,to read,C,व्यञ्जनान्त,yes,पढ्,पढ्,non-finite,उद्देश्यवाचक,,in order to …,,,,,,,पढ्न,प ढ्न,,
पढ्नु,to read,C,व्यञ्जनान्त,yes,पढ्,पढ्,non-finite,भविष्यवाचक,,the one that will …,,,,,,,पढ्ने,प ढ्ने,,
पढ्नु,to read,C,व्यञ्जनान्त,yes,पढ्,पढ्,non-finite,पूर्णकालिक,,having …-ed,,,,,,,पढेको,प ढे को,,
पढ्नु,to read,C,व्यञ्जनान्त,yes,पढ्,पढ्,non-finite,पूर्वकालिक,,"…-ing, then",,,,,,,पढेर,प ढे र,,
पढ्नु,to read,C,व्यञ्जनान्त,yes,पढ्,पढ्,non-finite,क्रियाविशेषण,,by …-ing,,,,,,,पढी,प ढी,,
पढ्नु,to read,C,व्यञ्जनान्त,yes,पढ्,पढ्,non-finite,अपूर्णकालिक,,while …-ing,,,,,,,पढ्दै,प ढ्दै,,
पढ्नु,to read,C,व्यञ्जनान्त,yes,पढ्,पढ्,non-finite,समयवाचक,,when …-ing,,,,,,,पढ्दा,प ढ्दा,,
पढ्नु,to read,C,व्यञ्जनान्त,yes,पढ्,पढ्,non-finite,सर्तवाचक,,if …,,,,,,,पढे भने,प ढे   भ ने,,
पढ्नु,to read,C,व्यञ्जनान्त,yes,पढ्,पढ्,infinitive,,,,,,,,,,पढ्नु,प ढ्नु,,
लेख्नु,to write,C,व्यञ्जनान्त,yes,लेख्,लेख्,finite,habpres,अभ्यस्त वर्तमान,habitual present,ma,1st person · singular,no,म,nominative,no,लेख्छु,ले ख्छु,stem:लेख् + end:छु,empty-base > concatenate
लेख्नु,to write,C,व्यञ्जनान्त,yes,लेख्,लेख्,finite,habpres,अभ्यस्त वर्तमान,habitual present,hami,1st person · plural,no,हामी(हरू),nominative,no,लेख्छौँ,ले ख्छौँ,stem:लेख् + end:छौँ,empty-base > concatenate
लेख्नु,to write,C,व्यञ्जनान्त,yes,लेख्,लेख्,finite,habpres,अभ्यस्त वर्तमान,habitual present,ta,2nd person · low grade,no,तँ,nominative,no,लेख्छस्,ले ख्छ स्,stem:लेख् + end:छस्,empty-base > concatenate
लेख्नु,to write,C,व्यञ्जनान्त,yes,लेख्,लेख्,finite,habpres,अभ्यस्त वर्तमान,habitual present,timi,2nd person · mid grade,no,तिमी(हरू),nominative,no,लेख्छौ,ले ख्छौ,stem:लेख् + end:छौ,empty-base > concatenate
लेख्नु,to write,C,व्यञ्जनान्त,yes,लेख्,लेख्,finite,habpres,अभ्यस्त वर्तमान,habitual present,tapai,2nd person · high grade,yes,तपाईं(हरू),nominative,no,लेख्नुहुन्छ,ले ख्नु हु न्छ,stem:लेख्नु + aux:हुन्छ,empty-base > concatenate
लेख्नु,to write,C,व्यञ्जनान्त,yes,लेख्,लेख्,finite,habpres,अभ्यस्त वर्तमान,habitual present,u,3rd person · low grade,no,ऊ / त्यो,nominative,no,लेख्छ,ले ख्छ,stem:लेख् + end:छ,empty-base > concatenate
लेख्नु,to write,C,व्यञ्जनान्त,yes,लेख्,लेख्,finite,habpres,अभ्यस्त वर्तमान,habitual present,uni,3rd person · mid grade,no,उनी / उनीहरू,nominative,no,लेख्छन्,ले ख्छ न्,stem:लेख् + end:छन्,empty-base > concatenate
लेख्नु,to write,C,व्यञ्जनान्त,yes,लेख्,लेख्,finite,habpres,अभ्यस्त वर्तमान,habitual present,uha,3rd person · high grade,yes,उहाँ / वहाँ,nominative,no,लेख्नुहुन्छ,ले ख्नु हु न्छ,stem:लेख्नु + aux:हुन्छ,empty-base > concatenate
लेख्नु,to write,C,व्यञ्जनान्त,yes,लेख्,लेख्,finite,prescont,वर्तमान निरन्तर,present continuous,ma,1st person · singular,no,म,nominative,no,लेख्दैछु,ले ख्दै छु,stem:लेख् + end:दै + aux:छु,empty-base > concatenate > concatenate
लेख्नु,to write,C,व्यञ्जनान्त,yes,लेख्,लेख्,finite,prescont,वर्तमान निरन्तर,present continuous,hami,1st person · plural,no,हामी(हरू),nominative,no,लेख्दैछौँ,ले ख्दै छौँ,stem:लेख् + end:दै + aux:छौँ,empty-base > concatenate > concatenate
लेख्नु,to write,C,व्यञ्जनान्त,yes,लेख्,लेख्,finite,prescont,वर्तमान निरन्तर,present continuous,ta,2nd person · low grade,no,तँ,nominative,no,लेख्दैछस्,ले ख्दै छ स्,stem:लेख् + end:दै + aux:छस्,empty-base > concatenate > concatenate
लेख्नु,to write,C,व्यञ्जनान्त,yes,लेख्,लेख्,finite,prescont,वर्तमान निरन्तर,present continuous,timi,2nd person · mid grade,no,तिमी(हरू),nominative,no,लेख्दैछौ,ले ख्दै छौ,stem:लेख् + end:दै + aux:छौ,empty-base > concatenate > concatenate
लेख्नु,to write,C,व्यञ्जनान्त,yes,लेख्,लेख्,finite,prescont,वर्तमान निरन्तर,present continuous,tapai,2nd person · high grade,yes,तपाईं(हरू),nominative,no,लेख्दै हुनुहुन्छ,ले ख्दै   हु नु हु न्छ,stem:लेख् + end:दै + aux: हुनुहुन्छ,empty-base > concatenate > concatenate
लेख्नु,to write,C,व्यञ्जनान्त,yes,लेख्,लेख्,finite,prescont,वर्तमान निरन्तर,present continuous,u,3rd person · low grade,no,ऊ / त्यो,nominative,no,लेख्दैछ,ले ख्दै छ,stem:लेख् + end:दै + aux:छ,empty-base > concatenate > concatenate
लेख्नु,to write,C,व्यञ्जनान्त,yes,लेख्,लेख्,finite,prescont,वर्तमान निरन्तर,present continuous,uni,3rd person · mid grade,no,उनी / उनीहरू,nominative,no,लेख्दैछन्,ले ख्दै छ न्,stem:लेख् + end:दै + aux:छन्,empty-base > concatenate > concatenate
लेख्नु,to write,C,व्यञ्जनान्त,yes,लेख्,लेख्,finite,prescont,वर्तमान निरन्तर,present continuous,uha,3rd person · high grade,yes,उहाँ / वहाँ,nominative,no,लेख्दै हुनुहुन्छ,ले ख्दै   हु नु हु न्छ,stem:लेख् + end:दै + aux: हुनुहुन्छ,empty-base > concatenate > concatenate
लेख्नु,to write,C,व्यञ्जनान्त,yes,लेख्,लेख्,finite,presperf,वर्तमान पूर्ण,present perfect,ma,1st person · singular,no,मैले,ergative -ले,no,लेखेको छु,ले खे को   छु,stem:लेख् + end:एको + aux: छु,empty-base > virama-matra-fusion > concatenate
लेख्नु,to write,C,व्यञ्जनान्त,yes,लेख्,लेख्,finite,presperf,वर्तमान पूर्ण,present perfect,hami,1st person · plural,no,हामी(हरू)ले,ergative -ले,no,लेखेका छौँ,ले खे का   छौँ,stem:लेख् + end:एका + aux: छौँ,empty-base > virama-matra-fusion > concatenate
लेख्नु,to write,C,व्यञ्जनान्त,yes,लेख्,लेख्,finite,presperf,वर्तमान पूर्ण,present perfect,ta,2nd person · low grade,no,तैंले,ergative -ले,no,लेखेको छस्,ले खे को   छ स्,stem:लेख् + end:एको + aux: छस्,empty-base > virama-matra-fusion > concatenate
लेख्नु,to write,C,व्यञ्जनान्त,yes,लेख्,लेख्,finite,presperf,वर्तमान पूर्ण,present perfect,timi,2nd person · mid grade,no,तिमी(हरू)ले,ergative -ले,no,लेखेको छौ,ले खे को   छौ,stem:लेख् + end:एको + aux: छौ,empty-base > virama-matra-fusion > concatenate
लेख्नु,to write,C,व्यञ्जनान्त,yes,लेख्,लेख्,finite,presperf,वर्तमान पूर्ण,present perfect,tapai,2nd person · high grade,yes,तपाईं(हरू)ले,ergative -ले,no,लेख्नुभएको छ,ले ख्नु भ ए को   छ,stem:लेख्नु + aux:भएको छ,empty-base > concatenate
लेख्नु,to write,C,व्यञ्जनान्त,yes,लेख्,लेख्,finite,presperf,वर्तमान पूर्ण,present perfect,u,3rd person · low grade,no,उसले / त्यसले,ergative -ले,no,लेखेको छ,ले खे को   छ,stem:लेख् + end:एको + aux: छ,empty-base > virama-matra-fusion > concatenate
लेख्नु,to write,C,व्यञ्जनान्त,yes,लेख्,लेख्,finite,presperf,वर्तमान पूर्ण,present perfect,uni,3rd person · mid grade,no,उनले / उनीहरूले,ergative -ले,no,लेखेका छन्,ले खे का   छ न्,stem:लेख् + end:एका + aux: छन्,empty-base > virama-matra-fusion > concatenate
लेख्नु,to write,C,व्यञ्जनान्त,yes,लेख्,लेख्,finite,presperf,वर्तमान पूर्ण,present perfect,uha,3rd person · high grade,yes,उहाँले,ergative -ले,no,लेख्नुभएको छ,ले ख्नु भ ए को   छ,stem:लेख्नु + aux:भएको छ,empty-base > concatenate
लेख्नु,to write,C,व्यञ्जनान्त,yes,लेख्,लेख्,finite,past,सामान्य भूत,simple past,ma,1st person · singular,no,मैले,ergative -ले,no,लेखेँ,ले खेँ,stem:लेख् + end:एँ,empty-base > virama-matra-fusion
लेख्नु,to write,C,व्यञ्जनान्त,yes,लेख्,लेख्,finite,past,सामान्य भूत,simple past,hami,1st person · plural,no,हामी(हरू)ले,ergative -ले,no,लेख्यौँ,ले ख्यौँ,stem:लेख् + end:यौँ,empty-base > concatenate
लेख्नु,to write,C,व्यञ्जनान्त,yes,लेख्,लेख्,finite,past,सामान्य भूत,simple past,ta,2nd person · low grade,no,तैंले,ergative -ले,no,लेखिस्,ले खि स्,stem:लेख् + end:इस्,empty-base > virama-matra-fusion
लेख्नु,to write,C,व्यञ्जनान्त,yes,लेख्,लेख्,finite,past,सामान्य भूत,simple past,timi,2nd person · mid grade,no,तिमी(हरू)ले,ergative -ले,no,लेख्यौ,ले ख्यौ,stem:लेख् + end:यौ,empty-base > concatenate
लेख्नु,to write,C,व्यञ्जनान्त,yes,लेख्,लेख्,finite,past,सामान्य भूत,simple past,tapai,2nd person · high grade,yes,तपाईं(हरू)ले,ergative -ले,no,लेख्नुभयो,ले ख्नु भ यो,stem:लेख्नु + aux:भयो,empty-base > concatenate
लेख्नु,to write,C,व्यञ्जनान्त,yes,लेख्,लेख्,finite,past,सामान्य भूत,simple past,u,3rd person · low grade,no,उसले / त्यसले,ergative -ले,no,लेख्यो,ले ख्यो,stem:लेख् + end:यो,empty-base > concatenate
लेख्नु,to write,C,व्यञ्जनान्त,yes,लेख्,लेख्,finite,past,सामान्य भूत,simple past,uni,3rd person · mid grade,no,उनले / उनीहरूले,ergative -ले,no,लेखे,ले खे,stem:लेख् + end:ए,empty-base > virama-matra-fusion
लेख्नु,to write,C,व्यञ्जनान्त,yes,लेख्,लेख्,finite,past,सामान्य भूत,simple past,uha,3rd person · high grade,yes,उहाँले,ergative -ले,no,लेख्नुभयो,ले ख्नु भ यो,stem:लेख्नु + aux:भयो,empty-base > concatenate
लेख्नु,to write,C,व्यञ्जनान्त,yes,लेख्,लेख्,finite,habpast,अभ्यस्त भूत,habitual past,ma,1st person · singular,no,म,nominative,no,लेख्थेँ,ले ख्थेँ,stem:लेख् + end:थेँ,empty-base > concatenate
लेख्नु,to write,C,व्यञ्जनान्त,yes,लेख्,लेख्,finite,habpast,अभ्यस्त भूत,habitual past,hami,1st person · plural,no,हामी(हरू),nominative,no,लेख्थ्यौँ,ले ख्थ्यौँ,stem:लेख् + end:थ्यौँ,empty-base > concatenate
लेख्नु,to write,C,व्यञ्जनान्त,yes,लेख्,लेख्,finite,habpast,अभ्यस्त भूत,habitual past,ta,2nd person · low grade,no,तँ,nominative,no,लेख्थिस्,ले ख्थि स्,stem:लेख् + end:थिस्,empty-base > concatenate
लेख्नु,to write,C,व्यञ्जनान्त,yes,लेख्,लेख्,finite,habpast,अभ्यस्त भूत,habitual past,timi,2nd person · mid grade,no,तिमी(हरू),nominative,no,लेख्थ्यौ,ले ख्थ्यौ,stem:लेख् + end:थ्यौ,empty-base > concatenate
लेख्नु,to write,C,व्यञ्जनान्त,yes,लेख्,लेख्,finite,habpast,अभ्यस्त भूत,habitual past,tapai,2nd person · high grade,yes,तपाईं(हरू),nominative,no,लेख्नुहुन्थ्यो,ले ख्नु हु न्थ्यो,stem:लेख्नु + aux:हुन्थ्यो,empty-base > concatenate
लेख्नु,to write,C,व्यञ्जनान्त,yes,लेख्,लेख्,finite,habpast,अभ्यस्त भूत,habitual past,u,3rd person · low grade,no,ऊ / त्यो,nominative,no,लेख्थ्यो,ले ख्थ्यो,stem:लेख् + end:थ्यो,empty-base > concatenate
लेख्नु,to write,C,व्यञ्जनान्त,yes,लेख्,लेख्,finite,habpast,अभ्यस्त भूत,habitual past,uni,3rd person · mid grade,no,उनी / उनीहरू,nominative,no,लेख्थे,ले ख्थे,stem:लेख् + end:थे,empty-base > concatenate
लेख्नु,to write,C,व्यञ्जनान्त,yes,लेख्,लेख्,finite,habpast,अभ्यस्त भूत,habitual past,uha,3rd person · high grade,yes,उहाँ / वहाँ,nominative,no,लेख्नुहुन्थ्यो,ले ख्नु हु न्थ्यो,stem:लेख्नु + aux:हुन्थ्यो,empty-base > concatenate
लेख्नु,to write,C,व्यञ्जनान्त,yes,लेख्,लेख्,finite,pastcont,भूत निरन्तर,past continuous,ma,1st person · singular,no,म,nominative,no,लेख्दै थिएँ,ले ख्दै   थि एँ,stem:लेख् + end:दै + aux: थिएँ,empty-base > concatenate > concatenate
लेख्नु,to write,C,व्यञ्जनान्त,yes,लेख्,लेख्,finite,pastcont,भूत निरन्तर,past continuous,hami,1st person · plural,no,हामी(हरू),nominative,no,लेख्दै थियौँ,ले ख्दै   थि यौँ,stem:लेख् + end:दै + aux: थियौँ,empty-base > concatenate > concatenate
लेख्नु,to write,C,व्यञ्जनान्त,yes,लेख्,लेख्,finite,pastcont,भूत निरन्तर,past continuous,ta,2nd person · low grade,no,तँ,nominative,no,लेख्दै थिइस्,ले ख्दै   थि इ स्,stem:लेख् + end:दै + aux: थिइस्,empty-base > concatenate > concatenate
लेख्नु,to write,C,व्यञ्जनान्त,yes,लेख्,लेख्,finite,pastcont,भूत निरन्तर,past continuous,timi,2nd person · mid grade,no,तिमी(हरू),nominative,no,लेख्दै थियौ,ले ख्दै   थि यौ,stem:लेख् + end:दै + aux: थियौ,empty-base > concatenate > concatenate
लेख्नु,to write,C,व्यञ्जनान्त,yes,लेख्,लेख्,finite,pastcont,भूत निरन्तर,past continuous,tapai,2nd person · high grade,yes,तपाईं(हरू),nominative,no,लेख्दै हुनुहुन्थ्यो,ले ख्दै   हु नु हु न्थ्यो,stem:लेख् + end:दै + aux: हुनुहुन्थ्यो,empty-base > concatenate > concatenate
लेख्नु,to write,C,व्यञ्जनान्त,yes,लेख्,लेख्,finite,pastcont,भूत निरन्तर,past continuous,u,3rd person · low grade,no,ऊ / त्यो,nominative,no,लेख्दै थियो,ले ख्दै   थि यो,stem:लेख् + end:दै + aux: थियो,empty-base > concatenate > concatenate
लेख्नु,to write,C,व्यञ्जनान्त,yes,लेख्,लेख्,finite,pastcont,भूत निरन्तर,past continuous,uni,3rd person · mid grade,no,उनी / उनीहरू,nominative,no,लेख्दै थिए,ले ख्दै   थि ए,stem:लेख् + end:दै + aux: थिए,empty-base > concatenate > concatenate
लेख्नु,to write,C,व्यञ्जनान्त,yes,लेख्,लेख्,finite,pastcont,भूत निरन्तर,past continuous,uha,3rd person · high grade,yes,उहाँ / वहाँ,nominative,no,लेख्दै हुनुहुन्थ्यो,ले ख्दै   हु नु हु न्थ्यो,stem:लेख् + end:दै + aux: हुनुहुन्थ्यो,empty-base > concatenate > concatenate
लेख्नु,to write,C,व्यञ्जनान्त,yes,लेख्,लेख्,finite,pastperf,भूत पूर्ण,past perfect,ma,1st person · singular,no,मैले,ergative -ले,no,लेखेको थिएँ,ले खे को   थि एँ,stem:लेख् + end:एको + aux: थिएँ,empty-base > virama-matra-fusion > concatenate
लेख्नु,to write,C,व्यञ्जनान्त,yes,लेख्,लेख्,finite,pastperf,भूत पूर्ण,past perfect,hami,1st person · plural,no,हामी(हरू)ले,ergative -ले,no,लेखेका थियौँ,ले खे का   थि यौँ,stem:लेख् + end:एका + aux: थियौँ,empty-base > virama-matra-fusion > concatenate
लेख्नु,to write,C,व्यञ्जनान्त,yes,लेख्,लेख्,finite,pastperf,भूत पूर्ण,past perfect,ta,2nd person · low grade,no,तैंले,ergative -ले,no,लेखेको थिइस्,ले खे को   थि इ स्,stem:लेख् + end:एको + aux: थिइस्,empty-base > virama-matra-fusion > concatenate
लेख्नु,to write,C,व्यञ्जनान्त,yes,लेख्,लेख्,finite,pastperf,भूत पूर्ण,past perfect,timi,2nd person · mid grade,no,तिमी(हरू)ले,ergative -ले,no,लेखेको थियौ,ले खे को   थि यौ,stem:लेख् + end:एको + aux: थियौ,empty-base > virama-matra-fusion > concatenate
लेख्नु,to write,C,व्यञ्जनान्त,yes,लेख्,लेख्,finite,pastperf,भूत पूर्ण,past perfect,tapai,2nd person · high grade,yes,तपाईं(हरू)ले,ergative -ले,no,लेख्नुभएको थियो,ले ख्नु भ ए को   थि यो,stem:लेख्नु + aux:भएको थियो,empty-base > concatenate
लेख्नु,to write,C,व्यञ्जनान्त,yes,लेख्,लेख्,finite,pastperf,भूत पूर्ण,past perfect,u,3rd person · low grade,no,उसले / त्यसले,ergative -ले,no,लेखेको थियो,ले खे को   थि यो,stem:लेख् + end:एको + aux: थियो,empty-base > virama-matra-fusion > concatenate
लेख्नु,to write,C,व्यञ्जनान्त,yes,लेख्,लेख्,finite,pastperf,भूत पूर्ण,past perfect,uni,3rd person · mid grade,no,उनले / उनीहरूले,ergative -ले,no,लेखेका थिए,ले खे का   थि ए,stem:लेख् + end:एका + aux: थिए,empty-base > virama-matra-fusion > concatenate
लेख्नु,to write,C,व्यञ्जनान्त,yes,लेख्,लेख्,finite,pastperf,भूत पूर्ण,past perfect,uha,3rd person · high grade,yes,उहाँले,ergative -ले,no,लेख्नुभएको थियो,ले ख्नु भ ए को   थि यो,stem:लेख्नु + aux:भएको थियो,empty-base > concatenate
लेख्नु,to write,C,व्यञ्जनान्त,yes,लेख्,लेख्,finite,future,सामान्य भविष्यत्,simple future,ma,1st person · singular,no,म,nominative,no,लेख्नेछु,ले ख्ने छु,stem:लेख् + end:ने + end:छु,empty-base > concatenate > concatenate
लेख्नु,to write,C,व्यञ्जनान्त,yes,लेख्,लेख्,finite,future,सामान्य भविष्यत्,simple future,hami,1st person · plural,no,हामी(हरू),nominative,no,लेख्नेछौँ,ले ख्ने छौँ,stem:लेख् + end:ने + end:छौँ,empty-base > concatenate > concatenate
लेख्नु,to write,C,व्यञ्जनान्त,yes,लेख्,लेख्,finite,future,सामान्य भविष्यत्,simple future,ta,2nd person · low grade,no,तँ,nominative,no,लेख्नेछस्,ले ख्ने छ स्,stem:लेख् + end:ने + end:छस्,empty-base > concatenate > concatenate
लेख्नु,to write,C,व्यञ्जनान्त,yes,लेख्,लेख्,finite,future,सामान्य भविष्यत्,simple future,timi,2nd person · mid grade,no,तिमी(हरू),nominative,no,लेख्नेछौ,ले ख्ने छौ,stem:लेख् + end:ने + end:छौ,empty-base > concatenate > concatenate
लेख्नु,to write,C,व्यञ्जनान्त,yes,लेख्,लेख्,finite,future,सामान्य भविष्यत्,simple future,tapai,2nd person · high grade,yes,तपाईं(हरू),nominative,no,लेख्नुहुनेछ,ले ख्नु हु ने छ,stem:लेख्नु + aux:हुनेछ,empty-base > concatenate
लेख्नु,to write,C,व्यञ्जनान्त,yes,लेख्,लेख्,finite,future,सामान्य भविष्यत्,simple future,u,3rd person · low grade,no,ऊ / त्यो,nominative,no,लेख्नेछ,ले ख्ने छ,stem:लेख् + end:ने + end:छ,empty-base > concatenate > concatenate
लेख्नु,to write,C,व्यञ्जनान्त,yes,लेख्,लेख्,finite,future,सामान्य भविष्यत्,simple future,uni,3rd person · mid grade,no,उनी / उनीहरू,nominative,no,लेख्नेछन्,ले ख्ने छ न्,stem:लेख् + end:ने + end:छन्,empty-base > concatenate > concatenate
लेख्नु,to write,C,व्यञ्जनान्त,yes,लेख्,लेख्,finite,future,सामान्य भविष्यत्,simple future,uha,3rd person · high grade,yes,उहाँ / वहाँ,nominative,no,लेख्नुहुनेछ,ले ख्नु हु ने छ,stem:लेख्नु + aux:हुनेछ,empty-base > concatenate
लेख्नु,to write,C,व्यञ्जनान्त,yes,लेख्,लेख्,finite,prob,सम्भावना,probable,ma,1st person · singular,no,म,nominative,yes,लेखुँला,ले खुँ ला,stem:लेख् + end:उँला,empty-base > virama-matra-fusion
लेख्नु,to write,C,व्यञ्जनान्त,yes,लेख्,लेख्,finite,prob,सम्भावना,probable,hami,1st person · plural,no,हामी(हरू),nominative,yes,लेखौँला,ले खौँ ला,stem:लेख् + end:औँला,empty-base > virama-matra-fusion
लेख्नु,to write,C,व्यञ्जनान्त,yes,लेख्,लेख्,finite,prob,सम्भावना,probable,ta,2nd person · low grade,no,तँ,nominative,yes,लेख्लास्,ले ख्ला स्,stem:लेख् + end:लास्,empty-base > concatenate
लेख्नु,to write,C,व्यञ्जनान्त,yes,लेख्,लेख्,finite,prob,सम्भावना,probable,timi,2nd person · mid grade,no,तिमी(हरू),nominative,yes,लेखौला,ले खौ ला,stem:लेख् + end:औला,empty-base > virama-matra-fusion
लेख्नु,to write,C,व्यञ्जनान्त,yes,लेख्,लेख्,finite,prob,सम्भावना,probable,tapai,2nd person · high grade,yes,तपाईं(हरू),nominative,yes,लेख्नुहोला,ले ख्नु हो ला,stem:लेख्नु + aux:होला,empty-base > concatenate
लेख्नु,to write,C,व्यञ्जनान्त,yes,लेख्,लेख्,finite,prob,सम्भावना,probable,u,3rd person · low grade,no,ऊ / त्यो,nominative,yes,लेख्ला,ले ख्ला,stem:लेख् + end:ला,empty-base > concatenate
लेख्नु,to write,C,व्यञ्जनान्त,yes,लेख्,लेख्,finite,prob,सम्भावना,probable,uni,3rd person · mid grade,no,उनी / उनीहरू,nominative,yes,लेख्लान्,ले ख्ला न्,stem:लेख् + end:लान्,empty-base > concatenate
लेख्नु,to write,C,व्यञ्जनान्त,yes,लेख्,लेख्,finite,prob,सम्भावना,probable,uha,3rd person · high grade,yes,उहाँ / वहाँ,nominative,yes,लेख्नुहोला,ले ख्नु हो ला,stem:लेख्नु + aux:होला,empty-base > concatenate
लेख्नु,to write,C,व्यञ्जनान्त,yes,लेख्,लेख्,finite,imp,आज्ञा र इच्छा,imperative & optative,ma,1st person · singular,no,म,nominative,no,लेखूँ,ले खूँ,stem:लेख् + end:ऊँ,empty-base > virama-matra-fusion
लेख्नु,to write,C,व्यञ्जनान्त,yes,लेख्,लेख्,finite,imp,आज्ञा र इच्छा,imperative & optative,hami,1st person · plural,no,हामी(हरू),nominative,no,लेखौँ,ले खौँ,stem:लेख् + end:औँ,empty-base > virama-matra-fusion
लेख्नु,to write,C,व्यञ्जनान्त,yes,लेख्,लेख्,finite,imp,आज्ञा र इच्छा,imperative & optative,ta,2nd person · low grade,no,तँ,nominative,no,लेख्,ले ख्,stem:लेख्,empty-base
लेख्नु,to write,C,व्यञ्जनान्त,yes,लेख्,लेख्,finite,imp,आज्ञा र इच्छा,imperative & optative,timi,2nd person · mid grade,no,तिमी(हरू),nominative,no,लेख,ले ख,stem:लेख् + end:अ,empty-base > virama-matra-fusion
लेख्नु,to write,C,व्यञ्जनान्त,yes,लेख्,लेख्,finite,imp,आज्ञा र इच्छा,imperative & optative,tapai,2nd person · high grade,yes,तपाईं(हरू),nominative,no,लेख्नुहोस्,ले ख्नु हो स्,stem:लेख्नु + aux:होस्,empty-base > concatenate
लेख्नु,to write,C,व्यञ्जनान्त,yes,लेख्,लेख्,finite,imp,आज्ञा र इच्छा,imperative & optative,u,3rd person · low grade,no,ऊ / त्यो,nominative,no,लेखोस्,ले खो स्,stem:लेख् + end:ओस्,empty-base > virama-matra-fusion
लेख्नु,to write,C,व्यञ्जनान्त,yes,लेख्,लेख्,finite,imp,आज्ञा र इच्छा,imperative & optative,uni,3rd person · mid grade,no,उनी / उनीहरू,nominative,no,लेखून्,ले खू न्,stem:लेख् + end:ऊन्,empty-base > virama-matra-fusion
लेख्नु,to write,C,व्यञ्जनान्त,yes,लेख्,लेख्,finite,imp,आज्ञा र इच्छा,imperative & optative,uha,3rd person · high grade,yes,उहाँ / वहाँ,nominative,no,लेख्नुहोस्,ले ख्नु हो स्,stem:लेख्नु + aux:होस्,empty-base > concatenate
लेख्नु,to write,C,व्यञ्जनान्त,yes,लेख्,लेख्,non-finite,क्रियार्थक नाम,,dictionary form,,,,,,,लेख्नु,ले ख्नु,,
लेख्नु,to write,C,व्यञ्जनान्त,yes,लेख्,लेख्,non-finite,उद्देश्यवाचक,,in order to …,,,,,,,लेख्न,ले ख्न,,
लेख्नु,to write,C,व्यञ्जनान्त,yes,लेख्,लेख्,non-finite,भविष्यवाचक,,the one that will …,,,,,,,लेख्ने,ले ख्ने,,
लेख्नु,to write,C,व्यञ्जनान्त,yes,लेख्,लेख्,non-finite,पूर्णकालिक,,having …-ed,,,,,,,लेखेको,ले खे को,,
लेख्नु,to write,C,व्यञ्जनान्त,yes,लेख्,लेख्,non-finite,पूर्वकालिक,,"…-ing, then",,,,,,,लेखेर,ले खे र,,
लेख्नु,to write,C,व्यञ्जनान्त,yes,लेख्,लेख्,non-finite,क्रियाविशेषण,,by …-ing,,,,,,,लेखी,ले खी,,
लेख्नु,to write,C,व्यञ्जनान्त,yes,लेख्,लेख्,non-finite,अपूर्णकालिक,,while …-ing,,,,,,,लेख्दै,ले ख्दै,,
लेख्नु,to write,C,व्यञ्जनान्त,yes,लेख्,लेख्,non-finite,समयवाचक,,when …-ing,,,,,,,लेख्दा,ले ख्दा,,
लेख्नु,to write,C,व्यञ्जनान्त,yes,लेख्,लेख्,non-finite,सर्तवाचक,,if …,,,,,,,लेखे भने,ले खे   भ ने,,
लेख्नु,to write,C,व्यञ्जनान्त,yes,लेख्,लेख्,infinitive,,,,,,,,,,लेख्नु,ले ख्नु,,
सुन्नु,to hear,C,व्यञ्जनान्त,yes,सुन्,सुन्,finite,habpres,अभ्यस्त वर्तमान,habitual present,ma,1st person · singular,no,म,nominative,no,सुन्छु,सु न्छु,stem:सुन् + end:छु,empty-base > concatenate
सुन्नु,to hear,C,व्यञ्जनान्त,yes,सुन्,सुन्,finite,habpres,अभ्यस्त वर्तमान,habitual present,hami,1st person · plural,no,हामी(हरू),nominative,no,सुन्छौँ,सु न्छौँ,stem:सुन् + end:छौँ,empty-base > concatenate
सुन्नु,to hear,C,व्यञ्जनान्त,yes,सुन्,सुन्,finite,habpres,अभ्यस्त वर्तमान,habitual present,ta,2nd person · low grade,no,तँ,nominative,no,सुन्छस्,सु न्छ स्,stem:सुन् + end:छस्,empty-base > concatenate
सुन्नु,to hear,C,व्यञ्जनान्त,yes,सुन्,सुन्,finite,habpres,अभ्यस्त वर्तमान,habitual present,timi,2nd person · mid grade,no,तिमी(हरू),nominative,no,सुन्छौ,सु न्छौ,stem:सुन् + end:छौ,empty-base > concatenate
सुन्नु,to hear,C,व्यञ्जनान्त,yes,सुन्,सुन्,finite,habpres,अभ्यस्त वर्तमान,habitual present,tapai,2nd person · high grade,yes,तपाईं(हरू),nominative,no,सुन्नुहुन्छ,सु न्नु हु न्छ,stem:सुन्नु + aux:हुन्छ,empty-base > concatenate
सुन्नु,to hear,C,व्यञ्जनान्त,yes,सुन्,सुन्,finite,habpres,अभ्यस्त वर्तमान,habitual present,u,3rd person · low grade,no,ऊ / त्यो,nominative,no,सुन्छ,सु न्छ,stem:सुन् + end:छ,empty-base > concatenate
सुन्नु,to hear,C,व्यञ्जनान्त,yes,सुन्,सुन्,finite,habpres,अभ्यस्त वर्तमान,habitual present,uni,3rd person · mid grade,no,उनी / उनीहरू,nominative,no,सुन्छन्,सु न्छ न्,stem:सुन् + end:छन्,empty-base > concatenate
सुन्नु,to hear,C,व्यञ्जनान्त,yes,सुन्,सुन्,finite,habpres,अभ्यस्त वर्तमान,habitual present,uha,3rd person · high grade,yes,उहाँ / वहाँ,nominative,no,सुन्नुहुन्छ,सु न्नु हु न्छ,stem:सुन्नु + aux:हुन्छ,empty-base > concatenate
सुन्नु,to hear,C,व्यञ्जनान्त,yes,सुन्,सुन्,finite,prescont,वर्तमान निरन्तर,present continuous,ma,1st person · singular,no,म,nominative,no,सुन्दैछु,सु न्दै छु,stem:सुन् + end:दै + aux:छु,empty-base > concatenate > concatenate
सुन्नु,to hear,C,व्यञ्जनान्त,yes,सुन्,सुन्,finite,prescont,वर्तमान निरन्तर,present continuous,hami,1st person · plural,no,हामी(हरू),nominative,no,सुन्दैछौँ,सु न्दै छौँ,stem:सुन् + end:दै + aux:छौँ,empty-base > concatenate > concatenate
सुन्नु,to hear,C,व्यञ्जनान्त,yes,सुन्,सुन्,finite,prescont,वर्तमान निरन्तर,present continuous,ta,2nd person · low grade,no,तँ,nominative,no,सुन्दैछस्,सु न्दै छ स्,stem:सुन् + end:दै + aux:छस्,empty-base > concatenate > concatenate
सुन्नु,to hear,C,व्यञ्जनान्त,yes,सुन्,सुन्,finite,prescont,वर्तमान निरन्तर,present continuous,timi,2nd person · mid grade,no,तिमी(हरू),nominative,no,सुन्दैछौ,सु न्दै छौ,stem:सुन् + end:दै + aux:छौ,empty-base > concatenate > concatenate
सुन्नु,to hear,C,व्यञ्जनान्त,yes,सुन्,सुन्,finite,prescont,वर्तमान निरन्तर,present continuous,tapai,2nd person · high grade,yes,तपाईं(हरू),nominative,no,सुन्दै हुनुहुन्छ,सु न्दै   हु नु हु न्छ,stem:सुन् + end:दै + aux: हुनुहुन्छ,empty-base > concatenate > concatenate
सुन्नु,to hear,C,व्यञ्जनान्त,yes,सुन्,सुन्,finite,prescont,वर्तमान निरन्तर,present continuous,u,3rd person · low grade,no,ऊ / त्यो,nominative,no,सुन्दैछ,सु न्दै छ,stem:सुन् + end:दै + aux:छ,empty-base > concatenate > concatenate
सुन्नु,to hear,C,व्यञ्जनान्त,yes,सुन्,सुन्,finite,prescont,वर्तमान निरन्तर,present continuous,uni,3rd person · mid grade,no,उनी / उनीहरू,nominative,no,सुन्दैछन्,सु न्दै छ न्,stem:सुन् + end:दै + aux:छन्,empty-base > concatenate > concatenate
सुन्नु,to hear,C,व्यञ्जनान्त,yes,सुन्,सुन्,finite,prescont,वर्तमान निरन्तर,present continuous,uha,3rd person · high grade,yes,उहाँ / वहाँ,nominative,no,सुन्दै हुनुहुन्छ,सु न्दै   हु नु हु न्छ,stem:सुन् + end:दै + aux: हुनुहुन्छ,empty-base > concatenate > concatenate
सुन्नु,to hear,C,व्यञ्जनान्त,yes,सुन्,सुन्,finite,presperf,वर्तमान पूर्ण,present perfect,ma,1st person · singular,no,मैले,ergative -ले,no,सुनेको छु,सु ने को   छु,stem:सुन् + end:एको + aux: छु,empty-base > virama-matra-fusion > concatenate
सुन्नु,to hear,C,व्यञ्जनान्त,yes,सुन्,सुन्,finite,presperf,वर्तमान पूर्ण,present perfect,hami,1st person · plural,no,हामी(हरू)ले,ergative -ले,no,सुनेका छौँ,सु ने का   छौँ,stem:सुन् + end:एका + aux: छौँ,empty-base > virama-matra-fusion > concatenate
सुन्नु,to hear,C,व्यञ्जनान्त,yes,सुन्,सुन्,finite,presperf,वर्तमान पूर्ण,present perfect,ta,2nd person · low grade,no,तैंले,ergative -ले,no,सुनेको छस्,सु ने को   छ स्,stem:सुन् + end:एको + aux: छस्,empty-base > virama-matra-fusion > concatenate
सुन्नु,to hear,C,व्यञ्जनान्त,yes,सुन्,सुन्,finite,presperf,वर्तमान पूर्ण,present perfect,timi,2nd person · mid grade,no,तिमी(हरू)ले,ergative -ले,no,सुनेको छौ,सु ने को   छौ,stem:सुन् + end:एको + aux: छौ,empty-base > virama-matra-fusion > concatenate
सुन्नु,to hear,C,व्यञ्जनान्त,yes,सुन्,सुन्,finite,presperf,वर्तमान पूर्ण,present perfect,tapai,2nd person · high grade,yes,तपाईं(हरू)ले,ergative -ले,no,सुन्नुभएको छ,सु न्नु भ ए को   छ,stem:सुन्नु + aux:भएको छ,empty-base > concatenate
सुन्नु,to hear,C,व्यञ्जनान्त,yes,सुन्,सुन्,finite,presperf,वर्तमान पूर्ण,present perfect,u,3rd person · low grade,no,उसले / त्यसले,ergative -ले,no,सुनेको छ,सु ने को   छ,stem:सुन् + end:एको + aux: छ,empty-base > virama-matra-fusion > concatenate
सुन्नु,to hear,C,व्यञ्जनान्त,yes,सुन्,सुन्,finite,presperf,वर्तमान पूर्ण,present perfect,uni,3rd person · mid grade,no,उनले / उनीहरूले,ergative -ले,no,सुनेका छन्,सु ने का   छ न्,stem:सुन् + end:एका + aux: छन्,empty-base > virama-matra-fusion > concatenate
सुन्नु,to hear,C,व्यञ्जनान्त,yes,सुन्,सुन्,finite,presperf,वर्तमान पूर्ण,present perfect,uha,3rd person · high grade,yes,उहाँले,ergative -ले,no,सुन्नुभएको छ,सु न्नु भ ए को   छ,stem:सुन्नु + aux:भएको छ,empty-base > concatenate
सुन्नु,to hear,C,व्यञ्जनान्त,yes,सुन्,सुन्,finite,past,सामान्य भूत,simple past,ma,1st person · singular,no,मैले,ergative -ले,no,सुनेँ,सु नेँ,stem:सुन् + end:एँ,empty-base > virama-matra-fusion
सुन्नु,to hear,C,व्यञ्जनान्त,yes,सुन्,सुन्,finite,past,सामान्य भूत,simple past,hami,1st person · plural,no,हामी(हरू)ले,ergative -ले,no,सुन्यौँ,सु न्यौँ,stem:सुन् + end:यौँ,empty-base > concatenate
सुन्नु,to hear,C,व्यञ्जनान्त,yes,सुन्,सुन्,finite,past,सामान्य भूत,simple past,ta,2nd person · low grade,no,तैंले,ergative -ले,no,सुनिस्,सु नि स्,stem:सुन् + end:इस्,empty-base > virama-matra-fusion
सुन्नु,to hear,C,व्यञ्जनान्त,yes,सुन्,सुन्,finite,past,सामान्य भूत,simple past,timi,2nd person · mid grade,no,तिमी(हरू)ले,ergative -ले,no,सुन्यौ,सु न्यौ,stem:सुन् + end:यौ,empty-base > concatenate
सुन्नु,to hear,C,व्यञ्जनान्त,yes,सुन्,सुन्,finite,past,सामान्य भूत,simple past,tapai,2nd person · high grade,yes,तपाईं(हरू)ले,ergative -ले,no,सुन्नुभयो,सु न्नु भ यो,stem:सुन्नु + aux:भयो,empty-base > concatenate
सुन्नु,to hear,C,व्यञ्जनान्त,yes,सुन्,सुन्,finite,past,सामान्य भूत,simple past,u,3rd person · low grade,no,उसले / त्यसले,ergative -ले,no,सुन्यो,सु न्यो,stem:सुन् + end:यो,empty-base > concatenate
सुन्नु,to hear,C,व्यञ्जनान्त,yes,सुन्,सुन्,finite,past,सामान्य भूत,simple past,uni,3rd person · mid grade,no,उनले / उनीहरूले,ergative -ले,no,सुने,सु ने,stem:सुन् + end:ए,empty-base > virama-matra-fusion
सुन्नु,to hear,C,व्यञ्जनान्त,yes,सुन्,सुन्,finite,past,सामान्य भूत,simple past,uha,3rd person · high grade,yes,उहाँले,ergative -ले,no,सुन्नुभयो,सु न्नु भ यो,stem:सुन्नु + aux:भयो,empty-base > concatenate
सुन्नु,to hear,C,व्यञ्जनान्त,yes,सुन्,सुन्,finite,habpast,अभ्यस्त भूत,habitual past,ma,1st person · singular,no,म,nominative,no,सुन्थेँ,सु न्थेँ,stem:सुन् + end:थेँ,empty-base > concatenate
सुन्नु,to hear,C,व्यञ्जनान्त,yes,सुन्,सुन्,finite,habpast,अभ्यस्त भूत,habitual past,hami,1st person · plural,no,हामी(हरू),nominative,no,सुन्थ्यौँ,सु न्थ्यौँ,stem:सुन् + end:थ्यौँ,empty-base > concatenate
सुन्नु,to hear,C,व्यञ्जनान्त,yes,सुन्,सुन्,finite,habpast,अभ्यस्त भूत,habitual past,ta,2nd person · low grade,no,तँ,nominative,no,सुन्थिस्,सु न्थि स्,stem:सुन् + end:थिस्,empty-base > concatenate
सुन्नु,to hear,C,व्यञ्जनान्त,yes,सुन्,सुन्,finite,habpast,अभ्यस्त भूत,habitual past,timi,2nd person · mid grade,no,तिमी(हरू),nominative,no,सुन्थ्यौ,सु न्थ्यौ,stem:सुन् + end:थ्यौ,empty-base > concatenate
सुन्नु,to hear,C,व्यञ्जनान्त,yes,सुन्,सुन्,finite,habpast,अभ्यस्त भूत,habitual past,tapai,2nd person · high grade,yes,तपाईं(हरू),nominative,no,सुन्नुहुन्थ्यो,सु न्नु हु न्थ्यो,stem:सुन्नु + aux:हुन्थ्यो,empty-base > concatenate
सुन्नु,to hear,C,व्यञ्जनान्त,yes,सुन्,सुन्,finite,habpast,अभ्यस्त भूत,habitual past,u,3rd person · low grade,no,ऊ / त्यो,nominative,no,सुन्थ्यो,सु न्थ्यो,stem:सुन् + end:थ्यो,empty-base > concatenate
सुन्नु,to hear,C,व्यञ्जनान्त,yes,सुन्,सुन्,finite,habpast,अभ्यस्त भूत,habitual past,uni,3rd person · mid grade,no,उनी / उनीहरू,nominative,no,सुन्थे,सु न्थे,stem:सुन् + end:थे,empty-base > concatenate
सुन्नु,to hear,C,व्यञ्जनान्त,yes,सुन्,सुन्,finite,habpast,अभ्यस्त भूत,habitual past,uha,3rd person · high grade,yes,उहाँ / वहाँ,nominative,no,सुन्नुहुन्थ्यो,सु न्नु हु न्थ्यो,stem:सुन्नु + aux:हुन्थ्यो,empty-base > concatenate
सुन्नु,to hear,C,व्यञ्जनान्त,yes,सुन्,सुन्,finite,pastcont,भूत निरन्तर,past continuous,ma,1st person · singular,no,म,nominative,no,सुन्दै थिएँ,सु न्दै   थि एँ,stem:सुन् + end:दै + aux: थिएँ,empty-base > concatenate > concatenate
सुन्नु,to hear,C,व्यञ्जनान्त,yes,सुन्,सुन्,finite,pastcont,भूत निरन्तर,past continuous,hami,1st person · plural,no,हामी(हरू),nominative,no,सुन्दै थियौँ,सु न्दै   थि यौँ,stem:सुन् + end:दै + aux: थियौँ,empty-base > concatenate > concatenate
सुन्नु,to hear,C,व्यञ्जनान्त,yes,सुन्,सुन्,finite,pastcont,भूत निरन्तर,past continuous,ta,2nd person · low grade,no,तँ,nominative,no,सुन्दै थिइस्,सु न्दै   थि इ स्,stem:सुन् + end:दै + aux: थिइस्,empty-base > concatenate > concatenate
सुन्नु,to hear,C,व्यञ्जनान्त,yes,सुन्,सुन्,finite,pastcont,भूत निरन्तर,past continuous,timi,2nd person · mid grade,no,तिमी(हरू),nominative,no,सुन्दै थियौ,सु न्दै   थि यौ,stem:सुन् + end:दै + aux: थियौ,empty-base > concatenate > concatenate
सुन्नु,to hear,C,व्यञ्जनान्त,yes,सुन्,सुन्,finite,pastcont,भूत निरन्तर,past continuous,tapai,2nd person · high grade,yes,तपाईं(हरू),nominative,no,सुन्दै हुनुहुन्थ्यो,सु न्दै   हु नु हु न्थ्यो,stem:सुन् + end:दै + aux: हुनुहुन्थ्यो,empty-base > concatenate > concatenate
सुन्नु,to hear,C,व्यञ्जनान्त,yes,सुन्,सुन्,finite,pastcont,भूत निरन्तर,past continuous,u,3rd person · low grade,no,ऊ / त्यो,nominative,no,सुन्दै थियो,सु न्दै   थि यो,stem:सुन् + end:दै + aux: थियो,empty-base > concatenate > concatenate
सुन्नु,to hear,C,व्यञ्जनान्त,yes,सुन्,सुन्,finite,pastcont,भूत निरन्तर,past continuous,uni,3rd person · mid grade,no,उनी / उनीहरू,nominative,no,सुन्दै थिए,सु न्दै   थि ए,stem:सुन् + end:दै + aux: थिए,empty-base > concatenate > concatenate
सुन्नु,to hear,C,व्यञ्जनान्त,yes,सुन्,सुन्,finite,pastcont,भूत निरन्तर,past continuous,uha,3rd person · high grade,yes,उहाँ / वहाँ,nominative,no,सुन्दै हुनुहुन्थ्यो,सु न्दै   हु नु हु न्थ्यो,stem:सुन् + end:दै + aux: हुनुहुन्थ्यो,empty-base > concatenate > concatenate
सुन्नु,to hear,C,व्यञ्जनान्त,yes,सुन्,सुन्,finite,pastperf,भूत पूर्ण,past perfect,ma,1st person · singular,no,मैले,ergative -ले,no,सुनेको थिएँ,सु ने को   थि एँ,stem:सुन् + end:एको + aux: थिएँ,empty-base > virama-matra-fusion > concatenate
सुन्नु,to hear,C,व्यञ्जनान्त,yes,सुन्,सुन्,finite,pastperf,भूत पूर्ण,past perfect,hami,1st person · plural,no,हामी(हरू)ले,ergative -ले,no,सुनेका थियौँ,सु ने का   थि यौँ,stem:सुन् + end:एका + aux: थियौँ,empty-base > virama-matra-fusion > concatenate
सुन्नु,to hear,C,व्यञ्जनान्त,yes,सुन्,सुन्,finite,pastperf,भूत पूर्ण,past perfect,ta,2nd person · low grade,no,तैंले,ergative -ले,no,सुनेको थिइस्,सु ने को   थि इ स्,stem:सुन् + end:एको + aux: थिइस्,empty-base > virama-matra-fusion > concatenate
सुन्नु,to hear,C,व्यञ्जनान्त,yes,सुन्,सुन्,finite,pastperf,भूत पूर्ण,past perfect,timi,2nd person · mid grade,no,तिमी(हरू)ले,ergative -ले,no,सुनेको थियौ,सु ने को   थि यौ,stem:सुन् + end:एको + aux: थियौ,empty-base > virama-matra-fusion > concatenate
सुन्नु,to hear,C,व्यञ्जनान्त,yes,सुन्,सुन्,finite,pastperf,भूत पूर्ण,past perfect,tapai,2nd person · high grade,yes,तपाईं(हरू)ले,ergative -ले,no,सुन्नुभएको थियो,सु न्नु भ ए को   थि यो,stem:सुन्नु + aux:भएको थियो,empty-base > concatenate
सुन्नु,to hear,C,व्यञ्जनान्त,yes,सुन्,सुन्,finite,pastperf,भूत पूर्ण,past perfect,u,3rd person · low grade,no,उसले / त्यसले,ergative -ले,no,सुनेको थियो,सु ने को   थि यो,stem:सुन् + end:एको + aux: थियो,empty-base > virama-matra-fusion > concatenate
सुन्नु,to hear,C,व्यञ्जनान्त,yes,सुन्,सुन्,finite,pastperf,भूत पूर्ण,past perfect,uni,3rd person · mid grade,no,उनले / उनीहरूले,ergative -ले,no,सुनेका थिए,सु ने का   थि ए,stem:सुन् + end:एका + aux: थिए,empty-base > virama-matra-fusion > concatenate
सुन्नु,to hear,C,व्यञ्जनान्त,yes,सुन्,सुन्,finite,pastperf,भूत पूर्ण,past perfect,uha,3rd person · high grade,yes,उहाँले,ergative -ले,no,सुन्नुभएको थियो,सु न्नु भ ए को   थि यो,stem:सुन्नु + aux:भएको थियो,empty-base > concatenate
सुन्नु,to hear,C,व्यञ्जनान्त,yes,सुन्,सुन्,finite,future,सामान्य भविष्यत्,simple future,ma,1st person · singular,no,म,nominative,no,सुन्नेछु,सु न्ने छु,stem:सुन् + end:ने + end:छु,empty-base > concatenate > concatenate
सुन्नु,to hear,C,व्यञ्जनान्त,yes,सुन्,सुन्,finite,future,सामान्य भविष्यत्,simple future,hami,1st person · plural,no,हामी(हरू),nominative,no,सुन्नेछौँ,सु न्ने छौँ,stem:सुन् + end:ने + end:छौँ,empty-base > concatenate > concatenate
सुन्नु,to hear,C,व्यञ्जनान्त,yes,सुन्,सुन्,finite,future,सामान्य भविष्यत्,simple future,ta,2nd person · low grade,no,तँ,nominative,no,सुन्नेछस्,सु न्ने छ स्,stem:सुन् + end:ने + end:छस्,empty-base > concatenate > concatenate
सुन्नु,to hear,C,व्यञ्जनान्त,yes,सुन्,सुन्,finite,future,सामान्य भविष्यत्,simple future,timi,2nd person · mid grade,no,तिमी(हरू),nominative,no,सुन्नेछौ,सु न्ने छौ,stem:सुन् + end:ने + end:छौ,empty-base > concatenate > concatenate
सुन्नु,to hear,C,व्यञ्जनान्त,yes,सुन्,सुन्,finite,future,सामान्य भविष्यत्,simple future,tapai,2nd person · high grade,yes,तपाईं(हरू),nominative,no,सुन्नुहुनेछ,सु न्नु हु ने छ,stem:सुन्नु + aux:हुनेछ,empty-base > concatenate
सुन्नु,to hear,C,व्यञ्जनान्त,yes,सुन्,सुन्,finite,future,सामान्य भविष्यत्,simple future,u,3rd person · low grade,no,ऊ / त्यो,nominative,no,सुन्नेछ,सु न्ने छ,stem:सुन् + end:ने + end:छ,empty-base > concatenate > concatenate
सुन्नु,to hear,C,व्यञ्जनान्त,yes,सुन्,सुन्,finite,future,सामान्य भविष्यत्,simple future,uni,3rd person · mid grade,no,उनी / उनीहरू,nominative,no,सुन्नेछन्,सु न्ने छ न्,stem:सुन् + end:ने + end:छन्,empty-base > concatenate > concatenate
सुन्नु,to hear,C,व्यञ्जनान्त,yes,सुन्,सुन्,finite,future,सामान्य भविष्यत्,simple future,uha,3rd person · high grade,yes,उहाँ / वहाँ,nominative,no,सुन्नुहुनेछ,सु न्नु हु ने छ,stem:सुन्नु + aux:हुनेछ,empty-base > concatenate
सुन्नु,to hear,C,व्यञ्जनान्त,yes,सुन्,सुन्,finite,prob,सम्भावना,probable,ma,1st person · singular,no,म,nominative,yes,सुनुँला,सु नुँ ला,stem:सुन् + end:उँला,empty-base > virama-matra-fusion
सुन्नु,to hear,C,व्यञ्जनान्त,yes,सुन्,सुन्,finite,prob,सम्भावना,probable,hami,1st person · plural,no,हामी(हरू),nominative,yes,सुनौँला,सु नौँ ला,stem:सुन् + end:औँला,empty-base > virama-matra-fusion
सुन्नु,to hear,C,व्यञ्जनान्त,yes,सुन्,सुन्,finite,prob,सम्भावना,probable,ta,2nd person · low grade,no,तँ,nominative,yes,सुन्लास्,सु न्ला स्,stem:सुन् + end:लास्,empty-base > concatenate
सुन्नु,to hear,C,व्यञ्जनान्त,yes,सुन्,सुन्,finite,prob,सम्भावना,probable,timi,2nd person · mid grade,no,तिमी(हरू),nominative,yes,सुनौला,सु नौ ला,stem:सुन् + end:औला,empty-base > virama-matra-fusion
सुन्नु,to hear,C,व्यञ्जनान्त,yes,सुन्,सुन्,finite,prob,सम्भावना,probable,tapai,2nd person · high grade,yes,तपाईं(हरू),nominative,yes,सुन्नुहोला,सु न्नु हो ला,stem:सुन्नु + aux:होला,empty-base > concatenate
सुन्नु,to hear,C,व्यञ्जनान्त,yes,सुन्,सुन्,finite,prob,सम्भावना,probable,u,3rd person · low grade,no,ऊ / त्यो,nominative,yes,सुन्ला,सु न्ला,stem:सुन् + end:ला,empty-base > concatenate
सुन्नु,to hear,C,व्यञ्जनान्त,yes,सुन्,सुन्,finite,prob,सम्भावना,probable,uni,3rd person · mid grade,no,उनी / उनीहरू,nominative,yes,सुन्लान्,सु न्ला न्,stem:सुन् + end:लान्,empty-base > concatenate
सुन्नु,to hear,C,व्यञ्जनान्त,yes,सुन्,सुन्,finite,prob,सम्भावना,probable,uha,3rd person · high grade,yes,उहाँ / वहाँ,nominative,yes,सुन्नुहोला,सु न्नु हो ला,stem:सुन्नु + aux:होला,empty-base > concatenate
सुन्नु,to hear,C,व्यञ्जनान्त,yes,सुन्,सुन्,finite,imp,आज्ञा र इच्छा,imperative & optative,ma,1st person · singular,no,म,nominative,no,सुनूँ,सु नूँ,stem:सुन् + end:ऊँ,empty-base > virama-matra-fusion
सुन्नु,to hear,C,व्यञ्जनान्त,yes,सुन्,सुन्,finite,imp,आज्ञा र इच्छा,imperative & optative,hami,1st person · plural,no,हामी(हरू),nominative,no,सुनौँ,सु नौँ,stem:सुन् + end:औँ,empty-base > virama-matra-fusion
सुन्नु,to hear,C,व्यञ्जनान्त,yes,सुन्,सुन्,finite,imp,आज्ञा र इच्छा,imperative & optative,ta,2nd person · low grade,no,तँ,nominative,no,सुन्,सु न्,stem:सुन्,empty-base
सुन्नु,to hear,C,व्यञ्जनान्त,yes,सुन्,सुन्,finite,imp,आज्ञा र इच्छा,imperative & optative,timi,2nd person · mid grade,no,तिमी(हरू),nominative,no,सुन,सु न,stem:सुन् + end:अ,empty-base > virama-matra-fusion
सुन्नु,to hear,C,व्यञ्जनान्त,yes,सुन्,सुन्,finite,imp,आज्ञा र इच्छा,imperative & optative,tapai,2nd person · high grade,yes,तपाईं(हरू),nominative,no,सुन्नुहोस्,सु न्नु हो स्,stem:सुन्नु + aux:होस्,empty-base > concatenate
सुन्नु,to hear,C,व्यञ्जनान्त,yes,सुन्,सुन्,finite,imp,आज्ञा र इच्छा,imperative & optative,u,3rd person · low grade,no,ऊ / त्यो,nominative,no,सुनोस्,सु नो स्,stem:सुन् + end:ओस्,empty-base > virama-matra-fusion
सुन्नु,to hear,C,व्यञ्जनान्त,yes,सुन्,सुन्,finite,imp,आज्ञा र इच्छा,imperative & optative,uni,3rd person · mid grade,no,उनी / उनीहरू,nominative,no,सुनून्,सु नू न्,stem:सुन् + end:ऊन्,empty-base > virama-matra-fusion
सुन्नु,to hear,C,व्यञ्जनान्त,yes,सुन्,सुन्,finite,imp,आज्ञा र इच्छा,imperative & optative,uha,3rd person · high grade,yes,उहाँ / वहाँ,nominative,no,सुन्नुहोस्,सु न्नु हो स्,stem:सुन्नु + aux:होस्,empty-base > concatenate
सुन्नु,to hear,C,व्यञ्जनान्त,yes,सुन्,सुन्,non-finite,क्रियार्थक नाम,,dictionary form,,,,,,,सुन्नु,सु न्नु,,
सुन्नु,to hear,C,व्यञ्जनान्त,yes,सुन्,सुन्,non-finite,उद्देश्यवाचक,,in order to …,,,,,,,सुन्न,सु न्न,,
सुन्नु,to hear,C,व्यञ्जनान्त,yes,सुन्,सुन्,non-finite,भविष्यवाचक,,the one that will …,,,,,,,सुन्ने,सु न्ने,,
सुन्नु,to hear,C,व्यञ्जनान्त,yes,सुन्,सुन्,non-finite,पूर्णकालिक,,having …-ed,,,,,,,सुनेको,सु ने को,,
सुन्नु,to hear,C,व्यञ्जनान्त,yes,सुन्,सुन्,non-finite,पूर्वकालिक,,"…-ing, then",,,,,,,सुनेर,सु ने र,,
सुन्नु,to hear,C,व्यञ्जनान्त,yes,सुन्,सुन्,non-finite,क्रियाविशेषण,,by …-ing,,,,,,,सुनी,सु नी,,
सुन्नु,to hear,C,व्यञ्जनान्त,yes,सुन्,सुन्,non-finite,अपूर्णकालिक,,while …-ing,,,,,,,सुन्दै,सु न्दै,,
सुन्नु,to hear,C,व्यञ्जनान्त,yes,सुन्,सुन्,non-finite,समयवाचक,,when …-ing,,,,,,,सुन्दा,सु न्दा,,
सुन्नु,to hear,C,व्यञ्जनान्त,yes,सुन्,सुन्,non-finite,सर्तवाचक,,if …,,,,,,,सुने भने,सु ने   भ ने,,
सुन्नु,to hear,C,व्यञ्जनान्त,yes,सुन्,सुन्,infinitive,,,,,,,,,,सुन्नु,सु न्नु,,
बुझ्नु,to understand,C,व्यञ्जनान्त,yes,बुझ्,बुझ्,finite,habpres,अभ्यस्त वर्तमान,habitual present,ma,1st person · singular,no,म,nominative,no,बुझ्छु,बु झ्छु,stem:बुझ् + end:छु,empty-base > concatenate
बुझ्नु,to understand,C,व्यञ्जनान्त,yes,बुझ्,बुझ्,finite,habpres,अभ्यस्त वर्तमान,habitual present,hami,1st person · plural,no,हामी(हरू),nominative,no,बुझ्छौँ,बु झ्छौँ,stem:बुझ् + end:छौँ,empty-base > concatenate
बुझ्नु,to understand,C,व्यञ्जनान्त,yes,बुझ्,बुझ्,finite,habpres,अभ्यस्त वर्तमान,habitual present,ta,2nd person · low grade,no,तँ,nominative,no,बुझ्छस्,बु झ्छ स्,stem:बुझ् + end:छस्,empty-base > concatenate
बुझ्नु,to understand,C,व्यञ्जनान्त,yes,बुझ्,बुझ्,finite,habpres,अभ्यस्त वर्तमान,habitual present,timi,2nd person · mid grade,no,तिमी(हरू),nominative,no,बुझ्छौ,बु झ्छौ,stem:बुझ् + end:छौ,empty-base > concatenate
बुझ्नु,to understand,C,व्यञ्जनान्त,yes,बुझ्,बुझ्,finite,habpres,अभ्यस्त वर्तमान,habitual present,tapai,2nd person · high grade,yes,तपाईं(हरू),nominative,no,बुझ्नुहुन्छ,बु झ्नु हु न्छ,stem:बुझ्नु + aux:हुन्छ,empty-base > concatenate
बुझ्नु,to understand,C,व्यञ्जनान्त,yes,बुझ्,बुझ्,finite,habpres,अभ्यस्त वर्तमान,habitual present,u,3rd person · low grade,no,ऊ / त्यो,nominative,no,बुझ्छ,बु झ्छ,stem:बुझ् + end:छ,empty-base > concatenate
बुझ्नु,to understand,C,व्यञ्जनान्त,yes,बुझ्,बुझ्,finite,habpres,अभ्यस्त वर्तमान,habitual present,uni,3rd person · mid grade,no,उनी / उनीहरू,nominative,no,बुझ्छन्,बु झ्छ न्,stem:बुझ् + end:छन्,empty-base > concatenate
बुझ्नु,to understand,C,व्यञ्जनान्त,yes,बुझ्,बुझ्,finite,habpres,अभ्यस्त वर्तमान,habitual present,uha,3rd person · high grade,yes,उहाँ / वहाँ,nominative,no,बुझ्नुहुन्छ,बु झ्नु हु न्छ,stem:बुझ्नु + aux:हुन्छ,empty-base > concatenate
बुझ्नु,to understand,C,व्यञ्जनान्त,yes,बुझ्,बुझ्,finite,prescont,वर्तमान निरन्तर,present continuous,ma,1st person · singular,no,म,nominative,no,बुझ्दैछु,बु झ्दै छु,stem:बुझ् + end:दै + aux:छु,empty-base > concatenate > concatenate
बुझ्नु,to understand,C,व्यञ्जनान्त,yes,बुझ्,बुझ्,finite,prescont,वर्तमान निरन्तर,present continuous,hami,1st person · plural,no,हामी(हरू),nominative,no,बुझ्दैछौँ,बु झ्दै छौँ,stem:बुझ् + end:दै + aux:छौँ,empty-base > concatenate > concatenate
बुझ्नु,to understand,C,व्यञ्जनान्त,yes,बुझ्,बुझ्,finite,prescont,वर्तमान निरन्तर,present continuous,ta,2nd person · low grade,no,तँ,nominative,no,बुझ्दैछस्,बु झ्दै छ स्,stem:बुझ् + end:दै + aux:छस्,empty-base > concatenate > concatenate
बुझ्नु,to understand,C,व्यञ्जनान्त,yes,बुझ्,बुझ्,finite,prescont,वर्तमान निरन्तर,present continuous,timi,2nd person · mid grade,no,तिमी(हरू),nominative,no,बुझ्दैछौ,बु झ्दै छौ,stem:बुझ् + end:दै + aux:छौ,empty-base > concatenate > concatenate
बुझ्नु,to understand,C,व्यञ्जनान्त,yes,बुझ्,बुझ्,finite,prescont,वर्तमान निरन्तर,present continuous,tapai,2nd person · high grade,yes,तपाईं(हरू),nominative,no,बुझ्दै हुनुहुन्छ,बु झ्दै   हु नु हु न्छ,stem:बुझ् + end:दै + aux: हुनुहुन्छ,empty-base > concatenate > concatenate
बुझ्नु,to understand,C,व्यञ्जनान्त,yes,बुझ्,बुझ्,finite,prescont,वर्तमान निरन्तर,present continuous,u,3rd person · low grade,no,ऊ / त्यो,nominative,no,बुझ्दैछ,बु झ्दै छ,stem:बुझ् + end:दै + aux:छ,empty-base > concatenate > concatenate
बुझ्नु,to understand,C,व्यञ्जनान्त,yes,बुझ्,बुझ्,finite,prescont,वर्तमान निरन्तर,present continuous,uni,3rd person · mid grade,no,उनी / उनीहरू,nominative,no,बुझ्दैछन्,बु झ्दै छ न्,stem:बुझ् + end:दै + aux:छन्,empty-base > concatenate > concatenate
बुझ्नु,to understand,C,व्यञ्जनान्त,yes,बुझ्,बुझ्,finite,prescont,वर्तमान निरन्तर,present continuous,uha,3rd person · high grade,yes,उहाँ / वहाँ,nominative,no,बुझ्दै हुनुहुन्छ,बु झ्दै   हु नु हु न्छ,stem:बुझ् + end:दै + aux: हुनुहुन्छ,empty-base > concatenate > concatenate
बुझ्नु,to understand,C,व्यञ्जनान्त,yes,बुझ्,बुझ्,finite,presperf,वर्तमान पूर्ण,present perfect,ma,1st person · singular,no,मैले,ergative -ले,no,बुझेको छु,बु झे को   छु,stem:बुझ् + end:एको + aux: छु,empty-base > virama-matra-fusion > concatenate
बुझ्नु,to understand,C,व्यञ्जनान्त,yes,बुझ्,बुझ्,finite,presperf,वर्तमान पूर्ण,present perfect,hami,1st person · plural,no,हामी(हरू)ले,ergative -ले,no,बुझेका छौँ,बु झे का   छौँ,stem:बुझ् + end:एका + aux: छौँ,empty-base > virama-matra-fusion > concatenate
बुझ्नु,to understand,C,व्यञ्जनान्त,yes,बुझ्,बुझ्,finite,presperf,वर्तमान पूर्ण,present perfect,ta,2nd person · low grade,no,तैंले,ergative -ले,no,बुझेको छस्,बु झे को   छ स्,stem:बुझ् + end:एको + aux: छस्,empty-base > virama-matra-fusion > concatenate
बुझ्नु,to understand,C,व्यञ्जनान्त,yes,बुझ्,बुझ्,finite,presperf,वर्तमान पूर्ण,present perfect,timi,2nd person · mid grade,no,तिमी(हरू)ले,ergative -ले,no,बुझेको छौ,बु झे को   छौ,stem:बुझ् + end:एको + aux: छौ,empty-base > virama-matra-fusion > concatenate
बुझ्नु,to understand,C,व्यञ्जनान्त,yes,बुझ्,बुझ्,finite,presperf,वर्तमान पूर्ण,present perfect,tapai,2nd person · high grade,yes,तपाईं(हरू)ले,ergative -ले,no,बुझ्नुभएको छ,बु झ्नु भ ए को   छ,stem:बुझ्नु + aux:भएको छ,empty-base > concatenate
बुझ्नु,to understand,C,व्यञ्जनान्त,yes,बुझ्,बुझ्,finite,presperf,वर्तमान पूर्ण,present perfect,u,3rd person · low grade,no,उसले / त्यसले,ergative -ले,no,बुझेको छ,बु झे को   छ,stem:बुझ् + end:एको + aux: छ,empty-base > virama-matra-fusion > concatenate
बुझ्नु,to understand,C,व्यञ्जनान्त,yes,बुझ्,बुझ्,finite,presperf,वर्तमान पूर्ण,present perfect,uni,3rd person · mid grade,no,उनले / उनीहरूले,ergative -ले,no,बुझेका छन्,बु झे का   छ न्,stem:बुझ् + end:एका + aux: छन्,empty-base > virama-matra-fusion > concatenate
बुझ्नु,to understand,C,व्यञ्जनान्त,yes,बुझ्,बुझ्,finite,presperf,वर्तमान पूर्ण,present perfect,uha,3rd person · high grade,yes,उहाँले,ergative -ले,no,बुझ्नुभएको छ,बु झ्नु भ ए को   छ,stem:बुझ्नु + aux:भएको छ,empty-base > concatenate
बुझ्नु,to understand,C,व्यञ्जनान्त,yes,बुझ्,बुझ्,finite,past,सामान्य भूत,simple past,ma,1st person · singular,no,मैले,ergative -ले,no,बुझेँ,बु झेँ,stem:बुझ् + end:एँ,empty-base > virama-matra-fusion
बुझ्नु,to understand,C,व्यञ्जनान्त,yes,बुझ्,बुझ्,finite,past,सामान्य भूत,simple past,hami,1st person · plural,no,हामी(हरू)ले,ergative -ले,no,बुझ्यौँ,बु झ्यौँ,stem:बुझ् + end:यौँ,empty-base > concatenate
बुझ्नु,to understand,C,व्यञ्जनान्त,yes,बुझ्,बुझ्,finite,past,सामान्य भूत,simple past,ta,2nd person · low grade,no,तैंले,ergative -ले,no,बुझिस्,बु झि स्,stem:बुझ् + end:इस्,empty-base > virama-matra-fusion
बुझ्नु,to understand,C,व्यञ्जनान्त,yes,बुझ्,बुझ्,finite,past,सामान्य भूत,simple past,timi,2nd person · mid grade,no,तिमी(हरू)ले,ergative -ले,no,बुझ्यौ,बु झ्यौ,stem:बुझ् + end:यौ,empty-base > concatenate
बुझ्नु,to understand,C,व्यञ्जनान्त,yes,बुझ्,बुझ्,finite,past,सामान्य भूत,simple past,tapai,2nd person · high grade,yes,तपाईं(हरू)ले,ergative -ले,no,बुझ्नुभयो,बु झ्नु भ यो,stem:बुझ्नु + aux:भयो,empty-base > concatenate
बुझ्नु,to understand,C,व्यञ्जनान्त,yes,बुझ्,बुझ्,finite,past,सामान्य भूत,simple past,u,3rd person · low grade,no,उसले / त्यसले,ergative -ले,no,बुझ्यो,बु झ्यो,stem:बुझ् + end:यो,empty-base > concatenate
बुझ्नु,to understand,C,व्यञ्जनान्त,yes,बुझ्,बुझ्,finite,past,सामान्य भूत,simple past,uni,3rd person · mid grade,no,उनले / उनीहरूले,ergative -ले,no,बुझे,बु झे,stem:बुझ् + end:ए,empty-base > virama-matra-fusion
बुझ्नु,to understand,C,व्यञ्जनान्त,yes,बुझ्,बुझ्,finite,past,सामान्य भूत,simple past,uha,3rd person · high grade,yes,उहाँले,ergative -ले,no,बुझ्नुभयो,बु झ्नु भ यो,stem:बुझ्नु + aux:भयो,empty-base > concatenate
बुझ्नु,to understand,C,व्यञ्जनान्त,yes,बुझ्,बुझ्,finite,habpast,अभ्यस्त भूत,habitual past,ma,1st person · singular,no,म,nominative,no,बुझ्थेँ,बु झ्थेँ,stem:बुझ् + end:थेँ,empty-base > concatenate
बुझ्नु,to understand,C,व्यञ्जनान्त,yes,बुझ्,बुझ्,finite,habpast,अभ्यस्त भूत,habitual past,hami,1st person · plural,no,हामी(हरू),nominative,no,बुझ्थ्यौँ,बु झ्थ्यौँ,stem:बुझ् + end:थ्यौँ,empty-base > concatenate
बुझ्नु,to understand,C,व्यञ्जनान्त,yes,बुझ्,बुझ्,finite,habpast,अभ्यस्त भूत,habitual past,ta,2nd person · low grade,no,तँ,nominative,no,बुझ्थिस्,बु झ्थि स्,stem:बुझ् + end:थिस्,empty-base > concatenate
बुझ्नु,to understand,C,व्यञ्जनान्त,yes,बुझ्,बुझ्,finite,habpast,अभ्यस्त भूत,habitual past,timi,2nd person · mid grade,no,तिमी(हरू),nominative,no,बुझ्थ्यौ,बु झ्थ्यौ,stem:बुझ् + end:थ्यौ,empty-base > concatenate
बुझ्नु,to understand,C,व्यञ्जनान्त,yes,बुझ्,बुझ्,finite,habpast,अभ्यस्त भूत,habitual past,tapai,2nd person · high grade,yes,तपाईं(हरू),nominative,no,बुझ्नुहुन्थ्यो,बु झ्नु हु न्थ्यो,stem:बुझ्नु + aux:हुन्थ्यो,empty-base > concatenate
बुझ्नु,to understand,C,व्यञ्जनान्त,yes,बुझ्,बुझ्,finite,habpast,अभ्यस्त भूत,habitual past,u,3rd person · low grade,no,ऊ / त्यो,nominative,no,बुझ्थ्यो,बु झ्थ्यो,stem:बुझ् + end:थ्यो,empty-base > concatenate
बुझ्नु,to understand,C,व्यञ्जनान्त,yes,बुझ्,बुझ्,finite,habpast,अभ्यस्त भूत,habitual past,uni,3rd person · mid grade,no,उनी / उनीहरू,nominative,no,बुझ्थे,बु झ्थे,stem:बुझ् + end:थे,empty-base > concatenate
बुझ्नु,to understand,C,व्यञ्जनान्त,yes,बुझ्,बुझ्,finite,habpast,अभ्यस्त भूत,habitual past,uha,3rd person · high grade,yes,उहाँ / वहाँ,nominative,no,बुझ्नुहुन्थ्यो,बु झ्नु हु न्थ्यो,stem:बुझ्नु + aux:हुन्थ्यो,empty-base > concatenate
बुझ्नु,to understand,C,व्यञ्जनान्त,yes,बुझ्,बुझ्,finite,pastcont,भूत निरन्तर,past continuous,ma,1st person · singular,no,म,nominative,no,बुझ्दै थिएँ,बु झ्दै   थि एँ,stem:बुझ् + end:दै + aux: थिएँ,empty-base > concatenate > concatenate
बुझ्नु,to understand,C,व्यञ्जनान्त,yes,बुझ्,बुझ्,finite,pastcont,भूत निरन्तर,past continuous,hami,1st person · plural,no,हामी(हरू),nominative,no,बुझ्दै थियौँ,बु झ्दै   थि यौँ,stem:बुझ् + end:दै + aux: थियौँ,empty-base > concatenate > concatenate
बुझ्नु,to understand,C,व्यञ्जनान्त,yes,बुझ्,बुझ्,finite,pastcont,भूत निरन्तर,past continuous,ta,2nd person · low grade,no,तँ,nominative,no,बुझ्दै थिइस्,बु झ्दै   थि इ स्,stem:बुझ् + end:दै + aux: थिइस्,empty-base > concatenate > concatenate
बुझ्नु,to understand,C,व्यञ्जनान्त,yes,बुझ्,बुझ्,finite,pastcont,भूत निरन्तर,past continuous,timi,2nd person · mid grade,no,तिमी(हरू),nominative,no,बुझ्दै थियौ,बु झ्दै   थि यौ,stem:बुझ् + end:दै + aux: थियौ,empty-base > concatenate > concatenate
बुझ्नु,to understand,C,व्यञ्जनान्त,yes,बुझ्,बुझ्,finite,pastcont,भूत निरन्तर,past continuous,tapai,2nd person · high grade,yes,तपाईं(हरू),nominative,no,बुझ्दै हुनुहुन्थ्यो,बु झ्दै   हु नु हु न्थ्यो,stem:बुझ् + end:दै + aux: हुनुहुन्थ्यो,empty-base > concatenate > concatenate
बुझ्नु,to understand,C,व्यञ्जनान्त,yes,बुझ्,बुझ्,finite,pastcont,भूत निरन्तर,past continuous,u,3rd person · low grade,no,ऊ / त्यो,nominative,no,बुझ्दै थियो,बु झ्दै   थि यो,stem:बुझ् + end:दै + aux: थियो,empty-base > concatenate > concatenate
बुझ्नु,to understand,C,व्यञ्जनान्त,yes,बुझ्,बुझ्,finite,pastcont,भूत निरन्तर,past continuous,uni,3rd person · mid grade,no,उनी / उनीहरू,nominative,no,बुझ्दै थिए,बु झ्दै   थि ए,stem:बुझ् + end:दै + aux: थिए,empty-base > concatenate > concatenate
बुझ्नु,to understand,C,व्यञ्जनान्त,yes,बुझ्,बुझ्,finite,pastcont,भूत निरन्तर,past continuous,uha,3rd person · high grade,yes,उहाँ / वहाँ,nominative,no,बुझ्दै हुनुहुन्थ्यो,बु झ्दै   हु नु हु न्थ्यो,stem:बुझ् + end:दै + aux: हुनुहुन्थ्यो,empty-base > concatenate > concatenate
बुझ्नु,to understand,C,व्यञ्जनान्त,yes,बुझ्,बुझ्,finite,pastperf,भूत पूर्ण,past perfect,ma,1st person · singular,no,मैले,ergative -ले,no,बुझेको थिएँ,बु झे को   थि एँ,stem:बुझ् + end:एको + aux: थिएँ,empty-base > virama-matra-fusion > concatenate
बुझ्नु,to understand,C,व्यञ्जनान्त,yes,बुझ्,बुझ्,finite,pastperf,भूत पूर्ण,past perfect,hami,1st person · plural,no,हामी(हरू)ले,ergative -ले,no,बुझेका थियौँ,बु झे का   थि यौँ,stem:बुझ् + end:एका + aux: थियौँ,empty-base > virama-matra-fusion > concatenate
बुझ्नु,to understand,C,व्यञ्जनान्त,yes,बुझ्,बुझ्,finite,pastperf,भूत पूर्ण,past perfect,ta,2nd person · low grade,no,तैंले,ergative -ले,no,बुझेको थिइस्,बु झे को   थि इ स्,stem:बुझ् + end:एको + aux: थिइस्,empty-base > virama-matra-fusion > concatenate
बुझ्नु,to understand,C,व्यञ्जनान्त,yes,बुझ्,बुझ्,finite,pastperf,भूत पूर्ण,past perfect,timi,2nd person · mid grade,no,तिमी(हरू)ले,ergative -ले,no,बुझेको थियौ,बु झे को   थि यौ,stem:बुझ् + end:एको + aux: थियौ,empty-base > virama-matra-fusion > concatenate
बुझ्नु,to understand,C,व्यञ्जनान्त,yes,बुझ्,बुझ्,finite,pastperf,भूत पूर्ण,past perfect,tapai,2nd person · high grade,yes,तपाईं(हरू)ले,ergative -ले,no,बुझ्नुभएको थियो,बु झ्नु भ ए को   थि यो,stem:बुझ्नु + aux:भएको थियो,empty-base > concatenate
बुझ्नु,to understand,C,व्यञ्जनान्त,yes,बुझ्,बुझ्,finite,pastperf,भूत पूर्ण,past perfect,u,3rd person · low grade,no,उसले / त्यसले,ergative -ले,no,बुझेको थियो,बु झे को   थि यो,stem:बुझ् + end:एको + aux: थियो,empty-base > virama-matra-fusion > concatenate
बुझ्नु,to understand,C,व्यञ्जनान्त,yes,बुझ्,बुझ्,finite,pastperf,भूत पूर्ण,past perfect,uni,3rd person · mid grade,no,उनले / उनीहरूले,ergative -ले,no,बुझेका थिए,बु झे का   थि ए,stem:बुझ् + end:एका + aux: थिए,empty-base > virama-matra-fusion > concatenate
बुझ्नु,to understand,C,व्यञ्जनान्त,yes,बुझ्,बुझ्,finite,pastperf,भूत पूर्ण,past perfect,uha,3rd person · high grade,yes,उहाँले,ergative -ले,no,बुझ्नुभएको थियो,बु झ्नु भ ए को   थि यो,stem:बुझ्नु + aux:भएको थियो,empty-base > concatenate
बुझ्नु,to understand,C,व्यञ्जनान्त,yes,बुझ्,बुझ्,finite,future,सामान्य भविष्यत्,simple future,ma,1st person · singular,no,म,nominative,no,बुझ्नेछु,बु झ्ने छु,stem:बुझ् + end:ने + end:छु,empty-base > concatenate > concatenate
बुझ्नु,to understand,C,व्यञ्जनान्त,yes,बुझ्,बुझ्,finite,future,सामान्य भविष्यत्,simple future,hami,1st person · plural,no,हामी(हरू),nominative,no,बुझ्नेछौँ,बु झ्ने छौँ,stem:बुझ् + end:ने + end:छौँ,empty-base > concatenate > concatenate
बुझ्नु,to understand,C,व्यञ्जनान्त,yes,बुझ्,बुझ्,finite,future,सामान्य भविष्यत्,simple future,ta,2nd person · low grade,no,तँ,nominative,no,बुझ्नेछस्,बु झ्ने छ स्,stem:बुझ् + end:ने + end:छस्,empty-base > concatenate > concatenate
बुझ्नु,to understand,C,व्यञ्जनान्त,yes,बुझ्,बुझ्,finite,future,सामान्य भविष्यत्,simple future,timi,2nd person · mid grade,no,तिमी(हरू),nominative,no,बुझ्नेछौ,बु झ्ने छौ,stem:बुझ् + end:ने + end:छौ,empty-base > concatenate > concatenate
बुझ्नु,to understand,C,व्यञ्जनान्त,yes,बुझ्,बुझ्,finite,future,सामान्य भविष्यत्,simple future,tapai,2nd person · high grade,yes,तपाईं(हरू),nominative,no,बुझ्नुहुनेछ,बु झ्नु हु ने छ,stem:बुझ्नु + aux:हुनेछ,empty-base > concatenate
बुझ्नु,to understand,C,व्यञ्जनान्त,yes,बुझ्,बुझ्,finite,future,सामान्य भविष्यत्,simple future,u,3rd person · low grade,no,ऊ / त्यो,nominative,no,बुझ्नेछ,बु झ्ने छ,stem:बुझ् + end:ने + end:छ,empty-base > concatenate > concatenate
बुझ्नु,to understand,C,व्यञ्जनान्त,yes,बुझ्,बुझ्,finite,future,सामान्य भविष्यत्,simple future,uni,3rd person · mid grade,no,उनी / उनीहरू,nominative,no,बुझ्नेछन्,बु झ्ने छ न्,stem:बुझ् + end:ने + end:छन्,empty-base > concatenate > concatenate
बुझ्नु,to understand,C,व्यञ्जनान्त,yes,बुझ्,बुझ्,finite,future,सामान्य भविष्यत्,simple future,uha,3rd person · high grade,yes,उहाँ / वहाँ,nominative,no,बुझ्नुहुनेछ,बु झ्नु हु ने छ,stem:बुझ्नु + aux:हुनेछ,empty-base > concatenate
बुझ्नु,to understand,C,व्यञ्जनान्त,yes,बुझ्,बुझ्,finite,prob,सम्भावना,probable,ma,1st person · singular,no,म,nominative,yes,बुझुँला,बु झुँ ला,stem:बुझ् + end:उँला,empty-base > virama-matra-fusion
बुझ्नु,to understand,C,व्यञ्जनान्त,yes,बुझ्,बुझ्,finite,prob,सम्भावना,probable,hami,1st person · plural,no,हामी(हरू),nominative,yes,बुझौँला,बु झौँ ला,stem:बुझ् + end:औँला,empty-base > virama-matra-fusion
बुझ्नु,to understand,C,व्यञ्जनान्त,yes,बुझ्,बुझ्,finite,prob,सम्भावना,probable,ta,2nd person · low grade,no,तँ,nominative,yes,बुझ्लास्,बु झ्ला स्,stem:बुझ् + end:लास्,empty-base > concatenate
बुझ्नु,to understand,C,व्यञ्जनान्त,yes,बुझ्,बुझ्,finite,prob,सम्भावना,probable,timi,2nd person · mid grade,no,तिमी(हरू),nominative,yes,बुझौला,बु झौ ला,stem:बुझ् + end:औला,empty-base > virama-matra-fusion
बुझ्नु,to understand,C,व्यञ्जनान्त,yes,बुझ्,बुझ्,finite,prob,सम्भावना,probable,tapai,2nd person · high grade,yes,तपाईं(हरू),nominative,yes,बुझ्नुहोला,बु झ्नु हो ला,stem:बुझ्नु + aux:होला,empty-base > concatenate
बुझ्नु,to understand,C,व्यञ्जनान्त,yes,बुझ्,बुझ्,finite,prob,सम्भावना,probable,u,3rd person · low grade,no,ऊ / त्यो,nominative,yes,बुझ्ला,बु झ्ला,stem:बुझ् + end:ला,empty-base > concatenate
बुझ्नु,to understand,C,व्यञ्जनान्त,yes,बुझ्,बुझ्,finite,prob,सम्भावना,probable,uni,3rd person · mid grade,no,उनी / उनीहरू,nominative,yes,बुझ्लान्,बु झ्ला न्,stem:बुझ् + end:लान्,empty-base > concatenate
बुझ्नु,to understand,C,व्यञ्जनान्त,yes,बुझ्,बुझ्,finite,prob,सम्भावना,probable,uha,3rd person · high grade,yes,उहाँ / वहाँ,nominative,yes,बुझ्नुहोला,बु झ्नु हो ला,stem:बुझ्नु + aux:होला,empty-base > concatenate
बुझ्नु,to understand,C,व्यञ्जनान्त,yes,बुझ्,बुझ्,finite,imp,आज्ञा र इच्छा,imperative & optative,ma,1st person · singular,no,म,nominative,no,बुझूँ,बु झूँ,stem:बुझ् + end:ऊँ,empty-base > virama-matra-fusion
बुझ्नु,to understand,C,व्यञ्जनान्त,yes,बुझ्,बुझ्,finite,imp,आज्ञा र इच्छा,imperative & optative,hami,1st person · plural,no,हामी(हरू),nominative,no,बुझौँ,बु झौँ,stem:बुझ् + end:औँ,empty-base > virama-matra-fusion
बुझ्नु,to understand,C,व्यञ्जनान्त,yes,बुझ्,बुझ्,finite,imp,आज्ञा र इच्छा,imperative & optative,ta,2nd person · low grade,no,तँ,nominative,no,बुझ्,बु झ्,stem:बुझ्,empty-base
बुझ्नु,to understand,C,व्यञ्जनान्त,yes,बुझ्,बुझ्,finite,imp,आज्ञा र इच्छा,imperative & optative,timi,2nd person · mid grade,no,तिमी(हरू),nominative,no,बुझ,बु झ,stem:बुझ् + end:अ,empty-base > virama-matra-fusion
बुझ्नु,to understand,C,व्यञ्जनान्त,yes,बुझ्,बुझ्,finite,imp,आज्ञा र इच्छा,imperative & optative,tapai,2nd person · high grade,yes,तपाईं(हरू),nominative,no,बुझ्नुहोस्,बु झ्नु हो स्,stem:बुझ्नु + aux:होस्,empty-base > concatenate
बुझ्नु,to understand,C,व्यञ्जनान्त,yes,बुझ्,बुझ्,finite,imp,आज्ञा र इच्छा,imperative & optative,u,3rd person · low grade,no,ऊ / त्यो,nominative,no,बुझोस्,बु झो स्,stem:बुझ् + end:ओस्,empty-base > virama-matra-fusion
बुझ्नु,to understand,C,व्यञ्जनान्त,yes,बुझ्,बुझ्,finite,imp,आज्ञा र इच्छा,imperative & optative,uni,3rd person · mid grade,no,उनी / उनीहरू,nominative,no,बुझून्,बु झू न्,stem:बुझ् + end:ऊन्,empty-base > virama-matra-fusion
बुझ्नु,to understand,C,व्यञ्जनान्त,yes,बुझ्,बुझ्,finite,imp,आज्ञा र इच्छा,imperative & optative,uha,3rd person · high grade,yes,उहाँ / वहाँ,nominative,no,बुझ्नुहोस्,बु झ्नु हो स्,stem:बुझ्नु + aux:होस्,empty-base > concatenate
बुझ्नु,to understand,C,व्यञ्जनान्त,yes,बुझ्,बुझ्,non-finite,क्रियार्थक नाम,,dictionary form,,,,,,,बुझ्नु,बु झ्नु,,
बुझ्नु,to understand,C,व्यञ्जनान्त,yes,बुझ्,बुझ्,non-finite,उद्देश्यवाचक,,in order to …,,,,,,,बुझ्न,बु झ्न,,
बुझ्नु,to understand,C,व्यञ्जनान्त,yes,बुझ्,बुझ्,non-finite,भविष्यवाचक,,the one that will …,,,,,,,बुझ्ने,बु झ्ने,,
बुझ्नु,to understand,C,व्यञ्जनान्त,yes,बुझ्,बुझ्,non-finite,पूर्णकालिक,,having …-ed,,,,,,,बुझेको,बु झे को,,
बुझ्नु,to understand,C,व्यञ्जनान्त,yes,बुझ्,बुझ्,non-finite,पूर्वकालिक,,"…-ing, then",,,,,,,बुझेर,बु झे र,,
बुझ्नु,to understand,C,व्यञ्जनान्त,yes,बुझ्,बुझ्,non-finite,क्रियाविशेषण,,by …-ing,,,,,,,बुझी,बु झी,,
बुझ्नु,to understand,C,व्यञ्जनान्त,yes,बुझ्,बुझ्,non-finite,अपूर्णकालिक,,while …-ing,,,,,,,बुझ्दै,बु झ्दै,,
बुझ्नु,to understand,C,व्यञ्जनान्त,yes,बुझ्,बुझ्,non-finite,समयवाचक,,when …-ing,,,,,,,बुझ्दा,बु झ्दा,,
बुझ्नु,to understand,C,व्यञ्जनान्त,yes,बुझ्,बुझ्,non-finite,सर्तवाचक,,if …,,,,,,,बुझे भने,बु झे   भ ने,,
बुझ्नु,to understand,C,व्यञ्जनान्त,yes,बुझ्,बुझ्,infinitive,,,,,,,,,,बुझ्नु,बु झ्नु,,
सिक्नु,to learn,C,व्यञ्जनान्त,yes,सिक्,सिक्,finite,habpres,अभ्यस्त वर्तमान,habitual present,ma,1st person · singular,no,म,nominative,no,सिक्छु,सि क्छु,stem:सिक् + end:छु,empty-base > concatenate
सिक्नु,to learn,C,व्यञ्जनान्त,yes,सिक्,सिक्,finite,habpres,अभ्यस्त वर्तमान,habitual present,hami,1st person · plural,no,हामी(हरू),nominative,no,सिक्छौँ,सि क्छौँ,stem:सिक् + end:छौँ,empty-base > concatenate
सिक्नु,to learn,C,व्यञ्जनान्त,yes,सिक्,सिक्,finite,habpres,अभ्यस्त वर्तमान,habitual present,ta,2nd person · low grade,no,तँ,nominative,no,सिक्छस्,सि क्छ स्,stem:सिक् + end:छस्,empty-base > concatenate
सिक्नु,to learn,C,व्यञ्जनान्त,yes,सिक्,सिक्,finite,habpres,अभ्यस्त वर्तमान,habitual present,timi,2nd person · mid grade,no,तिमी(हरू),nominative,no,सिक्छौ,सि क्छौ,stem:सिक् + end:छौ,empty-base > concatenate
सिक्नु,to learn,C,व्यञ्जनान्त,yes,सिक्,सिक्,finite,habpres,अभ्यस्त वर्तमान,habitual present,tapai,2nd person · high grade,yes,तपाईं(हरू),nominative,no,सिक्नुहुन्छ,सि क्नु हु न्छ,stem:सिक्नु + aux:हुन्छ,empty-base > concatenate
सिक्नु,to learn,C,व्यञ्जनान्त,yes,सिक्,सिक्,finite,habpres,अभ्यस्त वर्तमान,habitual present,u,3rd person · low grade,no,ऊ / त्यो,nominative,no,सिक्छ,सि क्छ,stem:सिक् + end:छ,empty-base > concatenate
सिक्नु,to learn,C,व्यञ्जनान्त,yes,सिक्,सिक्,finite,habpres,अभ्यस्त वर्तमान,habitual present,uni,3rd person · mid grade,no,उनी / उनीहरू,nominative,no,सिक्छन्,सि क्छ न्,stem:सिक् + end:छन्,empty-base > concatenate
सिक्नु,to learn,C,व्यञ्जनान्त,yes,सिक्,सिक्,finite,habpres,अभ्यस्त वर्तमान,habitual present,uha,3rd person · high grade,yes,उहाँ / वहाँ,nominative,no,सिक्नुहुन्छ,सि क्नु हु न्छ,stem:सिक्नु + aux:हुन्छ,empty-base > concatenate
सिक्नु,to learn,C,व्यञ्जनान्त,yes,सिक्,सिक्,finite,prescont,वर्तमान निरन्तर,present continuous,ma,1st person · singular,no,म,nominative,no,सिक्दैछु,सि क्दै छु,stem:सिक् + end:दै + aux:छु,empty-base > concatenate > concatenate
सिक्नु,to learn,C,व्यञ्जनान्त,yes,सिक्,सिक्,finite,prescont,वर्तमान निरन्तर,present continuous,hami,1st person · plural,no,हामी(हरू),nominative,no,सिक्दैछौँ,सि क्दै छौँ,stem:सिक् + end:दै + aux:छौँ,empty-base > concatenate > concatenate
सिक्नु,to learn,C,व्यञ्जनान्त,yes,सिक्,सिक्,finite,prescont,वर्तमान निरन्तर,present continuous,ta,2nd person · low grade,no,तँ,nominative,no,सिक्दैछस्,सि क्दै छ स्,stem:सिक् + end:दै + aux:छस्,empty-base > concatenate > concatenate
सिक्नु,to learn,C,व्यञ्जनान्त,yes,सिक्,सिक्,finite,prescont,वर्तमान निरन्तर,present continuous,timi,2nd person · mid grade,no,तिमी(हरू),nominative,no,सिक्दैछौ,सि क्दै छौ,stem:सिक् + end:दै + aux:छौ,empty-base > concatenate > concatenate
सिक्नु,to learn,C,व्यञ्जनान्त,yes,सिक्,सिक्,finite,prescont,वर्तमान निरन्तर,present continuous,tapai,2nd person · high grade,yes,तपाईं(हरू),nominative,no,सिक्दै हुनुहुन्छ,सि क्दै   हु नु हु न्छ,stem:सिक् + end:दै + aux: हुनुहुन्छ,empty-base > concatenate > concatenate
सिक्नु,to learn,C,व्यञ्जनान्त,yes,सिक्,सिक्,finite,prescont,वर्तमान निरन्तर,present continuous,u,3rd person · low grade,no,ऊ / त्यो,nominative,no,सिक्दैछ,सि क्दै छ,stem:सिक् + end:दै + aux:छ,empty-base > concatenate > concatenate
सिक्नु,to learn,C,व्यञ्जनान्त,yes,सिक्,सिक्,finite,prescont,वर्तमान निरन्तर,present continuous,uni,3rd person · mid grade,no,उनी / उनीहरू,nominative,no,सिक्दैछन्,सि क्दै छ न्,stem:सिक् + end:दै + aux:छन्,empty-base > concatenate > concatenate
सिक्नु,to learn,C,व्यञ्जनान्त,yes,सिक्,सिक्,finite,prescont,वर्तमान निरन्तर,present continuous,uha,3rd person · high grade,yes,उहाँ / वहाँ,nominative,no,सिक्दै हुनुहुन्छ,सि क्दै   हु नु हु न्छ,stem:सिक् + end:दै + aux: हुनुहुन्छ,empty-base > concatenate > concatenate
सिक्नु,to learn,C,व्यञ्जनान्त,yes,सिक्,सिक्,finite,presperf,वर्तमान पूर्ण,present perfect,ma,1st person · singular,no,मैले,ergative -ले,no,सिकेको छु,सि के को   छु,stem:सिक् + end:एको + aux: छु,empty-base > virama-matra-fusion > concatenate
सिक्नु,to learn,C,व्यञ्जनान्त,yes,सिक्,सिक्,finite,presperf,वर्तमान पूर्ण,present perfect,hami,1st person · plural,no,हामी(हरू)ले,ergative -ले,no,सिकेका छौँ,सि के का   छौँ,stem:सिक् + end:एका + aux: छौँ,empty-base > virama-matra-fusion > concatenate
सिक्नु,to learn,C,व्यञ्जनान्त,yes,सिक्,सिक्,finite,presperf,वर्तमान पूर्ण,present perfect,ta,2nd person · low grade,no,तैंले,ergative -ले,no,सिकेको छस्,सि के को   छ स्,stem:सिक् + end:एको + aux: छस्,empty-base > virama-matra-fusion > concatenate
सिक्नु,to learn,C,व्यञ्जनान्त,yes,सिक्,सिक्,finite,presperf,वर्तमान पूर्ण,present perfect,timi,2nd person · mid grade,no,तिमी(हरू)ले,ergative -ले,no,सिकेको छौ,सि के को   छौ,stem:सिक् + end:एको + aux: छौ,empty-base > virama-matra-fusion > concatenate
सिक्नु,to learn,C,व्यञ्जनान्त,yes,सिक्,सिक्,finite,presperf,वर्तमान पूर्ण,present perfect,tapai,2nd person · high grade,yes,तपाईं(हरू)ले,ergative -ले,no,सिक्नुभएको छ,सि क्नु भ ए को   छ,stem:सिक्नु + aux:भएको छ,empty-base > concatenate
सिक्नु,to learn,C,व्यञ्जनान्त,yes,सिक्,सिक्,finite,presperf,वर्तमान पूर्ण,present perfect,u,3rd person · low grade,no,उसले / त्यसले,ergative -ले,no,सिकेको छ,सि के को   छ,stem:सिक् + end:एको + aux: छ,empty-base > virama-matra-fusion > concatenate
सिक्नु,to learn,C,व्यञ्जनान्त,yes,सिक्,सिक्,finite,presperf,वर्तमान पूर्ण,present perfect,uni,3rd person · mid grade,no,उनले / उनीहरूले,ergative -ले,no,सिकेका छन्,सि के का   छ न्,stem:सिक् + end:एका + aux: छन्,empty-base > virama-matra-fusion > concatenate
सिक्नु,to learn,C,व्यञ्जनान्त,yes,सिक्,सिक्,finite,presperf,वर्तमान पूर्ण,present perfect,uha,3rd person · high grade,yes,उहाँले,ergative -ले,no,सिक्नुभएको छ,सि क्नु भ ए को   छ,stem:सिक्नु + aux:भएको छ,empty-base > concatenate
सिक्नु,to learn,C,व्यञ्जनान्त,yes,सिक्,सिक्,finite,past,सामान्य भूत,simple past,ma,1st person · singular,no,मैले,ergative -ले,no,सिकेँ,सि केँ,stem:सिक् + end:एँ,empty-base > virama-matra-fusion
सिक्नु,to learn,C,व्यञ्जनान्त,yes,सिक्,सिक्,finite,past,सामान्य भूत,simple past,hami,1st person · plural,no,हामी(हरू)ले,ergative -ले,no,सिक्यौँ,सि क्यौँ,stem:सिक् + end:यौँ,empty-base > concatenate
सिक्नु,to learn,C,व्यञ्जनान्त,yes,सिक्,सिक्,finite,past,सामान्य भूत,simple past,ta,2nd person · low grade,no,तैंले,ergative -ले,no,सिकिस्,सि कि स्,stem:सिक् + end:इस्,empty-base > virama-matra-fusion
सिक्नु,to learn,C,व्यञ्जनान्त,yes,सिक्,सिक्,finite,past,सामान्य भूत,simple past,timi,2nd person · mid grade,no,तिमी(हरू)ले,ergative -ले,no,सिक्यौ,सि क्यौ,stem:सिक् + end:यौ,empty-base > concatenate
सिक्नु,to learn,C,व्यञ्जनान्त,yes,सिक्,सिक्,finite,past,सामान्य भूत,simple past,tapai,2nd person · high grade,yes,तपाईं(हरू)ले,ergative -ले,no,सिक्नुभयो,सि क्नु भ यो,stem:सिक्नु + aux:भयो,empty-base > concatenate
सिक्नु,to learn,C,व्यञ्जनान्त,yes,सिक्,सिक्,finite,past,सामान्य भूत,simple past,u,3rd person · low grade,no,उसले / त्यसले,ergative -ले,no,सिक्यो,सि क्यो,stem:सिक् + end:यो,empty-base > concatenate
सिक्नु,to learn,C,व्यञ्जनान्त,yes,सिक्,सिक्,finite,past,सामान्य भूत,simple past,uni,3rd person · mid grade,no,उनले / उनीहरूले,ergative -ले,no,सिके,सि के,stem:सिक् + end:ए,empty-base > virama-matra-fusion
सिक्नु,to learn,C,व्यञ्जनान्त,yes,सिक्,सिक्,finite,past,सामान्य भूत,simple past,uha,3rd person · high grade,yes,उहाँले,ergative -ले,no,सिक्नुभयो,सि क्नु भ यो,stem:सिक्नु + aux:भयो,empty-base > concatenate
सिक्नु,to learn,C,व्यञ्जनान्त,yes,सिक्,सिक्,finite,habpast,अभ्यस्त भूत,habitual past,ma,1st person · singular,no,म,nominative,no,सिक्थेँ,सि क्थेँ,stem:सिक् + end:थेँ,empty-base > concatenate
सिक्नु,to learn,C,व्यञ्जनान्त,yes,सिक्,सिक्,finite,habpast,अभ्यस्त भूत,habitual past,hami,1st person · plural,no,हामी(हरू),nominative,no,सिक्थ्यौँ,सि क्थ्यौँ,stem:सिक् + end:थ्यौँ,empty-base > concatenate
सिक्नु,to learn,C,व्यञ्जनान्त,yes,सिक्,सिक्,finite,habpast,अभ्यस्त भूत,habitual past,ta,2nd person · low grade,no,तँ,nominative,no,सिक्थिस्,सि क्थि स्,stem:सिक् + end:थिस्,empty-base > concatenate
सिक्नु,to learn,C,व्यञ्जनान्त,yes,सिक्,सिक्,finite,habpast,अभ्यस्त भूत,habitual past,timi,2nd person · mid grade,no,तिमी(हरू),nominative,no,सिक्थ्यौ,सि क्थ्यौ,stem:सिक् + end:थ्यौ,empty-base > concatenate
सिक्नु,to learn,C,व्यञ्जनान्त,yes,सिक्,सिक्,finite,habpast,अभ्यस्त भूत,habitual past,tapai,2nd person · high grade,yes,तपाईं(हरू),nominative,no,सिक्नुहुन्थ्यो,सि क्नु हु न्थ्यो,stem:सिक्नु + aux:हुन्थ्यो,empty-base > concatenate
सिक्नु,to learn,C,व्यञ्जनान्त,yes,सिक्,सिक्,finite,habpast,अभ्यस्त भूत,habitual past,u,3rd person · low grade,no,ऊ / त्यो,nominative,no,सिक्थ्यो,सि क्थ्यो,stem:सिक् + end:थ्यो,empty-base > concatenate
सिक्नु,to learn,C,व्यञ्जनान्त,yes,सिक्,सिक्,finite,habpast,अभ्यस्त भूत,habitual past,uni,3rd person · mid grade,no,उनी / उनीहरू,nominative,no,सिक्थे,सि क्थे,stem:सिक् + end:थे,empty-base > concatenate
सिक्नु,to learn,C,व्यञ्जनान्त,yes,सिक्,सिक्,finite,habpast,अभ्यस्त भूत,habitual past,uha,3rd person · high grade,yes,उहाँ / वहाँ,nominative,no,सिक्नुहुन्थ्यो,सि क्नु हु न्थ्यो,stem:सिक्नु + aux:हुन्थ्यो,empty-base > concatenate
सिक्नु,to learn,C,व्यञ्जनान्त,yes,सिक्,सिक्,finite,pastcont,भूत निरन्तर,past continuous,ma,1st person · singular,no,म,nominative,no,सिक्दै थिएँ,सि क्दै   थि एँ,stem:सिक् + end:दै + aux: थिएँ,empty-base > concatenate > concatenate
सिक्नु,to learn,C,व्यञ्जनान्त,yes,सिक्,सिक्,finite,pastcont,भूत निरन्तर,past continuous,hami,1st person · plural,no,हामी(हरू),nominative,no,सिक्दै थियौँ,सि क्दै   थि यौँ,stem:सिक् + end:दै + aux: थियौँ,empty-base > concatenate > concatenate
सिक्नु,to learn,C,व्यञ्जनान्त,yes,सिक्,सिक्,finite,pastcont,भूत निरन्तर,past continuous,ta,2nd person · low grade,no,तँ,nominative,no,सिक्दै थिइस्,सि क्दै   थि इ स्,stem:सिक् + end:दै + aux: थिइस्,empty-base > concatenate > concatenate
सिक्नु,to learn,C,व्यञ्जनान्त,yes,सिक्,सिक्,finite,pastcont,भूत निरन्तर,past continuous,timi,2nd person · mid grade,no,तिमी(हरू),nominative,no,सिक्दै थियौ,सि क्दै   थि यौ,stem:सिक् + end:दै + aux: थियौ,empty-base > concatenate > concatenate
सिक्नु,to learn,C,व्यञ्जनान्त,yes,सिक्,सिक्,finite,pastcont,भूत निरन्तर,past continuous,tapai,2nd person · high grade,yes,तपाईं(हरू),nominative,no,सिक्दै हुनुहुन्थ्यो,सि क्दै   हु नु हु न्थ्यो,stem:सिक् + end:दै + aux: हुनुहुन्थ्यो,empty-base > concatenate > concatenate
सिक्नु,to learn,C,व्यञ्जनान्त,yes,सिक्,सिक्,finite,pastcont,भूत निरन्तर,past continuous,u,3rd person · low grade,no,ऊ / त्यो,nominative,no,सिक्दै थियो,सि क्दै   थि यो,stem:सिक् + end:दै + aux: थियो,empty-base > concatenate > concatenate
सिक्नु,to learn,C,व्यञ्जनान्त,yes,सिक्,सिक्,finite,pastcont,भूत निरन्तर,past continuous,uni,3rd person · mid grade,no,उनी / उनीहरू,nominative,no,सिक्दै थिए,सि क्दै   थि ए,stem:सिक् + end:दै + aux: थिए,empty-base > concatenate > concatenate
सिक्नु,to learn,C,व्यञ्जनान्त,yes,सिक्,सिक्,finite,pastcont,भूत निरन्तर,past continuous,uha,3rd person · high grade,yes,उहाँ / वहाँ,nominative,no,सिक्दै हुनुहुन्थ्यो,सि क्दै   हु नु हु न्थ्यो,stem:सिक् + end:दै + aux: हुनुहुन्थ्यो,empty-base > concatenate > concatenate
सिक्नु,to learn,C,व्यञ्जनान्त,yes,सिक्,सिक्,finite,pastperf,भूत पूर्ण,past perfect,ma,1st person · singular,no,मैले,ergative -ले,no,सिकेको थिएँ,सि के को   थि एँ,stem:सिक् + end:एको + aux: थिएँ,empty-base > virama-matra-fusion > concatenate
सिक्नु,to learn,C,व्यञ्जनान्त,yes,सिक्,सिक्,finite,pastperf,भूत पूर्ण,past perfect,hami,1st person · plural,no,हामी(हरू)ले,ergative -ले,no,सिकेका थियौँ,सि के का   थि यौँ,stem:सिक् + end:एका + aux: थियौँ,empty-base > virama-matra-fusion > concatenate
सिक्नु,to learn,C,व्यञ्जनान्त,yes,सिक्,सिक्,finite,pastperf,भूत पूर्ण,past perfect,ta,2nd person · low grade,no,तैंले,ergative -ले,no,सिकेको थिइस्,सि के को   थि इ स्,stem:सिक् + end:एको + aux: थिइस्,empty-base > virama-matra-fusion > concatenate
सिक्नु,to learn,C,व्यञ्जनान्त,yes,सिक्,सिक्,finite,pastperf,भूत पूर्ण,past perfect,timi,2nd person · mid grade,no,तिमी(हरू)ले,ergative -ले,no,सिकेको थियौ,सि के को   थि यौ,stem:सिक् + end:एको + aux: थियौ,empty-base > virama-matra-fusion > concatenate
सिक्नु,to learn,C,व्यञ्जनान्त,yes,सिक्,सिक्,finite,pastperf,भूत पूर्ण,past perfect,tapai,2nd person · high grade,yes,तपाईं(हरू)ले,ergative -ले,no,सिक्नुभएको थियो,सि क्नु भ ए को   थि यो,stem:सिक्नु + aux:भएको थियो,empty-base > concatenate
सिक्नु,to learn,C,व्यञ्जनान्त,yes,सिक्,सिक्,finite,pastperf,भूत पूर्ण,past perfect,u,3rd person · low grade,no,उसले / त्यसले,ergative -ले,no,सिकेको थियो,सि के को   थि यो,stem:सिक् + end:एको + aux: थियो,empty-base > virama-matra-fusion > concatenate
सिक्नु,to learn,C,व्यञ्जनान्त,yes,सिक्,सिक्,finite,pastperf,भूत पूर्ण,past perfect,uni,3rd person · mid grade,no,उनले / उनीहरूले,ergative -ले,no,सिकेका थिए,सि के का   थि ए,stem:सिक् + end:एका + aux: थिए,empty-base > virama-matra-fusion > concatenate
सिक्नु,to learn,C,व्यञ्जनान्त,yes,सिक्,सिक्,finite,pastperf,भूत पूर्ण,past perfect,uha,3rd person · high grade,yes,उहाँले,ergative -ले,no,सिक्नुभएको थियो,सि क्नु भ ए को   थि यो,stem:सिक्नु + aux:भएको थियो,empty-base > concatenate
सिक्नु,to learn,C,व्यञ्जनान्त,yes,सिक्,सिक्,finite,future,सामान्य भविष्यत्,simple future,ma,1st person · singular,no,म,nominative,no,सिक्नेछु,सि क्ने छु,stem:सिक् + end:ने + end:छु,empty-base > concatenate > concatenate
सिक्नु,to learn,C,व्यञ्जनान्त,yes,सिक्,सिक्,finite,future,सामान्य भविष्यत्,simple future,hami,1st person · plural,no,हामी(हरू),nominative,no,सिक्नेछौँ,सि क्ने छौँ,stem:सिक् + end:ने + end:छौँ,empty-base > concatenate > concatenate
सिक्नु,to learn,C,व्यञ्जनान्त,yes,सिक्,सिक्,finite,future,सामान्य भविष्यत्,simple future,ta,2nd person · low grade,no,तँ,nominative,no,सिक्नेछस्,सि क्ने छ स्,stem:सिक् + end:ने + end:छस्,empty-base > concatenate > concatenate
सिक्नु,to learn,C,व्यञ्जनान्त,yes,सिक्,सिक्,finite,future,सामान्य भविष्यत्,simple future,timi,2nd person · mid grade,no,तिमी(हरू),nominative,no,सिक्नेछौ,सि क्ने छौ,stem:सिक् + end:ने + end:छौ,empty-base > concatenate > concatenate
सिक्नु,to learn,C,व्यञ्जनान्त,yes,सिक्,सिक्,finite,future,सामान्य भविष्यत्,simple future,tapai,2nd person · high grade,yes,तपाईं(हरू),nominative,no,सिक्नुहुनेछ,सि क्नु हु ने छ,stem:सिक्नु + aux:हुनेछ,empty-base > concatenate
सिक्नु,to learn,C,व्यञ्जनान्त,yes,सिक्,सिक्,finite,future,सामान्य भविष्यत्,simple future,u,3rd person · low grade,no,ऊ / त्यो,nominative,no,सिक्नेछ,सि क्ने छ,stem:सिक् + end:ने + end:छ,empty-base > concatenate > concatenate
सिक्नु,to learn,C,व्यञ्जनान्त,yes,सिक्,सिक्,finite,future,सामान्य भविष्यत्,simple future,uni,3rd person · mid grade,no,उनी / उनीहरू,nominative,no,सिक्नेछन्,सि क्ने छ न्,stem:सिक् + end:ने + end:छन्,empty-base > concatenate > concatenate
सिक्नु,to learn,C,व्यञ्जनान्त,yes,सिक्,सिक्,finite,future,सामान्य भविष्यत्,simple future,uha,3rd person · high grade,yes,उहाँ / वहाँ,nominative,no,सिक्नुहुनेछ,सि क्नु हु ने छ,stem:सिक्नु + aux:हुनेछ,empty-base > concatenate
सिक्नु,to learn,C,व्यञ्जनान्त,yes,सिक्,सिक्,finite,prob,सम्भावना,probable,ma,1st person · singular,no,म,nominative,yes,सिकुँला,सि कुँ ला,stem:सिक् + end:उँला,empty-base > virama-matra-fusion
सिक्नु,to learn,C,व्यञ्जनान्त,yes,सिक्,सिक्,finite,prob,सम्भावना,probable,hami,1st person · plural,no,हामी(हरू),nominative,yes,सिकौँला,सि कौँ ला,stem:सिक् + end:औँला,empty-base > virama-matra-fusion
सिक्नु,to learn,C,व्यञ्जनान्त,yes,सिक्,सिक्,finite,prob,सम्भावना,probable,ta,2nd person · low grade,no,तँ,nominative,yes,सिक्लास्,सि क्ला स्,stem:सिक् + end:लास्,empty-base > concatenate
सिक्नु,to learn,C,व्यञ्जनान्त,yes,सिक्,सिक्,finite,prob,सम्भावना,probable,timi,2nd person · mid grade,no,तिमी(हरू),nominative,yes,सिकौला,सि कौ ला,stem:सिक् + end:औला,empty-base > virama-matra-fusion
सिक्नु,to learn,C,व्यञ्जनान्त,yes,सिक्,सिक्,finite,prob,सम्भावना,probable,tapai,2nd person · high grade,yes,तपाईं(हरू),nominative,yes,सिक्नुहोला,सि क्नु हो ला,stem:सिक्नु + aux:होला,empty-base > concatenate
सिक्नु,to learn,C,व्यञ्जनान्त,yes,सिक्,सिक्,finite,prob,सम्भावना,probable,u,3rd person · low grade,no,ऊ / त्यो,nominative,yes,सिक्ला,सि क्ला,stem:सिक् + end:ला,empty-base > concatenate
सिक्नु,to learn,C,व्यञ्जनान्त,yes,सिक्,सिक्,finite,prob,सम्भावना,probable,uni,3rd person · mid grade,no,उनी / उनीहरू,nominative,yes,सिक्लान्,सि क्ला न्,stem:सिक् + end:लान्,empty-base > concatenate
सिक्नु,to learn,C,व्यञ्जनान्त,yes,सिक्,सिक्,finite,prob,सम्भावना,probable,uha,3rd person · high grade,yes,उहाँ / वहाँ,nominative,yes,सिक्नुहोला,सि क्नु हो ला,stem:सिक्नु + aux:होला,empty-base > concatenate
सिक्नु,to learn,C,व्यञ्जनान्त,yes,सिक्,सिक्,finite,imp,आज्ञा र इच्छा,imperative & optative,ma,1st person · singular,no,म,nominative,no,सिकूँ,सि कूँ,stem:सिक् + end:ऊँ,empty-base > virama-matra-fusion
सिक्नु,to learn,C,व्यञ्जनान्त,yes,सिक्,सिक्,finite,imp,आज्ञा र इच्छा,imperative & optative,hami,1st person · plural,no,हामी(हरू),nominative,no,सिकौँ,सि कौँ,stem:सिक् + end:औँ,empty-base > virama-matra-fusion
सिक्नु,to learn,C,व्यञ्जनान्त,yes,सिक्,सिक्,finite,imp,आज्ञा र इच्छा,imperative & optative,ta,2nd person · low grade,no,तँ,nominative,no,सिक्,सि क्,stem:सिक्,empty-base
सिक्नु,to learn,C,व्यञ्जनान्त,yes,सिक्,सिक्,finite,imp,आज्ञा र इच्छा,imperative & optative,timi,2nd person · mid grade,no,तिमी(हरू),nominative,no,सिक,सि क,stem:सिक् + end:अ,empty-base > virama-matra-fusion
सिक्नु,to learn,C,व्यञ्जनान्त,yes,सिक्,सिक्,finite,imp,आज्ञा र इच्छा,imperative & optative,tapai,2nd person · high grade,yes,तपाईं(हरू),nominative,no,सिक्नुहोस्,सि क्नु हो स्,stem:सिक्नु + aux:होस्,empty-base > concatenate
सिक्नु,to learn,C,व्यञ्जनान्त,yes,सिक्,सिक्,finite,imp,आज्ञा र इच्छा,imperative & optative,u,3rd person · low grade,no,ऊ / त्यो,nominative,no,सिकोस्,सि को स्,stem:सिक् + end:ओस्,empty-base > virama-matra-fusion
सिक्नु,to learn,C,व्यञ्जनान्त,yes,सिक्,सिक्,finite,imp,आज्ञा र इच्छा,imperative & optative,uni,3rd person · mid grade,no,उनी / उनीहरू,nominative,no,सिकून्,सि कू न्,stem:सिक् + end:ऊन्,empty-base > virama-matra-fusion
सिक्नु,to learn,C,व्यञ्जनान्त,yes,सिक्,सिक्,finite,imp,आज्ञा र इच्छा,imperative & optative,uha,3rd person · high grade,yes,उहाँ / वहाँ,nominative,no,सिक्नुहोस्,सि क्नु हो स्,stem:सिक्नु + aux:होस्,empty-base > concatenate
सिक्नु,to learn,C,व्यञ्जनान्त,yes,सिक्,सिक्,non-finite,क्रियार्थक नाम,,dictionary form,,,,,,,सिक्नु,सि क्नु,,
सिक्नु,to learn,C,व्यञ्जनान्त,yes,सिक्,सिक्,non-finite,उद्देश्यवाचक,,in order to …,,,,,,,सिक्न,सि क्न,,
सिक्नु,to learn,C,व्यञ्जनान्त,yes,सिक्,सिक्,non-finite,भविष्यवाचक,,the one that will …,,,,,,,सिक्ने,सि क्ने,,
सिक्नु,to learn,C,व्यञ्जनान्त,yes,सिक्,सिक्,non-finite,पूर्णकालिक,,having …-ed,,,,,,,सिकेको,सि के को,,
सिक्नु,to learn,C,व्यञ्जनान्त,yes,सिक्,सिक्,non-finite,पूर्वकालिक,,"…-ing, then",,,,,,,सिकेर,सि के र,,
सिक्नु,to learn,C,व्यञ्जनान्त,yes,सिक्,सिक्,non-finite,क्रियाविशेषण,,by …-ing,,,,,,,सिकी,सि की,,
सिक्नु,to learn,C,व्यञ्जनान्त,yes,सिक्,सिक्,non-finite,अपूर्णकालिक,,while …-ing,,,,,,,सिक्दै,सि क्दै,,
सिक्नु,to learn,C,व्यञ्जनान्त,yes,सिक्,सिक्,non-finite,समयवाचक,,when …-ing,,,,,,,सिक्दा,सि क्दा,,
सिक्नु,to learn,C,व्यञ्जनान्त,yes,सिक्,सिक्,non-finite,सर्तवाचक,,if …,,,,,,,सिके भने,सि के   भ ने,,
सिक्नु,to learn,C,व्यञ्जनान्त,yes,सिक्,सिक्,infinitive,,,,,,,,,,सिक्नु,सि क्नु,,
देख्नु,to see,C,व्यञ्जनान्त,yes,देख्,देख्,finite,habpres,अभ्यस्त वर्तमान,habitual present,ma,1st person · singular,no,म,nominative,no,देख्छु,दे ख्छु,stem:देख् + end:छु,empty-base > concatenate
देख्नु,to see,C,व्यञ्जनान्त,yes,देख्,देख्,finite,habpres,अभ्यस्त वर्तमान,habitual present,hami,1st person · plural,no,हामी(हरू),nominative,no,देख्छौँ,दे ख्छौँ,stem:देख् + end:छौँ,empty-base > concatenate
देख्नु,to see,C,व्यञ्जनान्त,yes,देख्,देख्,finite,habpres,अभ्यस्त वर्तमान,habitual present,ta,2nd person · low grade,no,तँ,nominative,no,देख्छस्,दे ख्छ स्,stem:देख् + end:छस्,empty-base > concatenate
देख्नु,to see,C,व्यञ्जनान्त,yes,देख्,देख्,finite,habpres,अभ्यस्त वर्तमान,habitual present,timi,2nd person · mid grade,no,तिमी(हरू),nominative,no,देख्छौ,दे ख्छौ,stem:देख् + end:छौ,empty-base > concatenate
देख्नु,to see,C,व्यञ्जनान्त,yes,देख्,देख्,finite,habpres,अभ्यस्त वर्तमान,habitual present,tapai,2nd person · high grade,yes,तपाईं(हरू),nominative,no,देख्नुहुन्छ,दे ख्नु हु न्छ,stem:देख्नु + aux:हुन्छ,empty-base > concatenate
देख्नु,to see,C,व्यञ्जनान्त,yes,देख्,देख्,finite,habpres,अभ्यस्त वर्तमान,habitual present,u,3rd person · low grade,no,ऊ / त्यो,nominative,no,देख्छ,दे ख्छ,stem:देख् + end:छ,empty-base > concatenate
देख्नु,to see,C,व्यञ्जनान्त,yes,देख्,देख्,finite,habpres,अभ्यस्त वर्तमान,habitual present,uni,3rd person · mid grade,no,उनी / उनीहरू,nominative,no,देख्छन्,दे ख्छ न्,stem:देख् + end:छन्,empty-base > concatenate
देख्नु,to see,C,व्यञ्जनान्त,yes,देख्,देख्,finite,habpres,अभ्यस्त वर्तमान,habitual present,uha,3rd person · high grade,yes,उहाँ / वहाँ,nominative,no,देख्नुहुन्छ,दे ख्नु हु न्छ,stem:देख्नु + aux:हुन्छ,empty-base > concatenate
देख्नु,to see,C,व्यञ्जनान्त,yes,देख्,देख्,finite,prescont,वर्तमान निरन्तर,present continuous,ma,1st person · singular,no,म,nominative,no,देख्दैछु,दे ख्दै छु,stem:देख् + end:दै + aux:छु,empty-base > concatenate > concatenate
देख्नु,to see,C,व्यञ्जनान्त,yes,देख्,देख्,finite,prescont,वर्तमान निरन्तर,present continuous,hami,1st person · plural,no,हामी(हरू),nominative,no,देख्दैछौँ,दे ख्दै छौँ,stem:देख् + end:दै + aux:छौँ,empty-base > concatenate > concatenate
देख्नु,to see,C,व्यञ्जनान्त,yes,देख्,देख्,finite,prescont,वर्तमान निरन्तर,present continuous,ta,2nd person · low grade,no,तँ,nominative,no,देख्दैछस्,दे ख्दै छ स्,stem:देख् + end:दै + aux:छस्,empty-base > concatenate > concatenate
देख्नु,to see,C,व्यञ्जनान्त,yes,देख्,देख्,finite,prescont,वर्तमान निरन्तर,present continuous,timi,2nd person · mid grade,no,तिमी(हरू),nominative,no,देख्दैछौ,दे ख्दै छौ,stem:देख् + end:दै + aux:छौ,empty-base > concatenate > concatenate
देख्नु,to see,C,व्यञ्जनान्त,yes,देख्,देख्,finite,prescont,वर्तमान निरन्तर,present continuous,tapai,2nd person · high grade,yes,तपाईं(हरू),nominative,no,देख्दै हुनुहुन्छ,दे ख्दै   हु नु हु न्छ,stem:देख् + end:दै + aux: हुनुहुन्छ,empty-base > concatenate > concatenate
देख्नु,to see,C,व्यञ्जनान्त,yes,देख्,देख्,finite,prescont,वर्तमान निरन्तर,present continuous,u,3rd person · low grade,no,ऊ / त्यो,nominative,no,देख्दैछ,दे ख्दै छ,stem:देख् + end:दै + aux:छ,empty-base > concatenate > concatenate
देख्नु,to see,C,व्यञ्जनान्त,yes,देख्,देख्,finite,prescont,वर्तमान निरन्तर,present continuous,uni,3rd person · mid grade,no,उनी / उनीहरू,nominative,no,देख्दैछन्,दे ख्दै छ न्,stem:देख् + end:दै + aux:छन्,empty-base > concatenate > concatenate
देख्नु,to see,C,व्यञ्जनान्त,yes,देख्,देख्,finite,prescont,वर्तमान निरन्तर,present continuous,uha,3rd person · high grade,yes,उहाँ / वहाँ,nominative,no,देख्दै हुनुहुन्छ,दे ख्दै   हु नु हु न्छ,stem:देख् + end:दै + aux: हुनुहुन्छ,empty-base > concatenate > concatenate
देख्नु,to see,C,व्यञ्जनान्त,yes,देख्,देख्,finite,presperf,वर्तमान पूर्ण,present perfect,ma,1st person · singular,no,मैले,ergative -ले,no,देखेको छु,दे खे को   छु,stem:देख् + end:एको + aux: छु,empty-base > virama-matra-fusion > concatenate
देख्नु,to see,C,व्यञ्जनान्त,yes,देख्,देख्,finite,presperf,वर्तमान पूर्ण,present perfect,hami,1st person · plural,no,हामी(हरू)ले,ergative -ले,no,देखेका छौँ,दे खे का   छौँ,stem:देख् + end:एका + aux: छौँ,empty-base > virama-matra-fusion > concatenate
देख्नु,to see,C,व्यञ्जनान्त,yes,देख्,देख्,finite,presperf,वर्तमान पूर्ण,present perfect,ta,2nd person · low grade,no,तैंले,ergative -ले,no,देखेको छस्,दे खे को   छ स्,stem:देख् + end:एको + aux: छस्,empty-base > virama-matra-fusion > concatenate
देख्नु,to see,C,व्यञ्जनान्त,yes,देख्,देख्,finite,presperf,वर्तमान पूर्ण,present perfect,timi,2nd person · mid grade,no,तिमी(हरू)ले,ergative -ले,no,देखेको छौ,दे खे को   छौ,stem:देख् + end:एको + aux: छौ,empty-base > virama-matra-fusion > concatenate
देख्नु,to see,C,व्यञ्जनान्त,yes,देख्,देख्,finite,presperf,वर्तमान पूर्ण,present perfect,tapai,2nd person · high grade,yes,तपाईं(हरू)ले,ergative -ले,no,देख्नुभएको छ,दे ख्नु भ ए को   छ,stem:देख्नु + aux:भएको छ,empty-base > concatenate
देख्नु,to see,C,व्यञ्जनान्त,yes,देख्,देख्,finite,presperf,वर्तमान पूर्ण,present perfect,u,3rd person · low grade,no,उसले / त्यसले,ergative -ले,no,देखेको छ,दे खे को   छ,stem:देख् + end:एको + aux: छ,empty-base > virama-matra-fusion > concatenate
देख्नु,to see,C,व्यञ्जनान्त,yes,देख्,देख्,finite,presperf,वर्तमान पूर्ण,present perfect,uni,3rd person · mid grade,no,उनले / उनीहरूले,ergative -ले,no,देखेका छन्,दे खे का   छ न्,stem:देख् + end:एका + aux: छन्,empty-base > virama-matra-fusion > concatenate
देख्नु,to see,C,व्यञ्जनान्त,yes,देख्,देख्,finite,presperf,वर्तमान पूर्ण,present perfect,uha,3rd person · high grade,yes,उहाँले,ergative -ले,no,देख्नुभएको छ,दे ख्नु भ ए को   छ,stem:देख्नु + aux:भएको छ,empty-base > concatenate
देख्नु,to see,C,व्यञ्जनान्त,yes,देख्,देख्,finite,past,सामान्य भूत,simple past,ma,1st person · singular,no,मैले,ergative -ले,no,देखेँ,दे खेँ,stem:देख् + end:एँ,empty-base > virama-matra-fusion
देख्नु,to see,C,व्यञ्जनान्त,yes,देख्,देख्,finite,past,सामान्य भूत,simple past,hami,1st person · plural,no,हामी(हरू)ले,ergative -ले,no,देख्यौँ,दे ख्यौँ,stem:देख् + end:यौँ,empty-base > concatenate
देख्नु,to see,C,व्यञ्जनान्त,yes,देख्,देख्,finite,past,सामान्य भूत,simple past,ta,2nd person · low grade,no,तैंले,ergative -ले,no,देखिस्,दे खि स्,stem:देख् + end:इस्,empty-base > virama-matra-fusion
देख्नु,to see,C,व्यञ्जनान्त,yes,देख्,देख्,finite,past,सामान्य भूत,simple past,timi,2nd person · mid grade,no,तिमी(हरू)ले,ergative -ले,no,देख्यौ,दे ख्यौ,stem:देख् + end:यौ,empty-base > concatenate
देख्नु,to see,C,व्यञ्जनान्त,yes,देख्,देख्,finite,past,सामान्य भूत,simple past,tapai,2nd person · high grade,yes,तपाईं(हरू)ले,ergative -ले,no,देख्नुभयो,दे ख्नु भ यो,stem:देख्नु + aux:भयो,empty-base > concatenate
देख्नु,to see,C,व्यञ्जनान्त,yes,देख्,देख्,finite,past,सामान्य भूत,simple past,u,3rd person · low grade,no,उसले / त्यसले,ergative -ले,no,देख्यो,दे ख्यो,stem:देख् + end:यो,empty-base > concatenate
देख्नु,to see,C,व्यञ्जनान्त,yes,देख्,देख्,finite,past,सामान्य भूत,simple past,uni,3rd person · mid grade,no,उनले / उनीहरूले,ergative -ले,no,देखे,दे खे,stem:देख् + end:ए,empty-base > virama-matra-fusion
देख्नु,to see,C,व्यञ्जनान्त,yes,देख्,देख्,finite,past,सामान्य भूत,simple past,uha,3rd person · high grade,yes,उहाँले,ergative -ले,no,देख्नुभयो,दे ख्नु भ यो,stem:देख्नु + aux:भयो,empty-base > concatenate
देख्नु,to see,C,व्यञ्जनान्त,yes,देख्,देख्,finite,habpast,अभ्यस्त भूत,habitual past,ma,1st person · singular,no,म,nominative,no,देख्थेँ,दे ख्थेँ,stem:देख् + end:थेँ,empty-base > concatenate
देख्नु,to see,C,व्यञ्जनान्त,yes,देख्,देख्,finite,habpast,अभ्यस्त भूत,habitual past,hami,1st person · plural,no,हामी(हरू),nominative,no,देख्थ्यौँ,दे ख्थ्यौँ,stem:देख् + end:थ्यौँ,empty-base > concatenate
देख्नु,to see,C,व्यञ्जनान्त,yes,देख्,देख्,finite,habpast,अभ्यस्त भूत,habitual past,ta,2nd person · low grade,no,तँ,nominative,no,देख्थिस्,दे ख्थि स्,stem:देख् + end:थिस्,empty-base > concatenate
देख्नु,to see,C,व्यञ्जनान्त,yes,देख्,देख्,finite,habpast,अभ्यस्त भूत,habitual past,timi,2nd person · mid grade,no,तिमी(हरू),nominative,no,देख्थ्यौ,दे ख्थ्यौ,stem:देख् + end:थ्यौ,empty-base > concatenate
देख्नु,to see,C,व्यञ्जनान्त,yes,देख्,देख्,finite,habpast,अभ्यस्त भूत,habitual past,tapai,2nd person · high grade,yes,तपाईं(हरू),nominative,no,देख्नुहुन्थ्यो,दे ख्नु हु न्थ्यो,stem:देख्नु + aux:हुन्थ्यो,empty-base > concatenate
देख्नु,to see,C,व्यञ्जनान्त,yes,देख्,देख्,finite,habpast,अभ्यस्त भूत,habitual past,u,3rd person · low grade,no,ऊ / त्यो,nominative,no,देख्थ्यो,दे ख्थ्यो,stem:देख् + end:थ्यो,empty-base > concatenate
देख्नु,to see,C,व्यञ्जनान्त,yes,देख्,देख्,finite,habpast,अभ्यस्त भूत,habitual past,uni,3rd person · mid grade,no,उनी / उनीहरू,nominative,no,देख्थे,दे ख्थे,stem:देख् + end:थे,empty-base > concatenate
देख्नु,to see,C,व्यञ्जनान्त,yes,देख्,देख्,finite,habpast,अभ्यस्त भूत,habitual past,uha,3rd person · high grade,yes,उहाँ / वहाँ,nominative,no,देख्नुहुन्थ्यो,दे ख्नु हु न्थ्यो,stem:देख्नु + aux:हुन्थ्यो,empty-base > concatenate
देख्नु,to see,C,व्यञ्जनान्त,yes,देख्,देख्,finite,pastcont,भूत निरन्तर,past continuous,ma,1st person · singular,no,म,nominative,no,देख्दै थिएँ,दे ख्दै   थि एँ,stem:देख् + end:दै + aux: थिएँ,empty-base > concatenate > concatenate
देख्नु,to see,C,व्यञ्जनान्त,yes,देख्,देख्,finite,pastcont,भूत निरन्तर,past continuous,hami,1st person · plural,no,हामी(हरू),nominative,no,देख्दै थियौँ,दे ख्दै   थि यौँ,stem:देख् + end:दै + aux: थियौँ,empty-base > concatenate > concatenate
देख्नु,to see,C,व्यञ्जनान्त,yes,देख्,देख्,finite,pastcont,भूत निरन्तर,past continuous,ta,2nd person · low grade,no,तँ,nominative,no,देख्दै थिइस्,दे ख्दै   थि इ स्,stem:देख् + end:दै + aux: थिइस्,empty-base > concatenate > concatenate
देख्नु,to see,C,व्यञ्जनान्त,yes,देख्,देख्,finite,pastcont,भूत निरन्तर,past continuous,timi,2nd person · mid grade,no,तिमी(हरू),nominative,no,देख्दै थियौ,दे ख्दै   थि यौ,stem:देख् + end:दै + aux: थियौ,empty-base > concatenate > concatenate
देख्नु,to see,C,व्यञ्जनान्त,yes,देख्,देख्,finite,pastcont,भूत निरन्तर,past continuous,tapai,2nd person · high grade,yes,तपाईं(हरू),nominative,no,देख्दै हुनुहुन्थ्यो,दे ख्दै   हु नु हु न्थ्यो,stem:देख् + end:दै + aux: हुनुहुन्थ्यो,empty-base > concatenate > concatenate
देख्नु,to see,C,व्यञ्जनान्त,yes,देख्,देख्,finite,pastcont,भूत निरन्तर,past continuous,u,3rd person · low grade,no,ऊ / त्यो,nominative,no,देख्दै थियो,दे ख्दै   थि यो,stem:देख् + end:दै + aux: थियो,empty-base > concatenate > concatenate
देख्नु,to see,C,व्यञ्जनान्त,yes,देख्,देख्,finite,pastcont,भूत निरन्तर,past continuous,uni,3rd person · mid grade,no,उनी / उनीहरू,nominative,no,देख्दै थिए,दे ख्दै   थि ए,stem:देख् + end:दै + aux: थिए,empty-base > concatenate > concatenate
देख्नु,to see,C,व्यञ्जनान्त,yes,देख्,देख्,finite,pastcont,भूत निरन्तर,past continuous,uha,3rd person · high grade,yes,उहाँ / वहाँ,nominative,no,देख्दै हुनुहुन्थ्यो,दे ख्दै   हु नु हु न्थ्यो,stem:देख् + end:दै + aux: हुनुहुन्थ्यो,empty-base > concatenate > concatenate
देख्नु,to see,C,व्यञ्जनान्त,yes,देख्,देख्,finite,pastperf,भूत पूर्ण,past perfect,ma,1st person · singular,no,मैले,ergative -ले,no,देखेको थिएँ,दे खे को   थि एँ,stem:देख् + end:एको + aux: थिएँ,empty-base > virama-matra-fusion > concatenate
देख्नु,to see,C,व्यञ्जनान्त,yes,देख्,देख्,finite,pastperf,भूत पूर्ण,past perfect,hami,1st person · plural,no,हामी(हरू)ले,ergative -ले,no,देखेका थियौँ,दे खे का   थि यौँ,stem:देख् + end:एका + aux: थियौँ,empty-base > virama-matra-fusion > concatenate
देख्नु,to see,C,व्यञ्जनान्त,yes,देख्,देख्,finite,pastperf,भूत पूर्ण,past perfect,ta,2nd person · low grade,no,तैंले,ergative -ले,no,देखेको थिइस्,दे खे को   थि इ स्,stem:देख् + end:एको + aux: थिइस्,empty-base > virama-matra-fusion > concatenate
देख्नु,to see,C,व्यञ्जनान्त,yes,देख्,देख्,finite,pastperf,भूत पूर्ण,past perfect,timi,2nd person · mid grade,no,तिमी(हरू)ले,ergative -ले,no,देखेको थियौ,दे खे को   थि यौ,stem:देख् + end:एको + aux: थियौ,empty-base > virama-matra-fusion > concatenate
देख्नु,to see,C,व्यञ्जनान्त,yes,देख्,देख्,finite,pastperf,भूत पूर्ण,past perfect,tapai,2nd person · high grade,yes,तपाईं(हरू)ले,ergative -ले,no,देख्नुभएको थियो,दे ख्नु भ ए को   थि यो,stem:देख्नु + aux:भएको थियो,empty-base > concatenate
देख्नु,to see,C,व्यञ्जनान्त,yes,देख्,देख्,finite,pastperf,भूत पूर्ण,past perfect,u,3rd person · low grade,no,उसले / त्यसले,ergative -ले,no,देखेको थियो,दे खे को   थि यो,stem:देख् + end:एको + aux: थियो,empty-base > virama-matra-fusion > concatenate
देख्नु,to see,C,व्यञ्जनान्त,yes,देख्,देख्,finite,pastperf,भूत पूर्ण,past perfect,uni,3rd person · mid grade,no,उनले / उनीहरूले,ergative -ले,no,देखेका थिए,दे खे का   थि ए,stem:देख् + end:एका + aux: थिए,empty-base > virama-matra-fusion > concatenate
देख्नु,to see,C,व्यञ्जनान्त,yes,देख्,देख्,finite,pastperf,भूत पूर्ण,past perfect,uha,3rd person · high grade,yes,उहाँले,ergative -ले,no,देख्नुभएको थियो,दे ख्नु भ ए को   थि यो,stem:देख्नु + aux:भएको थियो,empty-base > concatenate
देख्नु,to see,C,व्यञ्जनान्त,yes,देख्,देख्,finite,future,सामान्य भविष्यत्,simple future,ma,1st person · singular,no,म,nominative,no,देख्नेछु,दे ख्ने छु,stem:देख् + end:ने + end:छु,empty-base > concatenate > concatenate
देख्नु,to see,C,व्यञ्जनान्त,yes,देख्,देख्,finite,future,सामान्य भविष्यत्,simple future,hami,1st person · plural,no,हामी(हरू),nominative,no,देख्नेछौँ,दे ख्ने छौँ,stem:देख् + end:ने + end:छौँ,empty-base > concatenate > concatenate
देख्नु,to see,C,व्यञ्जनान्त,yes,देख्,देख्,finite,future,सामान्य भविष्यत्,simple future,ta,2nd person · low grade,no,तँ,nominative,no,देख्नेछस्,दे ख्ने छ स्,stem:देख् + end:ने + end:छस्,empty-base > concatenate > concatenate
देख्नु,to see,C,व्यञ्जनान्त,yes,देख्,देख्,finite,future,सामान्य भविष्यत्,simple future,timi,2nd person · mid grade,no,तिमी(हरू),nominative,no,देख्नेछौ,दे ख्ने छौ,stem:देख् + end:ने + end:छौ,empty-base > concatenate > concatenate
देख्नु,to see,C,व्यञ्जनान्त,yes,देख्,देख्,finite,future,सामान्य भविष्यत्,simple future,tapai,2nd person · high grade,yes,तपाईं(हरू),nominative,no,देख्नुहुनेछ,दे ख्नु हु ने छ,stem:देख्नु + aux:हुनेछ,empty-base > concatenate
देख्नु,to see,C,व्यञ्जनान्त,yes,देख्,देख्,finite,future,सामान्य भविष्यत्,simple future,u,3rd person · low grade,no,ऊ / त्यो,nominative,no,देख्नेछ,दे ख्ने छ,stem:देख् + end:ने + end:छ,empty-base > concatenate > concatenate
देख्नु,to see,C,व्यञ्जनान्त,yes,देख्,देख्,finite,future,सामान्य भविष्यत्,simple future,uni,3rd person · mid grade,no,उनी / उनीहरू,nominative,no,देख्नेछन्,दे ख्ने छ न्,stem:देख् + end:ने + end:छन्,empty-base > concatenate > concatenate
देख्नु,to see,C,व्यञ्जनान्त,yes,देख्,देख्,finite,future,सामान्य भविष्यत्,simple future,uha,3rd person · high grade,yes,उहाँ / वहाँ,nominative,no,देख्नुहुनेछ,दे ख्नु हु ने छ,stem:देख्नु + aux:हुनेछ,empty-base > concatenate
देख्नु,to see,C,व्यञ्जनान्त,yes,देख्,देख्,finite,prob,सम्भावना,probable,ma,1st person · singular,no,म,nominative,yes,देखुँला,दे खुँ ला,stem:देख् + end:उँला,empty-base > virama-matra-fusion
देख्नु,to see,C,व्यञ्जनान्त,yes,देख्,देख्,finite,prob,सम्भावना,probable,hami,1st person · plural,no,हामी(हरू),nominative,yes,देखौँला,दे खौँ ला,stem:देख् + end:औँला,empty-base > virama-matra-fusion
देख्नु,to see,C,व्यञ्जनान्त,yes,देख्,देख्,finite,prob,सम्भावना,probable,ta,2nd person · low grade,no,तँ,nominative,yes,देख्लास्,दे ख्ला स्,stem:देख् + end:लास्,empty-base > concatenate
देख्नु,to see,C,व्यञ्जनान्त,yes,देख्,देख्,finite,prob,सम्भावना,probable,timi,2nd person · mid grade,no,तिमी(हरू),nominative,yes,देखौला,दे खौ ला,stem:देख् + end:औला,empty-base > virama-matra-fusion
देख्नु,to see,C,व्यञ्जनान्त,yes,देख्,देख्,finite,prob,सम्भावना,probable,tapai,2nd person · high grade,yes,तपाईं(हरू),nominative,yes,देख्नुहोला,दे ख्नु हो ला,stem:देख्नु + aux:होला,empty-base > concatenate
देख्नु,to see,C,व्यञ्जनान्त,yes,देख्,देख्,finite,prob,सम्भावना,probable,u,3rd person · low grade,no,ऊ / त्यो,nominative,yes,देख्ला,दे ख्ला,stem:देख् + end:ला,empty-base > concatenate
देख्नु,to see,C,व्यञ्जनान्त,yes,देख्,देख्,finite,prob,सम्भावना,probable,uni,3rd person · mid grade,no,उनी / उनीहरू,nominative,yes,देख्लान्,दे ख्ला न्,stem:देख् + end:लान्,empty-base > concatenate
देख्नु,to see,C,व्यञ्जनान्त,yes,देख्,देख्,finite,prob,सम्भावना,probable,uha,3rd person · high grade,yes,उहाँ / वहाँ,nominative,yes,देख्नुहोला,दे ख्नु हो ला,stem:देख्नु + aux:होला,empty-base > concatenate
देख्नु,to see,C,व्यञ्जनान्त,yes,देख्,देख्,finite,imp,आज्ञा र इच्छा,imperative & optative,ma,1st person · singular,no,म,nominative,no,देखूँ,दे खूँ,stem:देख् + end:ऊँ,empty-base > virama-matra-fusion
देख्नु,to see,C,व्यञ्जनान्त,yes,देख्,देख्,finite,imp,आज्ञा र इच्छा,imperative & optative,hami,1st person · plural,no,हामी(हरू),nominative,no,देखौँ,दे खौँ,stem:देख् + end:औँ,empty-base > virama-matra-fusion
देख्नु,to see,C,व्यञ्जनान्त,yes,देख्,देख्,finite,imp,आज्ञा र इच्छा,imperative & optative,ta,2nd person · low grade,no,तँ,nominative,no,देख्,दे ख्,stem:देख्,empty-base
देख्नु,to see,C,व्यञ्जनान्त,yes,देख्,देख्,finite,imp,आज्ञा र इच्छा,imperative & optative,timi,2nd person · mid grade,no,तिमी(हरू),nominative,no,देख,दे ख,stem:देख् + end:अ,empty-base > virama-matra-fusion
देख्नु,to see,C,व्यञ्जनान्त,yes,देख्,देख्,finite,imp,आज्ञा र इच्छा,imperative & optative,tapai,2nd person · high grade,yes,तपाईं(हरू),nominative,no,देख्नुहोस्,दे ख्नु हो स्,stem:देख्नु + aux:होस्,empty-base > concatenate
देख्नु,to see,C,व्यञ्जनान्त,yes,देख्,देख्,finite,imp,आज्ञा र इच्छा,imperative & optative,u,3rd person · low grade,no,ऊ / त्यो,nominative,no,देखोस्,दे खो स्,stem:देख् + end:ओस्,empty-base > virama-matra-fusion
देख्नु,to see,C,व्यञ्जनान्त,yes,देख्,देख्,finite,imp,आज्ञा र इच्छा,imperative & optative,uni,3rd person · mid grade,no,उनी / उनीहरू,nominative,no,देखून्,दे खू न्,stem:देख् + end:ऊन्,empty-base > virama-matra-fusion
देख्नु,to see,C,व्यञ्जनान्त,yes,देख्,देख्,finite,imp,आज्ञा र इच्छा,imperative & optative,uha,3rd person · high grade,yes,उहाँ / वहाँ,nominative,no,देख्नुहोस्,दे ख्नु हो स्,stem:देख्नु + aux:होस्,empty-base > concatenate
देख्नु,to see,C,व्यञ्जनान्त,yes,देख्,देख्,non-finite,क्रियार्थक नाम,,dictionary form,,,,,,,देख्नु,दे ख्नु,,
देख्नु,to see,C,व्यञ्जनान्त,yes,देख्,देख्,non-finite,उद्देश्यवाचक,,in order to …,,,,,,,देख्न,दे ख्न,,
देख्नु,to see,C,व्यञ्जनान्त,yes,देख्,देख्,non-finite,भविष्यवाचक,,the one that will …,,,,,,,देख्ने,दे ख्ने,,
देख्नु,to see,C,व्यञ्जनान्त,yes,देख्,देख्,non-finite,पूर्णकालिक,,having …-ed,,,,,,,देखेको,दे खे को,,
देख्नु,to see,C,व्यञ्जनान्त,yes,देख्,देख्,non-finite,पूर्वकालिक,,"…-ing, then",,,,,,,देखेर,दे खे र,,
देख्नु,to see,C,व्यञ्जनान्त,yes,देख्,देख्,non-finite,क्रियाविशेषण,,by …-ing,,,,,,,देखी,दे खी,,
देख्नु,to see,C,व्यञ्जनान्त,yes,देख्,देख्,non-finite,अपूर्णकालिक,,while …-ing,,,,,,,देख्दै,दे ख्दै,,
देख्नु,to see,C,व्यञ्जनान्त,yes,देख्,देख्,non-finite,समयवाचक,,when …-ing,,,,,,,देख्दा,दे ख्दा,,
देख्नु,to see,C,व्यञ्जनान्त,yes,देख्,देख्,non-finite,सर्तवाचक,,if …,,,,,,,देखे भने,दे खे   भ ने,,
देख्नु,to see,C,व्यञ्जनान्त,yes,देख्,देख्,infinitive,,,,,,,,,,देख्नु,दे ख्नु,,
किन्नु,to buy,C,व्यञ्जनान्त,yes,किन्,किन्,finite,habpres,अभ्यस्त वर्तमान,habitual present,ma,1st person · singular,no,म,nominative,no,किन्छु,कि न्छु,stem:किन् + end:छु,empty-base > concatenate
किन्नु,to buy,C,व्यञ्जनान्त,yes,किन्,किन्,finite,habpres,अभ्यस्त वर्तमान,habitual present,hami,1st person · plural,no,हामी(हरू),nominative,no,किन्छौँ,कि न्छौँ,stem:किन् + end:छौँ,empty-base > concatenate
किन्नु,to buy,C,व्यञ्जनान्त,yes,किन्,किन्,finite,habpres,अभ्यस्त वर्तमान,habitual present,ta,2nd person · low grade,no,तँ,nominative,no,किन्छस्,कि न्छ स्,stem:किन् + end:छस्,empty-base > concatenate
किन्नु,to buy,C,व्यञ्जनान्त,yes,किन्,किन्,finite,habpres,अभ्यस्त वर्तमान,habitual present,timi,2nd person · mid grade,no,तिमी(हरू),nominative,no,किन्छौ,कि न्छौ,stem:किन् + end:छौ,empty-base > concatenate
किन्नु,to buy,C,व्यञ्जनान्त,yes,किन्,किन्,finite,habpres,अभ्यस्त वर्तमान,habitual present,tapai,2nd person · high grade,yes,तपाईं(हरू),nominative,no,किन्नुहुन्छ,कि न्नु हु न्छ,stem:किन्नु + aux:हुन्छ,empty-base > concatenate
किन्नु,to buy,C,व्यञ्जनान्त,yes,किन्,किन्,finite,habpres,अभ्यस्त वर्तमान,habitual present,u,3rd person · low grade,no,ऊ / त्यो,nominative,no,किन्छ,कि न्छ,stem:किन् + end:छ,empty-base > concatenate
किन्नु,to buy,C,व्यञ्जनान्त,yes,किन्,किन्,finite,habpres,अभ्यस्त वर्तमान,habitual present,uni,3rd person · mid grade,no,उनी / उनीहरू,nominative,no,किन्छन्,कि न्छ न्,stem:किन् + end:छन्,empty-base > concatenate
किन्नु,to buy,C,व्यञ्जनान्त,yes,किन्,किन्,finite,habpres,अभ्यस्त वर्तमान,habitual present,uha,3rd person · high grade,yes,उहाँ / वहाँ,nominative,no,किन्नुहुन्छ,कि न्नु हु न्छ,stem:किन्नु + aux:हुन्छ,empty-base > concatenate
किन्नु,to buy,C,व्यञ्जनान्त,yes,किन्,किन्,finite,prescont,वर्तमान निरन्तर,present continuous,ma,1st person · singular,no,म,nominative,no,किन्दैछु,कि न्दै छु,stem:किन् + end:दै + aux:छु,empty-base > concatenate > concatenate
किन्नु,to buy,C,व्यञ्जनान्त,yes,किन्,किन्,finite,prescont,वर्तमान निरन्तर,present continuous,hami,1st person · plural,no,हामी(हरू),nominative,no,किन्दैछौँ,कि न्दै छौँ,stem:किन् + end:दै + aux:छौँ,empty-base > concatenate > concatenate
किन्नु,to buy,C,व्यञ्जनान्त,yes,किन्,किन्,finite,prescont,वर्तमान निरन्तर,present continuous,ta,2nd person · low grade,no,तँ,nominative,no,किन्दैछस्,कि न्दै छ स्,stem:किन् + end:दै + aux:छस्,empty-base > concatenate > concatenate
किन्नु,to buy,C,व्यञ्जनान्त,yes,किन्,किन्,finite,prescont,वर्तमान निरन्तर,present continuous,timi,2nd person · mid grade,no,तिमी(हरू),nominative,no,किन्दैछौ,कि न्दै छौ,stem:किन् + end:दै + aux:छौ,empty-base > concatenate > concatenate
किन्नु,to buy,C,व्यञ्जनान्त,yes,किन्,किन्,finite,prescont,वर्तमान निरन्तर,present continuous,tapai,2nd person · high grade,yes,तपाईं(हरू),nominative,no,किन्दै हुनुहुन्छ,कि न्दै   हु नु हु न्छ,stem:किन् + end:दै + aux: हुनुहुन्छ,empty-base > concatenate > concatenate
किन्नु,to buy,C,व्यञ्जनान्त,yes,किन्,किन्,finite,prescont,वर्तमान निरन्तर,present continuous,u,3rd person · low grade,no,ऊ / त्यो,nominative,no,किन्दैछ,कि न्दै छ,stem:किन् + end:दै + aux:छ,empty-base > concatenate > concatenate
किन्नु,to buy,C,व्यञ्जनान्त,yes,किन्,किन्,finite,prescont,वर्तमान निरन्तर,present continuous,uni,3rd person · mid grade,no,उनी / उनीहरू,nominative,no,किन्दैछन्,कि न्दै छ न्,stem:किन् + end:दै + aux:छन्,empty-base > concatenate > concatenate
किन्नु,to buy,C,व्यञ्जनान्त,yes,किन्,किन्,finite,prescont,वर्तमान निरन्तर,present continuous,uha,3rd person · high grade,yes,उहाँ / वहाँ,nominative,no,किन्दै हुनुहुन्छ,कि न्दै   हु नु हु न्छ,stem:किन् + end:दै + aux: हुनुहुन्छ,empty-base > concatenate > concatenate
किन्नु,to buy,C,व्यञ्जनान्त,yes,किन्,किन्,finite,presperf,वर्तमान पूर्ण,present perfect,ma,1st person · singular,no,मैले,ergative -ले,no,किनेको छु,कि ने को   छु,stem:किन् + end:एको + aux: छु,empty-base > virama-matra-fusion > concatenate
किन्नु,to buy,C,व्यञ्जनान्त,yes,किन्,किन्,finite,presperf,वर्तमान पूर्ण,present perfect,hami,1st person · plural,no,हामी(हरू)ले,ergative -ले,no,किनेका छौँ,कि ने का   छौँ,stem:किन् + end:एका + aux: छौँ,empty-base > virama-matra-fusion > concatenate
किन्नु,to buy,C,व्यञ्जनान्त,yes,किन्,किन्,finite,presperf,वर्तमान पूर्ण,present perfect,ta,2nd person · low grade,no,तैंले,ergative -ले,no,किनेको छस्,कि ने को   छ स्,stem:किन् + end:एको + aux: छस्,empty-base > virama-matra-fusion > concatenate
किन्नु,to buy,C,व्यञ्जनान्त,yes,किन्,किन्,finite,presperf,वर्तमान पूर्ण,present perfect,timi,2nd person · mid grade,no,तिमी(हरू)ले,ergative -ले,no,किनेको छौ,कि ने को   छौ,stem:किन् + end:एको + aux: छौ,empty-base > virama-matra-fusion > concatenate
किन्नु,to buy,C,व्यञ्जनान्त,yes,किन्,किन्,finite,presperf,वर्तमान पूर्ण,present perfect,tapai,2nd person · high grade,yes,तपाईं(हरू)ले,ergative -ले,no,किन्नुभएको छ,कि न्नु भ ए को   छ,stem:किन्नु + aux:भएको छ,empty-base > concatenate
किन्नु,to buy,C,व्यञ्जनान्त,yes,किन्,किन्,finite,presperf,वर्तमान पूर्ण,present perfect,u,3rd person · low grade,no,उसले / त्यसले,ergative -ले,no,किनेको छ,कि ने को   छ,stem:किन् + end:एको + aux: छ,empty-base > virama-matra-fusion > concatenate
किन्नु,to buy,C,व्यञ्जनान्त,yes,किन्,किन्,finite,presperf,वर्तमान पूर्ण,present perfect,uni,3rd person · mid grade,no,उनले / उनीहरूले,ergative -ले,no,किनेका छन्,कि ने का   छ न्,stem:किन् + end:एका + aux: छन्,empty-base > virama-matra-fusion > concatenate
किन्नु,to buy,C,व्यञ्जनान्त,yes,किन्,किन्,finite,presperf,वर्तमान पूर्ण,present perfect,uha,3rd person · high grade,yes,उहाँले,ergative -ले,no,किन्नुभएको छ,कि न्नु भ ए को   छ,stem:किन्नु + aux:भएको छ,empty-base > concatenate
किन्नु,to buy,C,व्यञ्जनान्त,yes,किन्,किन्,finite,past,सामान्य भूत,simple past,ma,1st person · singular,no,मैले,ergative -ले,no,किनेँ,कि नेँ,stem:किन् + end:एँ,empty-base > virama-matra-fusion
किन्नु,to buy,C,व्यञ्जनान्त,yes,किन्,किन्,finite,past,सामान्य भूत,simple past,hami,1st person · plural,no,हामी(हरू)ले,ergative -ले,no,किन्यौँ,कि न्यौँ,stem:किन् + end:यौँ,empty-base > concatenate
किन्नु,to buy,C,व्यञ्जनान्त,yes,किन्,किन्,finite,past,सामान्य भूत,simple past,ta,2nd person · low grade,no,तैंले,ergative -ले,no,किनिस्,कि नि स्,stem:किन् + end:इस्,empty-base > virama-matra-fusion
किन्नु,to buy,C,व्यञ्जनान्त,yes,किन्,किन्,finite,past,सामान्य भूत,simple past,timi,2nd person · mid grade,no,तिमी(हरू)ले,ergative -ले,no,किन्यौ,कि न्यौ,stem:किन् + end:यौ,empty-base > concatenate
किन्नु,to buy,C,व्यञ्जनान्त,yes,किन्,किन्,finite,past,सामान्य भूत,simple past,tapai,2nd person · high grade,yes,तपाईं(हरू)ले,ergative -ले,no,किन्नुभयो,कि न्नु भ यो,stem:किन्नु + aux:भयो,empty-base > concatenate
किन्नु,to buy,C,व्यञ्जनान्त,yes,किन्,किन्,finite,past,सामान्य भूत,simple past,u,3rd person · low grade,no,उसले / त्यसले,ergative -ले,no,किन्यो,कि न्यो,stem:किन् + end:यो,empty-base > concatenate
किन्नु,to buy,C,व्यञ्जनान्त,yes,किन्,किन्,finite,past,सामान्य भूत,simple past,uni,3rd person · mid grade,no,उनले / उनीहरूले,ergative -ले,no,किने,कि ने,stem:किन् + end:ए,empty-base > virama-matra-fusion
किन्नु,to buy,C,व्यञ्जनान्त,yes,किन्,किन्,finite,past,सामान्य भूत,simple past,uha,3rd person · high grade,yes,उहाँले,ergative -ले,no,किन्नुभयो,कि न्नु भ यो,stem:किन्नु + aux:भयो,empty-base > concatenate
किन्नु,to buy,C,व्यञ्जनान्त,yes,किन्,किन्,finite,habpast,अभ्यस्त भूत,habitual past,ma,1st person · singular,no,म,nominative,no,किन्थेँ,कि न्थेँ,stem:किन् + end:थेँ,empty-base > concatenate
किन्नु,to buy,C,व्यञ्जनान्त,yes,किन्,किन्,finite,habpast,अभ्यस्त भूत,habitual past,hami,1st person · plural,no,हामी(हरू),nominative,no,किन्थ्यौँ,कि न्थ्यौँ,stem:किन् + end:थ्यौँ,empty-base > concatenate
किन्नु,to buy,C,व्यञ्जनान्त,yes,किन्,किन्,finite,habpast,अभ्यस्त भूत,habitual past,ta,2nd person · low grade,no,तँ,nominative,no,किन्थिस्,कि न्थि स्,stem:किन् + end:थिस्,empty-base > concatenate
किन्नु,to buy,C,व्यञ्जनान्त,yes,किन्,किन्,finite,habpast,अभ्यस्त भूत,habitual past,timi,2nd person · mid grade,no,तिमी(हरू),nominative,no,किन्थ्यौ,कि न्थ्यौ,stem:किन् + end:थ्यौ,empty-base > concatenate
किन्नु,to buy,C,व्यञ्जनान्त,yes,किन्,किन्,finite,habpast,अभ्यस्त भूत,habitual past,tapai,2nd person · high grade,yes,तपाईं(हरू),nominative,no,किन्नुहुन्थ्यो,कि न्नु हु न्थ्यो,stem:किन्नु + aux:हुन्थ्यो,empty-base > concatenate
किन्नु,to buy,C,व्यञ्जनान्त,yes,किन्,किन्,finite,habpast,अभ्यस्त भूत,habitual past,u,3rd person · low grade,no,ऊ / त्यो,nominative,no,किन्थ्यो,कि न्थ्यो,stem:किन् + end:थ्यो,empty-base > concatenate
किन्नु,to buy,C,व्यञ्जनान्त,yes,किन्,किन्,finite,habpast,अभ्यस्त भूत,habitual past,uni,3rd person · mid grade,no,उनी / उनीहरू,nominative,no,किन्थे,कि न्थे,stem:किन् + end:थे,empty-base > concatenate
किन्नु,to buy,C,व्यञ्जनान्त,yes,किन्,किन्,finite,habpast,अभ्यस्त भूत,habitual past,uha,3rd person · high grade,yes,उहाँ / वहाँ,nominative,no,किन्नुहुन्थ्यो,कि न्नु हु न्थ्यो,stem:किन्नु + aux:हुन्थ्यो,empty-base > concatenate
किन्नु,to buy,C,व्यञ्जनान्त,yes,किन्,किन्,finite,pastcont,भूत निरन्तर,past continuous,ma,1st person · singular,no,म,nominative,no,किन्दै थिएँ,कि न्दै   थि एँ,stem:किन् + end:दै + aux: थिएँ,empty-base > concatenate > concatenate
किन्नु,to buy,C,व्यञ्जनान्त,yes,किन्,किन्,finite,pastcont,भूत निरन्तर,past continuous,hami,1st person · plural,no,हामी(हरू),nominative,no,किन्दै थियौँ,कि न्दै   थि यौँ,stem:किन् + end:दै + aux: थियौँ,empty-base > concatenate > concatenate
किन्नु,to buy,C,व्यञ्जनान्त,yes,किन्,किन्,finite,pastcont,भूत निरन्तर,past continuous,ta,2nd person · low grade,no,तँ,nominative,no,किन्दै थिइस्,कि न्दै   थि इ स्,stem:किन् + end:दै + aux: थिइस्,empty-base > concatenate > concatenate
किन्नु,to buy,C,व्यञ्जनान्त,yes,किन्,किन्,finite,pastcont,भूत निरन्तर,past continuous,timi,2nd person · mid grade,no,तिमी(हरू),nominative,no,किन्दै थियौ,कि न्दै   थि यौ,stem:किन् + end:दै + aux: थियौ,empty-base > concatenate > concatenate
किन्नु,to buy,C,व्यञ्जनान्त,yes,किन्,किन्,finite,pastcont,भूत निरन्तर,past continuous,tapai,2nd person · high grade,yes,तपाईं(हरू),nominative,no,किन्दै हुनुहुन्थ्यो,कि न्दै   हु नु हु न्थ्यो,stem:किन् + end:दै + aux: हुनुहुन्थ्यो,empty-base > concatenate > concatenate
किन्नु,to buy,C,व्यञ्जनान्त,yes,किन्,किन्,finite,pastcont,भूत निरन्तर,past continuous,u,3rd person · low grade,no,ऊ / त्यो,nominative,no,किन्दै थियो,कि न्दै   थि यो,stem:किन् + end:दै + aux: थियो,empty-base > concatenate > concatenate
किन्नु,to buy,C,व्यञ्जनान्त,yes,किन्,किन्,finite,pastcont,भूत निरन्तर,past continuous,uni,3rd person · mid grade,no,उनी / उनीहरू,nominative,no,किन्दै थिए,कि न्दै   थि ए,stem:किन् + end:दै + aux: थिए,empty-base > concatenate > concatenate
किन्नु,to buy,C,व्यञ्जनान्त,yes,किन्,किन्,finite,pastcont,भूत निरन्तर,past continuous,uha,3rd person · high grade,yes,उहाँ / वहाँ,nominative,no,किन्दै हुनुहुन्थ्यो,कि न्दै   हु नु हु न्थ्यो,stem:किन् + end:दै + aux: हुनुहुन्थ्यो,empty-base > concatenate > concatenate
किन्नु,to buy,C,व्यञ्जनान्त,yes,किन्,किन्,finite,pastperf,भूत पूर्ण,past perfect,ma,1st person · singular,no,मैले,ergative -ले,no,किनेको थिएँ,कि ने को   थि एँ,stem:किन् + end:एको + aux: थिएँ,empty-base > virama-matra-fusion > concatenate
किन्नु,to buy,C,व्यञ्जनान्त,yes,किन्,किन्,finite,pastperf,भूत पूर्ण,past perfect,hami,1st person · plural,no,हामी(हरू)ले,ergative -ले,no,किनेका थियौँ,कि ने का   थि यौँ,stem:किन् + end:एका + aux: थियौँ,empty-base > virama-matra-fusion > concatenate
किन्नु,to buy,C,व्यञ्जनान्त,yes,किन्,किन्,finite,pastperf,भूत पूर्ण,past perfect,ta,2nd person · low grade,no,तैंले,ergative -ले,no,किनेको थिइस्,कि ने को   थि इ स्,stem:किन् + end:एको + aux: थिइस्,empty-base > virama-matra-fusion > concatenate
किन्नु,to buy,C,व्यञ्जनान्त,yes,किन्,किन्,finite,pastperf,भूत पूर्ण,past perfect,timi,2nd person · mid grade,no,तिमी(हरू)ले,ergative -ले,no,किनेको थियौ,कि ने को   थि यौ,stem:किन् + end:एको + aux: थियौ,empty-base > virama-matra-fusion > concatenate
किन्नु,to buy,C,व्यञ्जनान्त,yes,किन्,किन्,finite,pastperf,भूत पूर्ण,past perfect,tapai,2nd person · high grade,yes,तपाईं(हरू)ले,ergative -ले,no,किन्नुभएको थियो,कि न्नु भ ए को   थि यो,stem:किन्नु + aux:भएको थियो,empty-base > concatenate
किन्नु,to buy,C,व्यञ्जनान्त,yes,किन्,किन्,finite,pastperf,भूत पूर्ण,past perfect,u,3rd person · low grade,no,उसले / त्यसले,ergative -ले,no,किनेको थियो,कि ने को   थि यो,stem:किन् + end:एको + aux: थियो,empty-base > virama-matra-fusion > concatenate
किन्नु,to buy,C,व्यञ्जनान्त,yes,किन्,किन्,finite,pastperf,भूत पूर्ण,past perfect,uni,3rd person · mid grade,no,उनले / उनीहरूले,ergative -ले,no,किनेका थिए,कि ने का   थि ए,stem:किन् + end:एका + aux: थिए,empty-base > virama-matra-fusion > concatenate
किन्नु,to buy,C,व्यञ्जनान्त,yes,किन्,किन्,finite,pastperf,भूत पूर्ण,past perfect,uha,3rd person · high grade,yes,उहाँले,ergative -ले,no,किन्नुभएको थियो,कि न्नु भ ए को   थि यो,stem:किन्नु + aux:भएको थियो,empty-base > concatenate
किन्नु,to buy,C,व्यञ्जनान्त,yes,किन्,किन्,finite,future,सामान्य भविष्यत्,simple future,ma,1st person · singular,no,म,nominative,no,किन्नेछु,कि न्ने छु,stem:किन् + end:ने + end:छु,empty-base > concatenate > concatenate
किन्नु,to buy,C,व्यञ्जनान्त,yes,किन्,किन्,finite,future,सामान्य भविष्यत्,simple future,hami,1st person · plural,no,हामी(हरू),nominative,no,किन्नेछौँ,कि न्ने छौँ,stem:किन् + end:ने + end:छौँ,empty-base > concatenate > concatenate
किन्नु,to buy,C,व्यञ्जनान्त,yes,किन्,किन्,finite,future,सामान्य भविष्यत्,simple future,ta,2nd person · low grade,no,तँ,nominative,no,किन्नेछस्,कि न्ने छ स्,stem:किन् + end:ने + end:छस्,empty-base > concatenate > concatenate
किन्नु,to buy,C,व्यञ्जनान्त,yes,किन्,किन्,finite,future,सामान्य भविष्यत्,simple future,timi,2nd person · mid grade,no,तिमी(हरू),nominative,no,किन्नेछौ,कि न्ने छौ,stem:किन् + end:ने + end:छौ,empty-base > concatenate > concatenate
किन्नु,to buy,C,व्यञ्जनान्त,yes,किन्,किन्,finite,future,सामान्य भविष्यत्,simple future,tapai,2nd person · high grade,yes,तपाईं(हरू),nominative,no,किन्नुहुनेछ,कि न्नु हु ने छ,stem:किन्नु + aux:हुनेछ,empty-base > concatenate
किन्नु,to buy,C,व्यञ्जनान्त,yes,किन्,किन्,finite,future,सामान्य भविष्यत्,simple future,u,3rd person · low grade,no,ऊ / त्यो,nominative,no,किन्नेछ,कि न्ने छ,stem:किन् + end:ने + end:छ,empty-base > concatenate > concatenate
किन्नु,to buy,C,व्यञ्जनान्त,yes,किन्,किन्,finite,future,सामान्य भविष्यत्,simple future,uni,3rd person · mid grade,no,उनी / उनीहरू,nominative,no,किन्नेछन्,कि न्ने छ न्,stem:किन् + end:ने + end:छन्,empty-base > concatenate > concatenate
किन्नु,to buy,C,व्यञ्जनान्त,yes,किन्,किन्,finite,future,सामान्य भविष्यत्,simple future,uha,3rd person · high grade,yes,उहाँ / वहाँ,nominative,no,किन्नुहुनेछ,कि न्नु हु ने छ,stem:किन्नु + aux:हुनेछ,empty-base > concatenate
किन्नु,to buy,C,व्यञ्जनान्त,yes,किन्,किन्,finite,prob,सम्भावना,probable,ma,1st person · singular,no,म,nominative,yes,किनुँला,कि नुँ ला,stem:किन् + end:उँला,empty-base > virama-matra-fusion
किन्नु,to buy,C,व्यञ्जनान्त,yes,किन्,किन्,finite,prob,सम्भावना,probable,hami,1st person · plural,no,हामी(हरू),nominative,yes,किनौँला,कि नौँ ला,stem:किन् + end:औँला,empty-base > virama-matra-fusion
किन्नु,to buy,C,व्यञ्जनान्त,yes,किन्,किन्,finite,prob,सम्भावना,probable,ta,2nd person · low grade,no,तँ,nominative,yes,किन्लास्,कि न्ला स्,stem:किन् + end:लास्,empty-base > concatenate
किन्नु,to buy,C,व्यञ्जनान्त,yes,किन्,किन्,finite,prob,सम्भावना,probable,timi,2nd person · mid grade,no,तिमी(हरू),nominative,yes,किनौला,कि नौ ला,stem:किन् + end:औला,empty-base > virama-matra-fusion
किन्नु,to buy,C,व्यञ्जनान्त,yes,किन्,किन्,finite,prob,सम्भावना,probable,tapai,2nd person · high grade,yes,तपाईं(हरू),nominative,yes,किन्नुहोला,कि न्नु हो ला,stem:किन्नु + aux:होला,empty-base > concatenate
किन्नु,to buy,C,व्यञ्जनान्त,yes,किन्,किन्,finite,prob,सम्भावना,probable,u,3rd person · low grade,no,ऊ / त्यो,nominative,yes,किन्ला,कि न्ला,stem:किन् + end:ला,empty-base > concatenate
किन्नु,to buy,C,व्यञ्जनान्त,yes,किन्,किन्,finite,prob,सम्भावना,probable,uni,3rd person · mid grade,no,उनी / उनीहरू,nominative,yes,किन्लान्,कि न्ला न्,stem:किन् + end:लान्,empty-base > concatenate
किन्नु,to buy,C,व्यञ्जनान्त,yes,किन्,किन्,finite,prob,सम्भावना,probable,uha,3rd person · high grade,yes,उहाँ / वहाँ,nominative,yes,किन्नुहोला,कि न्नु हो ला,stem:किन्नु + aux:होला,empty-base > concatenate
किन्नु,to buy,C,व्यञ्जनान्त,yes,किन्,किन्,finite,imp,आज्ञा र इच्छा,imperative & optative,ma,1st person · singular,no,म,nominative,no,किनूँ,कि नूँ,stem:किन् + end:ऊँ,empty-base > virama-matra-fusion
किन्नु,to buy,C,व्यञ्जनान्त,yes,किन्,किन्,finite,imp,आज्ञा र इच्छा,imperative & optative,hami,1st person · plural,no,हामी(हरू),nominative,no,किनौँ,कि नौँ,stem:किन् + end:औँ,empty-base > virama-matra-fusion
किन्नु,to buy,C,व्यञ्जनान्त,yes,किन्,किन्,finite,imp,आज्ञा र इच्छा,imperative & optative,ta,2nd person · low grade,no,तँ,nominative,no,किन्,कि न्,stem:किन्,empty-base
किन्नु,to buy,C,व्यञ्जनान्त,yes,किन्,किन्,finite,imp,आज्ञा र इच्छा,imperative & optative,timi,2nd person · mid grade,no,तिमी(हरू),nominative,no,किन,कि न,stem:किन् + end:अ,empty-base > virama-matra-fusion
किन्नु,to buy,C,व्यञ्जनान्त,yes,किन्,किन्,finite,imp,आज्ञा र इच्छा,imperative & optative,tapai,2nd person · high grade,yes,तपाईं(हरू),nominative,no,किन्नुहोस्,कि न्नु हो स्,stem:किन्नु + aux:होस्,empty-base > concatenate
किन्नु,to buy,C,व्यञ्जनान्त,yes,किन्,किन्,finite,imp,आज्ञा र इच्छा,imperative & optative,u,3rd person · low grade,no,ऊ / त्यो,nominative,no,किनोस्,कि नो स्,stem:किन् + end:ओस्,empty-base > virama-matra-fusion
किन्नु,to buy,C,व्यञ्जनान्त,yes,किन्,किन्,finite,imp,आज्ञा र इच्छा,imperative & optative,uni,3rd person · mid grade,no,उनी / उनीहरू,nominative,no,किनून्,कि नू न्,stem:किन् + end:ऊन्,empty-base > virama-matra-fusion
किन्नु,to buy,C,व्यञ्जनान्त,yes,किन्,किन्,finite,imp,आज्ञा र इच्छा,imperative & optative,uha,3rd person · high grade,yes,उहाँ / वहाँ,nominative,no,किन्नुहोस्,कि न्नु हो स्,stem:किन्नु + aux:होस्,empty-base > concatenate
किन्नु,to buy,C,व्यञ्जनान्त,yes,किन्,किन्,non-finite,क्रियार्थक नाम,,dictionary form,,,,,,,किन्नु,कि न्नु,,
किन्नु,to buy,C,व्यञ्जनान्त,yes,किन्,किन्,non-finite,उद्देश्यवाचक,,in order to …,,,,,,,किन्न,कि न्न,,
किन्नु,to buy,C,व्यञ्जनान्त,yes,किन्,किन्,non-finite,भविष्यवाचक,,the one that will …,,,,,,,किन्ने,कि न्ने,,
किन्नु,to buy,C,व्यञ्जनान्त,yes,किन्,किन्,non-finite,पूर्णकालिक,,having …-ed,,,,,,,किनेको,कि ने को,,
किन्नु,to buy,C,व्यञ्जनान्त,yes,किन्,किन्,non-finite,पूर्वकालिक,,"…-ing, then",,,,,,,किनेर,कि ने र,,
किन्नु,to buy,C,व्यञ्जनान्त,yes,किन्,किन्,non-finite,क्रियाविशेषण,,by …-ing,,,,,,,किनी,कि नी,,
किन्नु,to buy,C,व्यञ्जनान्त,yes,किन्,किन्,non-finite,अपूर्णकालिक,,while …-ing,,,,,,,किन्दै,कि न्दै,,
किन्नु,to buy,C,व्यञ्जनान्त,yes,किन्,किन्,non-finite,समयवाचक,,when …-ing,,,,,,,किन्दा,कि न्दा,,
किन्नु,to buy,C,व्यञ्जनान्त,yes,किन्,किन्,non-finite,सर्तवाचक,,if …,,,,,,,किने भने,कि ने   भ ने,,
किन्नु,to buy,C,व्यञ्जनान्त,yes,किन्,किन्,infinitive,,,,,,,,,,किन्नु,कि न्नु,,
राख्नु,to keep,C,व्यञ्जनान्त,yes,राख्,राख्,finite,habpres,अभ्यस्त वर्तमान,habitual present,ma,1st person · singular,no,म,nominative,no,राख्छु,रा ख्छु,stem:राख् + end:छु,empty-base > concatenate
राख्नु,to keep,C,व्यञ्जनान्त,yes,राख्,राख्,finite,habpres,अभ्यस्त वर्तमान,habitual present,hami,1st person · plural,no,हामी(हरू),nominative,no,राख्छौँ,रा ख्छौँ,stem:राख् + end:छौँ,empty-base > concatenate
राख्नु,to keep,C,व्यञ्जनान्त,yes,राख्,राख्,finite,habpres,अभ्यस्त वर्तमान,habitual present,ta,2nd person · low grade,no,तँ,nominative,no,राख्छस्,रा ख्छ स्,stem:राख् + end:छस्,empty-base > concatenate
राख्नु,to keep,C,व्यञ्जनान्त,yes,राख्,राख्,finite,habpres,अभ्यस्त वर्तमान,habitual present,timi,2nd person · mid grade,no,तिमी(हरू),nominative,no,राख्छौ,रा ख्छौ,stem:राख् + end:छौ,empty-base > concatenate
राख्नु,to keep,C,व्यञ्जनान्त,yes,राख्,राख्,finite,habpres,अभ्यस्त वर्तमान,habitual present,tapai,2nd person · high grade,yes,तपाईं(हरू),nominative,no,राख्नुहुन्छ,रा ख्नु हु न्छ,stem:राख्नु + aux:हुन्छ,empty-base > concatenate
राख्नु,to keep,C,व्यञ्जनान्त,yes,राख्,राख्,finite,habpres,अभ्यस्त वर्तमान,habitual present,u,3rd person · low grade,no,ऊ / त्यो,nominative,no,राख्छ,रा ख्छ,stem:राख् + end:छ,empty-base > concatenate
राख्नु,to keep,C,व्यञ्जनान्त,yes,राख्,राख्,finite,habpres,अभ्यस्त वर्तमान,habitual present,uni,3rd person · mid grade,no,उनी / उनीहरू,nominative,no,राख्छन्,रा ख्छ न्,stem:राख् + end:छन्,empty-base > concatenate
राख्नु,to keep,C,व्यञ्जनान्त,yes,राख्,राख्,finite,habpres,अभ्यस्त वर्तमान,habitual present,uha,3rd person · high grade,yes,उहाँ / वहाँ,nominative,no,राख्नुहुन्छ,रा ख्नु हु न्छ,stem:राख्नु + aux:हुन्छ,empty-base > concatenate
राख्नु,to keep,C,व्यञ्जनान्त,yes,राख्,राख्,finite,prescont,वर्तमान निरन्तर,present continuous,ma,1st person · singular,no,म,nominative,no,राख्दैछु,रा ख्दै छु,stem:राख् + end:दै + aux:छु,empty-base > concatenate > concatenate
राख्नु,to keep,C,व्यञ्जनान्त,yes,राख्,राख्,finite,prescont,वर्तमान निरन्तर,present continuous,hami,1st person · plural,no,हामी(हरू),nominative,no,राख्दैछौँ,रा ख्दै छौँ,stem:राख् + end:दै + aux:छौँ,empty-base > concatenate > concatenate
राख्नु,to keep,C,व्यञ्जनान्त,yes,राख्,राख्,finite,prescont,वर्तमान निरन्तर,present continuous,ta,2nd person · low grade,no,तँ,nominative,no,राख्दैछस्,रा ख्दै छ स्,stem:राख् + end:दै + aux:छस्,empty-base > concatenate > concatenate
राख्नु,to keep,C,व्यञ्जनान्त,yes,राख्,राख्,finite,prescont,वर्तमान निरन्तर,present continuous,timi,2nd person · mid grade,no,तिमी(हरू),nominative,no,राख्दैछौ,रा ख्दै छौ,stem:राख् + end:दै + aux:छौ,empty-base > concatenate > concatenate
राख्नु,to keep,C,व्यञ्जनान्त,yes,राख्,राख्,finite,prescont,वर्तमान निरन्तर,present continuous,tapai,2nd person · high grade,yes,तपाईं(हरू),nominative,no,राख्दै हुनुहुन्छ,रा ख्दै   हु नु हु न्छ,stem:राख् + end:दै + aux: हुनुहुन्छ,empty-base > concatenate > concatenate
राख्नु,to keep,C,व्यञ्जनान्त,yes,राख्,राख्,finite,prescont,वर्तमान निरन्तर,present continuous,u,3rd person · low grade,no,ऊ / त्यो,nominative,no,राख्दैछ,रा ख्दै छ,stem:राख् + end:दै + aux:छ,empty-base > concatenate > concatenate
राख्नु,to keep,C,व्यञ्जनान्त,yes,राख्,राख्,finite,prescont,वर्तमान निरन्तर,present continuous,uni,3rd person · mid grade,no,उनी / उनीहरू,nominative,no,राख्दैछन्,रा ख्दै छ न्,stem:राख् + end:दै + aux:छन्,empty-base > concatenate > concatenate
राख्नु,to keep,C,व्यञ्जनान्त,yes,राख्,राख्,finite,prescont,वर्तमान निरन्तर,present continuous,uha,3rd person · high grade,yes,उहाँ / वहाँ,nominative,no,राख्दै हुनुहुन्छ,रा ख्दै   हु नु हु न्छ,stem:राख् + end:दै + aux: हुनुहुन्छ,empty-base > concatenate > concatenate
राख्नु,to keep,C,व्यञ्जनान्त,yes,राख्,राख्,finite,presperf,वर्तमान पूर्ण,present perfect,ma,1st person · singular,no,मैले,ergative -ले,no,राखेको छु,रा खे को   छु,stem:राख् + end:एको + aux: छु,empty-base > virama-matra-fusion > concatenate
राख्नु,to keep,C,व्यञ्जनान्त,yes,राख्,राख्,finite,presperf,वर्तमान पूर्ण,present perfect,hami,1st person · plural,no,हामी(हरू)ले,ergative -ले,no,राखेका छौँ,रा खे का   छौँ,stem:राख् + end:एका + aux: छौँ,empty-base > virama-matra-fusion > concatenate
राख्नु,to keep,C,व्यञ्जनान्त,yes,राख्,राख्,finite,presperf,वर्तमान पूर्ण,present perfect,ta,2nd person · low grade,no,तैंले,ergative -ले,no,राखेको छस्,रा खे को   छ स्,stem:राख् + end:एको + aux: छस्,empty-base > virama-matra-fusion > concatenate
राख्नु,to keep,C,व्यञ्जनान्त,yes,राख्,राख्,finite,presperf,वर्तमान पूर्ण,present perfect,timi,2nd person · mid grade,no,तिमी(हरू)ले,ergative -ले,no,राखेको छौ,रा खे को   छौ,stem:राख् + end:एको + aux: छौ,empty-base > virama-matra-fusion > concatenate
राख्नु,to keep,C,व्यञ्जनान्त,yes,राख्,राख्,finite,presperf,वर्तमान पूर्ण,present perfect,tapai,2nd person · high grade,yes,तपाईं(हरू)ले,ergative -ले,no,राख्नुभएको छ,रा ख्नु भ ए को   छ,stem:राख्नु + aux:भएको छ,empty-base > concatenate
राख्नु,to keep,C,व्यञ्जनान्त,yes,राख्,राख्,finite,presperf,वर्तमान पूर्ण,present perfect,u,3rd person · low grade,no,उसले / त्यसले,ergative -ले,no,राखेको छ,रा खे को   छ,stem:राख् + end:एको + aux: छ,empty-base > virama-matra-fusion > concatenate
राख्नु,to keep,C,व्यञ्जनान्त,yes,राख्,राख्,finite,presperf,वर्तमान पूर्ण,present perfect,uni,3rd person · mid grade,no,उनले / उनीहरूले,ergative -ले,no,राखेका छन्,रा खे का   छ न्,stem:राख् + end:एका + aux: छन्,empty-base > virama-matra-fusion > concatenate
राख्नु,to keep,C,व्यञ्जनान्त,yes,राख्,राख्,finite,presperf,वर्तमान पूर्ण,present perfect,uha,3rd person · high grade,yes,उहाँले,ergative -ले,no,राख्नुभएको छ,रा ख्नु भ ए को   छ,stem:राख्नु + aux:भएको छ,empty-base > concatenate
राख्नु,to keep,C,व्यञ्जनान्त,yes,राख्,राख्,finite,past,सामान्य भूत,simple past,ma,1st person · singular,no,मैले,ergative -ले,no,राखेँ,रा खेँ,stem:राख् + end:एँ,empty-base > virama-matra-fusion
राख्नु,to keep,C,व्यञ्जनान्त,yes,राख्,राख्,finite,past,सामान्य भूत,simple past,hami,1st person · plural,no,हामी(हरू)ले,ergative -ले,no,राख्यौँ,रा ख्यौँ,stem:राख् + end:यौँ,empty-base > concatenate
राख्नु,to keep,C,व्यञ्जनान्त,yes,राख्,राख्,finite,past,सामान्य भूत,simple past,ta,2nd person · low grade,no,तैंले,ergative -ले,no,राखिस्,रा खि स्,stem:राख् + end:इस्,empty-base > virama-matra-fusion
राख्नु,to keep,C,व्यञ्जनान्त,yes,राख्,राख्,finite,past,सामान्य भूत,simple past,timi,2nd person · mid grade,no,तिमी(हरू)ले,ergative -ले,no,राख्यौ,रा ख्यौ,stem:राख् + end:यौ,empty-base > concatenate
राख्नु,to keep,C,व्यञ्जनान्त,yes,राख्,राख्,finite,past,सामान्य भूत,simple past,tapai,2nd person · high grade,yes,तपाईं(हरू)ले,ergative -ले,no,राख्नुभयो,रा ख्नु भ यो,stem:राख्नु + aux:भयो,empty-base > concatenate
राख्नु,to keep,C,व्यञ्जनान्त,yes,राख्,राख्,finite,past,सामान्य भूत,simple past,u,3rd person · low grade,no,उसले / त्यसले,ergative -ले,no,राख्यो,रा ख्यो,stem:राख् + end:यो,empty-base > concatenate
राख्नु,to keep,C,व्यञ्जनान्त,yes,राख्,राख्,finite,past,सामान्य भूत,simple past,uni,3rd person · mid grade,no,उनले / उनीहरूले,ergative -ले,no,राखे,रा खे,stem:राख् + end:ए,empty-base > virama-matra-fusion
राख्नु,to keep,C,व्यञ्जनान्त,yes,राख्,राख्,finite,past,सामान्य भूत,simple past,uha,3rd person · high grade,yes,उहाँले,ergative -ले,no,राख्नुभयो,रा ख्नु भ यो,stem:राख्नु + aux:भयो,empty-base > concatenate
राख्नु,to keep,C,व्यञ्जनान्त,yes,राख्,राख्,finite,habpast,अभ्यस्त भूत,habitual past,ma,1st person · singular,no,म,nominative,no,राख्थेँ,रा ख्थेँ,stem:राख् + end:थेँ,empty-base > concatenate
राख्नु,to keep,C,व्यञ्जनान्त,yes,राख्,राख्,finite,habpast,अभ्यस्त भूत,habitual past,hami,1st person · plural,no,हामी(हरू),nominative,no,राख्थ्यौँ,रा ख्थ्यौँ,stem:राख् + end:थ्यौँ,empty-base > concatenate
राख्नु,to keep,C,व्यञ्जनान्त,yes,राख्,राख्,finite,habpast,अभ्यस्त भूत,habitual past,ta,2nd person · low grade,no,तँ,nominative,no,राख्थिस्,रा ख्थि स्,stem:राख् + end:थिस्,empty-base > concatenate
राख्नु,to keep,C,व्यञ्जनान्त,yes,राख्,राख्,finite,habpast,अभ्यस्त भूत,habitual past,timi,2nd person · mid grade,no,तिमी(हरू),nominative,no,राख्थ्यौ,रा ख्थ्यौ,stem:राख् + end:थ्यौ,empty-base > concatenate
राख्नु,to keep,C,व्यञ्जनान्त,yes,राख्,राख्,finite,habpast,अभ्यस्त भूत,habitual past,tapai,2nd person · high grade,yes,तपाईं(हरू),nominative,no,राख्नुहुन्थ्यो,रा ख्नु हु न्थ्यो,stem:राख्नु + aux:हुन्थ्यो,empty-base > concatenate
राख्नु,to keep,C,व्यञ्जनान्त,yes,राख्,राख्,finite,habpast,अभ्यस्त भूत,habitual past,u,3rd person · low grade,no,ऊ / त्यो,nominative,no,राख्थ्यो,रा ख्थ्यो,stem:राख् + end:थ्यो,empty-base > concatenate
राख्नु,to keep,C,व्यञ्जनान्त,yes,राख्,राख्,finite,habpast,अभ्यस्त भूत,habitual past,uni,3rd person · mid grade,no,उनी / उनीहरू,nominative,no,राख्थे,रा ख्थे,stem:राख् + end:थे,empty-base > concatenate
राख्नु,to keep,C,व्यञ्जनान्त,yes,राख्,राख्,finite,habpast,अभ्यस्त भूत,habitual past,uha,3rd person · high grade,yes,उहाँ / वहाँ,nominative,no,राख्नुहुन्थ्यो,रा ख्नु हु न्थ्यो,stem:राख्नु + aux:हुन्थ्यो,empty-base > concatenate
राख्नु,to keep,C,व्यञ्जनान्त,yes,राख्,राख्,finite,pastcont,भूत निरन्तर,past continuous,ma,1st person · singular,no,म,nominative,no,राख्दै थिएँ,रा ख्दै   थि एँ,stem:राख् + end:दै + aux: थिएँ,empty-base > concatenate > concatenate
राख्नु,to keep,C,व्यञ्जनान्त,yes,राख्,राख्,finite,pastcont,भूत निरन्तर,past continuous,hami,1st person · plural,no,हामी(हरू),nominative,no,राख्दै थियौँ,रा ख्दै   थि यौँ,stem:राख् + end:दै + aux: थियौँ,empty-base > concatenate > concatenate
राख्नु,to keep,C,व्यञ्जनान्त,yes,राख्,राख्,finite,pastcont,भूत निरन्तर,past continuous,ta,2nd person · low grade,no,तँ,nominative,no,राख्दै थिइस्,रा ख्दै   थि इ स्,stem:राख् + end:दै + aux: थिइस्,empty-base > concatenate > concatenate
राख्नु,to keep,C,व्यञ्जनान्त,yes,राख्,राख्,finite,pastcont,भूत निरन्तर,past continuous,timi,2nd person · mid grade,no,तिमी(हरू),nominative,no,राख्दै थियौ,रा ख्दै   थि यौ,stem:राख् + end:दै + aux: थियौ,empty-base > concatenate > concatenate
राख्नु,to keep,C,व्यञ्जनान्त,yes,राख्,राख्,finite,pastcont,भूत निरन्तर,past continuous,tapai,2nd person · high grade,yes,तपाईं(हरू),nominative,no,राख्दै हुनुहुन्थ्यो,रा ख्दै   हु नु हु न्थ्यो,stem:राख् + end:दै + aux: हुनुहुन्थ्यो,empty-base > concatenate > concatenate
राख्नु,to keep,C,व्यञ्जनान्त,yes,राख्,राख्,finite,pastcont,भूत निरन्तर,past continuous,u,3rd person · low grade,no,ऊ / त्यो,nominative,no,राख्दै थियो,रा ख्दै   थि यो,stem:राख् + end:दै + aux: थियो,empty-base > concatenate > concatenate
राख्नु,to keep,C,व्यञ्जनान्त,yes,राख्,राख्,finite,pastcont,भूत निरन्तर,past continuous,uni,3rd person · mid grade,no,उनी / उनीहरू,nominative,no,राख्दै थिए,रा ख्दै   थि ए,stem:राख् + end:दै + aux: थिए,empty-base > concatenate > concatenate
राख्नु,to keep,C,व्यञ्जनान्त,yes,राख्,राख्,finite,pastcont,भूत निरन्तर,past continuous,uha,3rd person · high grade,yes,उहाँ / वहाँ,nominative,no,राख्दै हुनुहुन्थ्यो,रा ख्दै   हु नु हु न्थ्यो,stem:राख् + end:दै + aux: हुनुहुन्थ्यो,empty-base > concatenate > concatenate
राख्नु,to keep,C,व्यञ्जनान्त,yes,राख्,राख्,finite,pastperf,भूत पूर्ण,past perfect,ma,1st person · singular,no,मैले,ergative -ले,no,राखेको थिएँ,रा खे को   थि एँ,stem:राख् + end:एको + aux: थिएँ,empty-base > virama-matra-fusion > concatenate
राख्नु,to keep,C,व्यञ्जनान्त,yes,राख्,राख्,finite,pastperf,भूत पूर्ण,past perfect,hami,1st person · plural,no,हामी(हरू)ले,ergative -ले,no,राखेका थियौँ,रा खे का   थि यौँ,stem:राख् + end:एका + aux: थियौँ,empty-base > virama-matra-fusion > concatenate
राख्नु,to keep,C,व्यञ्जनान्त,yes,राख्,राख्,finite,pastperf,भूत पूर्ण,past perfect,ta,2nd person · low grade,no,तैंले,ergative -ले,no,राखेको थिइस्,रा खे को   थि इ स्,stem:राख् + end:एको + aux: थिइस्,empty-base > virama-matra-fusion > concatenate
राख्नु,to keep,C,व्यञ्जनान्त,yes,राख्,राख्,finite,pastperf,भूत पूर्ण,past perfect,timi,2nd person · mid grade,no,तिमी(हरू)ले,ergative -ले,no,राखेको थियौ,रा खे को   थि यौ,stem:राख् + end:एको + aux: थियौ,empty-base > virama-matra-fusion > concatenate
राख्नु,to keep,C,व्यञ्जनान्त,yes,राख्,राख्,finite,pastperf,भूत पूर्ण,past perfect,tapai,2nd person · high grade,yes,तपाईं(हरू)ले,ergative -ले,no,राख्नुभएको थियो,रा ख्नु भ ए को   थि यो,stem:राख्नु + aux:भएको थियो,empty-base > concatenate
राख्नु,to keep,C,व्यञ्जनान्त,yes,राख्,राख्,finite,pastperf,भूत पूर्ण,past perfect,u,3rd person · low grade,no,उसले / त्यसले,ergative -ले,no,राखेको थियो,रा खे को   थि यो,stem:राख् + end:एको + aux: थियो,empty-base > virama-matra-fusion > concatenate
राख्नु,to keep,C,व्यञ्जनान्त,yes,राख्,राख्,finite,pastperf,भूत पूर्ण,past perfect,uni,3rd person · mid grade,no,उनले / उनीहरूले,ergative -ले,no,राखेका थिए,रा खे का   थि ए,stem:राख् + end:एका + aux: थिए,empty-base > virama-matra-fusion > concatenate
राख्नु,to keep,C,व्यञ्जनान्त,yes,राख्,राख्,finite,pastperf,भूत पूर्ण,past perfect,uha,3rd person · high grade,yes,उहाँले,ergative -ले,no,राख्नुभएको थियो,रा ख्नु भ ए को   थि यो,stem:राख्नु + aux:भएको थियो,empty-base > concatenate
राख्नु,to keep,C,व्यञ्जनान्त,yes,राख्,राख्,finite,future,सामान्य भविष्यत्,simple future,ma,1st person · singular,no,म,nominative,no,राख्नेछु,रा ख्ने छु,stem:राख् + end:ने + end:छु,empty-base > concatenate > concatenate
राख्नु,to keep,C,व्यञ्जनान्त,yes,राख्,राख्,finite,future,सामान्य भविष्यत्,simple future,hami,1st person · plural,no,हामी(हरू),nominative,no,राख्नेछौँ,रा ख्ने छौँ,stem:राख् + end:ने + end:छौँ,empty-base > concatenate > concatenate
राख्नु,to keep,C,व्यञ्जनान्त,yes,राख्,राख्,finite,future,सामान्य भविष्यत्,simple future,ta,2nd person · low grade,no,तँ,nominative,no,राख्नेछस्,रा ख्ने छ स्,stem:राख् + end:ने + end:छस्,empty-base > concatenate > concatenate
राख्नु,to keep,C,व्यञ्जनान्त,yes,राख्,राख्,finite,future,सामान्य भविष्यत्,simple future,timi,2nd person · mid grade,no,तिमी(हरू),nominative,no,राख्नेछौ,रा ख्ने छौ,stem:राख् + end:ने + end:छौ,empty-base > concatenate > concatenate
राख्नु,to keep,C,व्यञ्जनान्त,yes,राख्,राख्,finite,future,सामान्य भविष्यत्,simple future,tapai,2nd person · high grade,yes,तपाईं(हरू),nominative,no,राख्नुहुनेछ,रा ख्नु हु ने छ,stem:राख्नु + aux:हुनेछ,empty-base > concatenate
राख्नु,to keep,C,व्यञ्जनान्त,yes,राख्,राख्,finite,future,सामान्य भविष्यत्,simple future,u,3rd person · low grade,no,ऊ / त्यो,nominative,no,राख्नेछ,रा ख्ने छ,stem:राख् + end:ने + end:छ,empty-base > concatenate > concatenate
राख्नु,to keep,C,व्यञ्जनान्त,yes,राख्,राख्,finite,future,सामान्य भविष्यत्,simple future,uni,3rd person · mid grade,no,उनी / उनीहरू,nominative,no,राख्नेछन्,रा ख्ने छ न्,stem:राख् + end:ने + end:छन्,empty-base > concatenate > concatenate
राख्नु,to keep,C,व्यञ्जनान्त,yes,राख्,राख्,finite,future,सामान्य भविष्यत्,simple future,uha,3rd person · high grade,yes,उहाँ / वहाँ,nominative,no,राख्नुहुनेछ,रा ख्नु हु ने छ,stem:राख्नु + aux:हुनेछ,empty-base > concatenate
राख्नु,to keep,C,व्यञ्जनान्त,yes,राख्,राख्,finite,prob,सम्भावना,probable,ma,1st person · singular,no,म,nominative,yes,राखुँला,रा खुँ ला,stem:राख् + end:उँला,empty-base > virama-matra-fusion
राख्नु,to keep,C,व्यञ्जनान्त,yes,राख्,राख्,finite,prob,सम्भावना,probable,hami,1st person · plural,no,हामी(हरू),nominative,yes,राखौँला,रा खौँ ला,stem:राख् + end:औँला,empty-base > virama-matra-fusion
राख्नु,to keep,C,व्यञ्जनान्त,yes,राख्,राख्,finite,prob,सम्भावना,probable,ta,2nd person · low grade,no,तँ,nominative,yes,राख्लास्,रा ख्ला स्,stem:राख् + end:लास्,empty-base > concatenate
राख्नु,to keep,C,व्यञ्जनान्त,yes,राख्,राख्,finite,prob,सम्भावना,probable,timi,2nd person · mid grade,no,तिमी(हरू),nominative,yes,राखौला,रा खौ ला,stem:राख् + end:औला,empty-base > virama-matra-fusion
राख्नु,to keep,C,व्यञ्जनान्त,yes,राख्,राख्,finite,prob,सम्भावना,probable,tapai,2nd person · high grade,yes,तपाईं(हरू),nominative,yes,राख्नुहोला,रा ख्नु हो ला,stem:राख्नु + aux:होला,empty-base > concatenate
राख्नु,to keep,C,व्यञ्जनान्त,yes,राख्,राख्,finite,prob,सम्भावना,probable,u,3rd person · low grade,no,ऊ / त्यो,nominative,yes,राख्ला,रा ख्ला,stem:राख् + end:ला,empty-base > concatenate
राख्नु,to keep,C,व्यञ्जनान्त,yes,राख्,राख्,finite,prob,सम्भावना,probable,uni,3rd person · mid grade,no,उनी / उनीहरू,nominative,yes,राख्लान्,रा ख्ला न्,stem:राख् + end:लान्,empty-base > concatenate
राख्नु,to keep,C,व्यञ्जनान्त,yes,राख्,राख्,finite,prob,सम्भावना,probable,uha,3rd person · high grade,yes,उहाँ / वहाँ,nominative,yes,राख्नुहोला,रा ख्नु हो ला,stem:राख्नु + aux:होला,empty-base > concatenate
राख्नु,to keep,C,व्यञ्जनान्त,yes,राख्,राख्,finite,imp,आज्ञा र इच्छा,imperative & optative,ma,1st person · singular,no,म,nominative,no,राखूँ,रा खूँ,stem:राख् + end:ऊँ,empty-base > virama-matra-fusion
राख्नु,to keep,C,व्यञ्जनान्त,yes,राख्,राख्,finite,imp,आज्ञा र इच्छा,imperative & optative,hami,1st person · plural,no,हामी(हरू),nominative,no,राखौँ,रा खौँ,stem:राख् + end:औँ,empty-base > virama-matra-fusion
राख्नु,to keep,C,व्यञ्जनान्त,yes,राख्,राख्,finite,imp,आज्ञा र इच्छा,imperative & optative,ta,2nd person · low grade,no,तँ,nominative,no,राख्,रा ख्,stem:राख्,empty-base
राख्नु,to keep,C,व्यञ्जनान्त,yes,राख्,राख्,finite,imp,आज्ञा र इच्छा,imperative & optative,timi,2nd person · mid grade,no,तिमी(हरू),nominative,no,राख,रा ख,stem:राख् + end:अ,empty-base > virama-matra-fusion
राख्नु,to keep,C,व्यञ्जनान्त,yes,राख्,राख्,finite,imp,आज्ञा र इच्छा,imperative & optative,tapai,2nd person · high grade,yes,तपाईं(हरू),nominative,no,राख्नुहोस्,रा ख्नु हो स्,stem:राख्नु + aux:होस्,empty-base > concatenate
राख्नु,to keep,C,व्यञ्जनान्त,yes,राख्,राख्,finite,imp,आज्ञा र इच्छा,imperative & optative,u,3rd person · low grade,no,ऊ / त्यो,nominative,no,राखोस्,रा खो स्,stem:राख् + end:ओस्,empty-base > virama-matra-fusion
राख्नु,to keep,C,व्यञ्जनान्त,yes,राख्,राख्,finite,imp,आज्ञा र इच्छा,imperative & optative,uni,3rd person · mid grade,no,उनी / उनीहरू,nominative,no,राखून्,रा खू न्,stem:राख् + end:ऊन्,empty-base > virama-matra-fusion
राख्नु,to keep,C,व्यञ्जनान्त,yes,राख्,राख्,finite,imp,आज्ञा र इच्छा,imperative & optative,uha,3rd person · high grade,yes,उहाँ / वहाँ,nominative,no,राख्नुहोस्,रा ख्नु हो स्,stem:राख्नु + aux:होस्,empty-base > concatenate
राख्नु,to keep,C,व्यञ्जनान्त,yes,राख्,राख्,non-finite,क्रियार्थक नाम,,dictionary form,,,,,,,राख्नु,रा ख्नु,,
राख्नु,to keep,C,व्यञ्जनान्त,yes,राख्,राख्,non-finite,उद्देश्यवाचक,,in order to …,,,,,,,राख्न,रा ख्न,,
राख्नु,to keep,C,व्यञ्जनान्त,yes,राख्,राख्,non-finite,भविष्यवाचक,,the one that will …,,,,,,,राख्ने,रा ख्ने,,
राख्नु,to keep,C,व्यञ्जनान्त,yes,राख्,राख्,non-finite,पूर्णकालिक,,having …-ed,,,,,,,राखेको,रा खे को,,
राख्नु,to keep,C,व्यञ्जनान्त,yes,राख्,राख्,non-finite,पूर्वकालिक,,"…-ing, then",,,,,,,राखेर,रा खे र,,
राख्नु,to keep,C,व्यञ्जनान्त,yes,राख्,राख्,non-finite,क्रियाविशेषण,,by …-ing,,,,,,,राखी,रा खी,,
राख्नु,to keep,C,व्यञ्जनान्त,yes,राख्,राख्,non-finite,अपूर्णकालिक,,while …-ing,,,,,,,राख्दै,रा ख्दै,,
राख्नु,to keep,C,व्यञ्जनान्त,yes,राख्,राख्,non-finite,समयवाचक,,when …-ing,,,,,,,राख्दा,रा ख्दा,,
राख्नु,to keep,C,व्यञ्जनान्त,yes,राख्,राख्,non-finite,सर्तवाचक,,if …,,,,,,,राखे भने,रा खे   भ ने,,
राख्नु,to keep,C,व्यञ्जनान्त,yes,राख्,राख्,infinitive,,,,,,,,,,राख्नु,रा ख्नु,,
बस्नु,"to sit, live",C,व्यञ्जनान्त,no,बस्,बस्,finite,habpres,अभ्यस्त वर्तमान,habitual present,ma,1st person · singular,no,म,nominative,no,बस्छु,ब स्छु,stem:बस् + end:छु,empty-base > concatenate
बस्नु,"to sit, live",C,व्यञ्जनान्त,no,बस्,बस्,finite,habpres,अभ्यस्त वर्तमान,habitual present,hami,1st person · plural,no,हामी(हरू),nominative,no,बस्छौँ,ब स्छौँ,stem:बस् + end:छौँ,empty-base > concatenate
बस्नु,"to sit, live",C,व्यञ्जनान्त,no,बस्,बस्,finite,habpres,अभ्यस्त वर्तमान,habitual present,ta,2nd person · low grade,no,तँ,nominative,no,बस्छस्,ब स्छ स्,stem:बस् + end:छस्,empty-base > concatenate
बस्नु,"to sit, live",C,व्यञ्जनान्त,no,बस्,बस्,finite,habpres,अभ्यस्त वर्तमान,habitual present,timi,2nd person · mid grade,no,तिमी(हरू),nominative,no,बस्छौ,ब स्छौ,stem:बस् + end:छौ,empty-base > concatenate
बस्नु,"to sit, live",C,व्यञ्जनान्त,no,बस्,बस्,finite,habpres,अभ्यस्त वर्तमान,habitual present,tapai,2nd person · high grade,yes,तपाईं(हरू),nominative,no,बस्नुहुन्छ,ब स्नु हु न्छ,stem:बस्नु + aux:हुन्छ,empty-base > concatenate
बस्नु,"to sit, live",C,व्यञ्जनान्त,no,बस्,बस्,finite,habpres,अभ्यस्त वर्तमान,habitual present,u,3rd person · low grade,no,ऊ / त्यो,nominative,no,बस्छ,ब स्छ,stem:बस् + end:छ,empty-base > concatenate
बस्नु,"to sit, live",C,व्यञ्जनान्त,no,बस्,बस्,finite,habpres,अभ्यस्त वर्तमान,habitual present,uni,3rd person · mid grade,no,उनी / उनीहरू,nominative,no,बस्छन्,ब स्छ न्,stem:बस् + end:छन्,empty-base > concatenate
बस्नु,"to sit, live",C,व्यञ्जनान्त,no,बस्,बस्,finite,habpres,अभ्यस्त वर्तमान,habitual present,uha,3rd person · high grade,yes,उहाँ / वहाँ,nominative,no,बस्नुहुन्छ,ब स्नु हु न्छ,stem:बस्नु + aux:हुन्छ,empty-base > concatenate
बस्नु,"to sit, live",C,व्यञ्जनान्त,no,बस्,बस्,finite,prescont,वर्तमान निरन्तर,present continuous,ma,1st person · singular,no,म,nominative,no,बस्दैछु,ब स्दै छु,stem:बस् + end:दै + aux:छु,empty-base > concatenate > concatenate
बस्नु,"to sit, live",C,व्यञ्जनान्त,no,बस्,बस्,finite,prescont,वर्तमान निरन्तर,present continuous,hami,1st person · plural,no,हामी(हरू),nominative,no,बस्दैछौँ,ब स्दै छौँ,stem:बस् + end:दै + aux:छौँ,empty-base > concatenate > concatenate
बस्नु,"to sit, live",C,व्यञ्जनान्त,no,बस्,बस्,finite,prescont,वर्तमान निरन्तर,present continuous,ta,2nd person · low grade,no,तँ,nominative,no,बस्दैछस्,ब स्दै छ स्,stem:बस् + end:दै + aux:छस्,empty-base > concatenate > concatenate
बस्नु,"to sit, live",C,व्यञ्जनान्त,no,बस्,बस्,finite,prescont,वर्तमान निरन्तर,present continuous,timi,2nd person · mid grade,no,तिमी(हरू),nominative,no,बस्दैछौ,ब स्दै छौ,stem:बस् + end:दै + aux:छौ,empty-base > concatenate > concatenate
बस्नु,"to sit, live",C,व्यञ्जनान्त,no,बस्,बस्,finite,prescont,वर्तमान निरन्तर,present continuous,tapai,2nd person · high grade,yes,तपाईं(हरू),nominative,no,बस्दै हुनुहुन्छ,ब स्दै   हु नु हु न्छ,stem:बस् + end:दै + aux: हुनुहुन्छ,empty-base > concatenate > concatenate
बस्नु,"to sit, live",C,व्यञ्जनान्त,no,बस्,बस्,finite,prescont,वर्तमान निरन्तर,present continuous,u,3rd person · low grade,no,ऊ / त्यो,nominative,no,बस्दैछ,ब स्दै छ,stem:बस् + end:दै + aux:छ,empty-base > concatenate > concatenate
बस्नु,"to sit, live",C,व्यञ्जनान्त,no,बस्,बस्,finite,prescont,वर्तमान निरन्तर,present continuous,uni,3rd person · mid grade,no,उनी / उनीहरू,nominative,no,बस्दैछन्,ब स्दै छ न्,stem:बस् + end:दै + aux:छन्,empty-base > concatenate > concatenate
बस्नु,"to sit, live",C,व्यञ्जनान्त,no,बस्,बस्,finite,prescont,वर्तमान निरन्तर,present continuous,uha,3rd person · high grade,yes,उहाँ / वहाँ,nominative,no,बस्दै हुनुहुन्छ,ब स्दै   हु नु हु न्छ,stem:बस् + end:दै + aux: हुनुहुन्छ,empty-base > concatenate > concatenate
बस्नु,"to sit, live",C,व्यञ्जनान्त,no,बस्,बस्,finite,presperf,वर्तमान पूर्ण,present perfect,ma,1st person · singular,no,म,nominative,no,बसेको छु,ब से को   छु,stem:बस् + end:एको + aux: छु,empty-base > virama-matra-fusion > concatenate
बस्नु,"to sit, live",C,व्यञ्जनान्त,no,बस्,बस्,finite,presperf,वर्तमान पूर्ण,present perfect,hami,1st person · plural,no,हामी(हरू),nominative,no,बसेका छौँ,ब से का   छौँ,stem:बस् + end:एका + aux: छौँ,empty-base > virama-matra-fusion > concatenate
बस्नु,"to sit, live",C,व्यञ्जनान्त,no,बस्,बस्,finite,presperf,वर्तमान पूर्ण,present perfect,ta,2nd person · low grade,no,तँ,nominative,no,बसेको छस्,ब से को   छ स्,stem:बस् + end:एको + aux: छस्,empty-base > virama-matra-fusion > concatenate
बस्नु,"to sit, live",C,व्यञ्जनान्त,no,बस्,बस्,finite,presperf,वर्तमान पूर्ण,present perfect,timi,2nd person · mid grade,no,तिमी(हरू),nominative,no,बसेको छौ,ब से को   छौ,stem:बस् + end:एको + aux: छौ,empty-base > virama-matra-fusion > concatenate
बस्नु,"to sit, live",C,व्यञ्जनान्त,no,बस्,बस्,finite,presperf,वर्तमान पूर्ण,present perfect,tapai,2nd person · high grade,yes,तपाईं(हरू),nominative,no,बस्नुभएको छ,ब स्नु भ ए को   छ,stem:बस्नु + aux:भएको छ,empty-base > concatenate
बस्नु,"to sit, live",C,व्यञ्जनान्त,no,बस्,बस्,finite,presperf,वर्तमान पूर्ण,present perfect,u,3rd person · low grade,no,ऊ / त्यो,nominative,no,बसेको छ,ब से को   छ,stem:बस् + end:एको + aux: छ,empty-base > virama-matra-fusion > concatenate
बस्नु,"to sit, live",C,व्यञ्जनान्त,no,बस्,बस्,finite,presperf,वर्तमान पूर्ण,present perfect,uni,3rd person · mid grade,no,उनी / उनीहरू,nominative,no,बसेका छन्,ब से का   छ न्,stem:बस् + end:एका + aux: छन्,empty-base > virama-matra-fusion > concatenate
बस्नु,"to sit, live",C,व्यञ्जनान्त,no,बस्,बस्,finite,presperf,वर्तमान पूर्ण,present perfect,uha,3rd person · high grade,yes,उहाँ / वहाँ,nominative,no,बस्नुभएको छ,ब स्नु भ ए को   छ,stem:बस्नु + aux:भएको छ,empty-base > concatenate
बस्नु,"to sit, live",C,व्यञ्जनान्त,no,बस्,बस्,finite,past,सामान्य भूत,simple past,ma,1st person · singular,no,म,nominative,no,बसेँ,ब सेँ,stem:बस् + end:एँ,empty-base > virama-matra-fusion
बस्नु,"to sit, live",C,व्यञ्जनान्त,no,बस्,बस्,finite,past,सामान्य भूत,simple past,hami,1st person · plural,no,हामी(हरू),nominative,no,बस्यौँ,ब स्यौँ,stem:बस् + end:यौँ,empty-base > concatenate
बस्नु,"to sit, live",C,व्यञ्जनान्त,no,बस्,बस्,finite,past,सामान्य भूत,simple past,ta,2nd person · low grade,no,तँ,nominative,no,बसिस्,ब सि स्,stem:बस् + end:इस्,empty-base > virama-matra-fusion
बस्नु,"to sit, live",C,व्यञ्जनान्त,no,बस्,बस्,finite,past,सामान्य भूत,simple past,timi,2nd person · mid grade,no,तिमी(हरू),nominative,no,बस्यौ,ब स्यौ,stem:बस् + end:यौ,empty-base > concatenate
बस्नु,"to sit, live",C,व्यञ्जनान्त,no,बस्,बस्,finite,past,सामान्य भूत,simple past,tapai,2nd person · high grade,yes,तपाईं(हरू),nominative,no,बस्नुभयो,ब स्नु भ यो,stem:बस्नु + aux:भयो,empty-base > concatenate
बस्नु,"to sit, live",C,व्यञ्जनान्त,no,बस्,बस्,finite,past,सामान्य भूत,simple past,u,3rd person · low grade,no,ऊ / त्यो,nominative,no,बस्यो,ब स्यो,stem:बस् + end:यो,empty-base > concatenate
बस्नु,"to sit, live",C,व्यञ्जनान्त,no,बस्,बस्,finite,past,सामान्य भूत,simple past,uni,3rd person · mid grade,no,उनी / उनीहरू,nominative,no,बसे,ब से,stem:बस् + end:ए,empty-base > virama-matra-fusion
बस्नु,"to sit, live",C,व्यञ्जनान्त,no,बस्,बस्,finite,past,सामान्य भूत,simple past,uha,3rd person · high grade,yes,उहाँ / वहाँ,nominative,no,बस्नुभयो,ब स्नु भ यो,stem:बस्नु + aux:भयो,empty-base > concatenate
बस्नु,"to sit, live",C,व्यञ्जनान्त,no,बस्,बस्,finite,habpast,अभ्यस्त भूत,habitual past,ma,1st person · singular,no,म,nominative,no,बस्थेँ,ब स्थेँ,stem:बस् + end:थेँ,empty-base > concatenate
बस्नु,"to sit, live",C,व्यञ्जनान्त,no,बस्,बस्,finite,habpast,अभ्यस्त भूत,habitual past,hami,1st person · plural,no,हामी(हरू),nominative,no,बस्थ्यौँ,ब स्थ्यौँ,stem:बस् + end:थ्यौँ,empty-base > concatenate
बस्नु,"to sit, live",C,व्यञ्जनान्त,no,बस्,बस्,finite,habpast,अभ्यस्त भूत,habitual past,ta,2nd person · low grade,no,तँ,nominative,no,बस्थिस्,ब स्थि स्,stem:बस् + end:थिस्,empty-base > concatenate
बस्नु,"to sit, live",C,व्यञ्जनान्त,no,बस्,बस्,finite,habpast,अभ्यस्त भूत,habitual past,timi,2nd person · mid grade,no,तिमी(हरू),nominative,no,बस्थ्यौ,ब स्थ्यौ,stem:बस् + end:थ्यौ,empty-base > concatenate
बस्नु,"to sit, live",C,व्यञ्जनान्त,no,बस्,बस्,finite,habpast,अभ्यस्त भूत,habitual past,tapai,2nd person · high grade,yes,तपाईं(हरू),nominative,no,बस्नुहुन्थ्यो,ब स्नु हु न्थ्यो,stem:बस्नु + aux:हुन्थ्यो,empty-base > concatenate
बस्नु,"to sit, live",C,व्यञ्जनान्त,no,बस्,बस्,finite,habpast,अभ्यस्त भूत,habitual past,u,3rd person · low grade,no,ऊ / त्यो,nominative,no,बस्थ्यो,ब स्थ्यो,stem:बस् + end:थ्यो,empty-base > concatenate
बस्नु,"to sit, live",C,व्यञ्जनान्त,no,बस्,बस्,finite,habpast,अभ्यस्त भूत,habitual past,uni,3rd person · mid grade,no,उनी / उनीहरू,nominative,no,बस्थे,ब स्थे,stem:बस् + end:थे,empty-base > concatenate
बस्नु,"to sit, live",C,व्यञ्जनान्त,no,बस्,बस्,finite,habpast,अभ्यस्त भूत,habitual past,uha,3rd person · high grade,yes,उहाँ / वहाँ,nominative,no,बस्नुहुन्थ्यो,ब स्नु हु न्थ्यो,stem:बस्नु + aux:हुन्थ्यो,empty-base > concatenate
बस्नु,"to sit, live",C,व्यञ्जनान्त,no,बस्,बस्,finite,pastcont,भूत निरन्तर,past continuous,ma,1st person · singular,no,म,nominative,no,बस्दै थिएँ,ब स्दै   थि एँ,stem:बस् + end:दै + aux: थिएँ,empty-base > concatenate > concatenate
बस्नु,"to sit, live",C,व्यञ्जनान्त,no,बस्,बस्,finite,pastcont,भूत निरन्तर,past continuous,hami,1st person · plural,no,हामी(हरू),nominative,no,बस्दै थियौँ,ब स्दै   थि यौँ,stem:बस् + end:दै + aux: थियौँ,empty-base > concatenate > concatenate
बस्नु,"to sit, live",C,व्यञ्जनान्त,no,बस्,बस्,finite,pastcont,भूत निरन्तर,past continuous,ta,2nd person · low grade,no,तँ,nominative,no,बस्दै थिइस्,ब स्दै   थि इ स्,stem:बस् + end:दै + aux: थिइस्,empty-base > concatenate > concatenate
बस्नु,"to sit, live",C,व्यञ्जनान्त,no,बस्,बस्,finite,pastcont,भूत निरन्तर,past continuous,timi,2nd person · mid grade,no,तिमी(हरू),nominative,no,बस्दै थियौ,ब स्दै   थि यौ,stem:बस् + end:दै + aux: थियौ,empty-base > concatenate > concatenate
बस्नु,"to sit, live",C,व्यञ्जनान्त,no,बस्,बस्,finite,pastcont,भूत निरन्तर,past continuous,tapai,2nd person · high grade,yes,तपाईं(हरू),nominative,no,बस्दै हुनुहुन्थ्यो,ब स्दै   हु नु हु न्थ्यो,stem:बस् + end:दै + aux: हुनुहुन्थ्यो,empty-base > concatenate > concatenate
बस्नु,"to sit, live",C,व्यञ्जनान्त,no,बस्,बस्,finite,pastcont,भूत निरन्तर,past continuous,u,3rd person · low grade,no,ऊ / त्यो,nominative,no,बस्दै थियो,ब स्दै   थि यो,stem:बस् + end:दै + aux: थियो,empty-base > concatenate > concatenate
बस्नु,"to sit, live",C,व्यञ्जनान्त,no,बस्,बस्,finite,pastcont,भूत निरन्तर,past continuous,uni,3rd person · mid grade,no,उनी / उनीहरू,nominative,no,बस्दै थिए,ब स्दै   थि ए,stem:बस् + end:दै + aux: थिए,empty-base > concatenate > concatenate
बस्नु,"to sit, live",C,व्यञ्जनान्त,no,बस्,बस्,finite,pastcont,भूत निरन्तर,past continuous,uha,3rd person · high grade,yes,उहाँ / वहाँ,nominative,no,बस्दै हुनुहुन्थ्यो,ब स्दै   हु नु हु न्थ्यो,stem:बस् + end:दै + aux: हुनुहुन्थ्यो,empty-base > concatenate > concatenate
बस्नु,"to sit, live",C,व्यञ्जनान्त,no,बस्,बस्,finite,pastperf,भूत पूर्ण,past perfect,ma,1st person · singular,no,म,nominative,no,बसेको थिएँ,ब से को   थि एँ,stem:बस् + end:एको + aux: थिएँ,empty-base > virama-matra-fusion > concatenate
बस्नु,"to sit, live",C,व्यञ्जनान्त,no,बस्,बस्,finite,pastperf,भूत पूर्ण,past perfect,hami,1st person · plural,no,हामी(हरू),nominative,no,बसेका थियौँ,ब से का   थि यौँ,stem:बस् + end:एका + aux: थियौँ,empty-base > virama-matra-fusion > concatenate
बस्नु,"to sit, live",C,व्यञ्जनान्त,no,बस्,बस्,finite,pastperf,भूत पूर्ण,past perfect,ta,2nd person · low grade,no,तँ,nominative,no,बसेको थिइस्,ब से को   थि इ स्,stem:बस् + end:एको + aux: थिइस्,empty-base > virama-matra-fusion > concatenate
बस्नु,"to sit, live",C,व्यञ्जनान्त,no,बस्,बस्,finite,pastperf,भूत पूर्ण,past perfect,timi,2nd person · mid grade,no,तिमी(हरू),nominative,no,बसेको थियौ,ब से को   थि यौ,stem:बस् + end:एको + aux: थियौ,empty-base > virama-matra-fusion > concatenate
बस्नु,"to sit, live",C,व्यञ्जनान्त,no,बस्,बस्,finite,pastperf,भूत पूर्ण,past perfect,tapai,2nd person · high grade,yes,तपाईं(हरू),nominative,no,बस्नुभएको थियो,ब स्नु भ ए को   थि यो,stem:बस्नु + aux:भएको थियो,empty-base > concatenate
बस्नु,"to sit, live",C,व्यञ्जनान्त,no,बस्,बस्,finite,pastperf,भूत पूर्ण,past perfect,u,3rd person · low grade,no,ऊ / त्यो,nominative,no,बसेको थियो,ब से को   थि यो,stem:बस् + end:एको + aux: थियो,empty-base > virama-matra-fusion > concatenate
बस्नु,"to sit, live",C,व्यञ्जनान्त,no,बस्,बस्,finite,pastperf,भूत पूर्ण,past perfect,uni,3rd person · mid grade,no,उनी / उनीहरू,nominative,no,बसेका थिए,ब से का   थि ए,stem:बस् + end:एका + aux: थिए,empty-base > virama-matra-fusion > concatenate
बस्नु,"to sit, live",C,व्यञ्जनान्त,no,बस्,बस्,finite,pastperf,भूत पूर्ण,past perfect,uha,3rd person · high grade,yes,उहाँ / वहाँ,nominative,no,बस्नुभएको थियो,ब स्नु भ ए को   थि यो,stem:बस्नु + aux:भएको थियो,empty-base > concatenate
बस्नु,"to sit, live",C,व्यञ्जनान्त,no,बस्,बस्,finite,future,सामान्य भविष्यत्,simple future,ma,1st person · singular,no,म,nominative,no,बस्नेछु,ब स्ने छु,stem:बस् + end:ने + end:छु,empty-base > concatenate > concatenate
बस्नु,"to sit, live",C,व्यञ्जनान्त,no,बस्,बस्,finite,future,सामान्य भविष्यत्,simple future,hami,1st person · plural,no,हामी(हरू),nominative,no,बस्नेछौँ,ब स्ने छौँ,stem:बस् + end:ने + end:छौँ,empty-base > concatenate > concatenate
बस्नु,"to sit, live",C,व्यञ्जनान्त,no,बस्,बस्,finite,future,सामान्य भविष्यत्,simple future,ta,2nd person · low grade,no,तँ,nominative,no,बस्नेछस्,ब स्ने छ स्,stem:बस् + end:ने + end:छस्,empty-base > concatenate > concatenate
बस्नु,"to sit, live",C,व्यञ्जनान्त,no,बस्,बस्,finite,future,सामान्य भविष्यत्,simple future,timi,2nd person · mid grade,no,तिमी(हरू),nominative,no,बस्नेछौ,ब स्ने छौ,stem:बस् + end:ने + end:छौ,empty-base > concatenate > concatenate
बस्नु,"to sit, live",C,व्यञ्जनान्त,no,बस्,बस्,finite,future,सामान्य भविष्यत्,simple future,tapai,2nd person · high grade,yes,तपाईं(हरू),nominative,no,बस्नुहुनेछ,ब स्नु हु ने छ,stem:बस्नु + aux:हुनेछ,empty-base > concatenate
बस्नु,"to sit, live",C,व्यञ्जनान्त,no,बस्,बस्,finite,future,सामान्य भविष्यत्,simple future,u,3rd person · low grade,no,ऊ / त्यो,nominative,no,बस्नेछ,ब स्ने छ,stem:बस् + end:ने + end:छ,empty-base > concatenate > concatenate
बस्नु,"to sit, live",C,व्यञ्जनान्त,no,बस्,बस्,finite,future,सामान्य भविष्यत्,simple future,uni,3rd person · mid grade,no,उनी / उनीहरू,nominative,no,बस्नेछन्,ब स्ने छ न्,stem:बस् + end:ने + end:छन्,empty-base > concatenate > concatenate
बस्नु,"to sit, live",C,व्यञ्जनान्त,no,बस्,बस्,finite,future,सामान्य भविष्यत्,simple future,uha,3rd person · high grade,yes,उहाँ / वहाँ,nominative,no,बस्नुहुनेछ,ब स्नु हु ने छ,stem:बस्नु + aux:हुनेछ,empty-base > concatenate
बस्नु,"to sit, live",C,व्यञ्जनान्त,no,बस्,बस्,finite,prob,सम्भावना,probable,ma,1st person · singular,no,म,nominative,yes,बसुँला,ब सुँ ला,stem:बस् + end:उँला,empty-base > virama-matra-fusion
बस्नु,"to sit, live",C,व्यञ्जनान्त,no,बस्,बस्,finite,prob,सम्भावना,probable,hami,1st person · plural,no,हामी(हरू),nominative,yes,बसौँला,ब सौँ ला,stem:बस् + end:औँला,empty-base > virama-matra-fusion
बस्नु,"to sit, live",C,व्यञ्जनान्त,no,बस्,बस्,finite,prob,सम्भावना,probable,ta,2nd person · low grade,no,तँ,nominative,yes,बस्लास्,ब स्ला स्,stem:बस् + end:लास्,empty-base > concatenate
बस्नु,"to sit, live",C,व्यञ्जनान्त,no,बस्,बस्,finite,prob,सम्भावना,probable,timi,2nd person · mid grade,no,तिमी(हरू),nominative,yes,बसौला,ब सौ ला,stem:बस् + end:औला,empty-base > virama-matra-fusion
बस्नु,"to sit, live",C,व्यञ्जनान्त,no,बस्,बस्,finite,prob,सम्भावना,probable,tapai,2nd person · high grade,yes,तपाईं(हरू),nominative,yes,बस्नुहोला,ब स्नु हो ला,stem:बस्नु + aux:होला,empty-base > concatenate
बस्नु,"to sit, live",C,व्यञ्जनान्त,no,बस्,बस्,finite,prob,सम्भावना,probable,u,3rd person · low grade,no,ऊ / त्यो,nominative,yes,बस्ला,ब स्ला,stem:बस् + end:ला,empty-base > concatenate
बस्नु,"to sit, live",C,व्यञ्जनान्त,no,बस्,बस्,finite,prob,सम्भावना,probable,uni,3rd person · mid grade,no,उनी / उनीहरू,nominative,yes,बस्लान्,ब स्ला न्,stem:बस् + end:लान्,empty-base > concatenate
बस्नु,"to sit, live",C,व्यञ्जनान्त,no,बस्,बस्,finite,prob,सम्भावना,probable,uha,3rd person · high grade,yes,उहाँ / वहाँ,nominative,yes,बस्नुहोला,ब स्नु हो ला,stem:बस्नु + aux:होला,empty-base > concatenate
बस्नु,"to sit, live",C,व्यञ्जनान्त,no,बस्,बस्,finite,imp,आज्ञा र इच्छा,imperative & optative,ma,1st person · singular,no,म,nominative,no,बसूँ,ब सूँ,stem:बस् + end:ऊँ,empty-base > virama-matra-fusion
बस्नु,"to sit, live",C,व्यञ्जनान्त,no,बस्,बस्,finite,imp,आज्ञा र इच्छा,imperative & optative,hami,1st person · plural,no,हामी(हरू),nominative,no,बसौँ,ब सौँ,stem:बस् + end:औँ,empty-base > virama-matra-fusion
बस्नु,"to sit, live",C,व्यञ्जनान्त,no,बस्,बस्,finite,imp,आज्ञा र इच्छा,imperative & optative,ta,2nd person · low grade,no,तँ,nominative,no,बस्,ब स्,stem:बस्,empty-base
बस्नु,"to sit, live",C,व्यञ्जनान्त,no,बस्,बस्,finite,imp,आज्ञा र इच्छा,imperative & optative,timi,2nd person · mid grade,no,तिमी(हरू),nominative,no,बस,ब स,stem:बस् + end:अ,empty-base > virama-matra-fusion
बस्नु,"to sit, live",C,व्यञ्जनान्त,no,बस्,बस्,finite,imp,आज्ञा र इच्छा,imperative & optative,tapai,2nd person · high grade,yes,तपाईं(हरू),nominative,no,बस्नुहोस्,ब स्नु हो स्,stem:बस्नु + aux:होस्,empty-base > concatenate
बस्नु,"to sit, live",C,व्यञ्जनान्त,no,बस्,बस्,finite,imp,आज्ञा र इच्छा,imperative & optative,u,3rd person · low grade,no,ऊ / त्यो,nominative,no,बसोस्,ब सो स्,stem:बस् + end:ओस्,empty-base > virama-matra-fusion
बस्नु,"to sit, live",C,व्यञ्जनान्त,no,बस्,बस्,finite,imp,आज्ञा र इच्छा,imperative & optative,uni,3rd person · mid grade,no,उनी / उनीहरू,nominative,no,बसून्,ब सू न्,stem:बस् + end:ऊन्,empty-base > virama-matra-fusion
बस्नु,"to sit, live",C,व्यञ्जनान्त,no,बस्,बस्,finite,imp,आज्ञा र इच्छा,imperative & optative,uha,3rd person · high grade,yes,उहाँ / वहाँ,nominative,no,बस्नुहोस्,ब स्नु हो स्,stem:बस्नु + aux:होस्,empty-base > concatenate
बस्नु,"to sit, live",C,व्यञ्जनान्त,no,बस्,बस्,non-finite,क्रियार्थक नाम,,dictionary form,,,,,,,बस्नु,ब स्नु,,
बस्नु,"to sit, live",C,व्यञ्जनान्त,no,बस्,बस्,non-finite,उद्देश्यवाचक,,in order to …,,,,,,,बस्न,ब स्न,,
बस्नु,"to sit, live",C,व्यञ्जनान्त,no,बस्,बस्,non-finite,भविष्यवाचक,,the one that will …,,,,,,,बस्ने,ब स्ने,,
बस्नु,"to sit, live",C,व्यञ्जनान्त,no,बस्,बस्,non-finite,पूर्णकालिक,,having …-ed,,,,,,,बसेको,ब से को,,
बस्नु,"to sit, live",C,व्यञ्जनान्त,no,बस्,बस्,non-finite,पूर्वकालिक,,"…-ing, then",,,,,,,बसेर,ब से र,,
बस्नु,"to sit, live",C,व्यञ्जनान्त,no,बस्,बस्,non-finite,क्रियाविशेषण,,by …-ing,,,,,,,बसी,ब सी,,
बस्नु,"to sit, live",C,व्यञ्जनान्त,no,बस्,बस्,non-finite,अपूर्णकालिक,,while …-ing,,,,,,,बस्दै,ब स्दै,,
बस्नु,"to sit, live",C,व्यञ्जनान्त,no,बस्,बस्,non-finite,समयवाचक,,when …-ing,,,,,,,बस्दा,ब स्दा,,
बस्नु,"to sit, live",C,व्यञ्जनान्त,no,बस्,बस्,non-finite,सर्तवाचक,,if …,,,,,,,बसे भने,ब से   भ ने,,
बस्नु,"to sit, live",C,व्यञ्जनान्त,no,बस्,बस्,infinitive,,,,,,,,,,बस्नु,ब स्नु,,
सुत्नु,to sleep,C,व्यञ्जनान्त,no,सुत्,सुत्,finite,habpres,अभ्यस्त वर्तमान,habitual present,ma,1st person · singular,no,म,nominative,no,सुत्छु,सु त्छु,stem:सुत् + end:छु,empty-base > concatenate
सुत्नु,to sleep,C,व्यञ्जनान्त,no,सुत्,सुत्,finite,habpres,अभ्यस्त वर्तमान,habitual present,hami,1st person · plural,no,हामी(हरू),nominative,no,सुत्छौँ,सु त्छौँ,stem:सुत् + end:छौँ,empty-base > concatenate
सुत्नु,to sleep,C,व्यञ्जनान्त,no,सुत्,सुत्,finite,habpres,अभ्यस्त वर्तमान,habitual present,ta,2nd person · low grade,no,तँ,nominative,no,सुत्छस्,सु त्छ स्,stem:सुत् + end:छस्,empty-base > concatenate
सुत्नु,to sleep,C,व्यञ्जनान्त,no,सुत्,सुत्,finite,habpres,अभ्यस्त वर्तमान,habitual present,timi,2nd person · mid grade,no,तिमी(हरू),nominative,no,सुत्छौ,सु त्छौ,stem:सुत् + end:छौ,empty-base > concatenate
सुत्नु,to sleep,C,व्यञ्जनान्त,no,सुत्,सुत्,finite,habpres,अभ्यस्त वर्तमान,habitual present,tapai,2nd person · high grade,yes,तपाईं(हरू),nominative,no,सुत्नुहुन्छ,सु त्नु हु न्छ,stem:सुत्नु + aux:हुन्छ,empty-base > concatenate
सुत्नु,to sleep,C,व्यञ्जनान्त,no,सुत्,सुत्,finite,habpres,अभ्यस्त वर्तमान,habitual present,u,3rd person · low grade,no,ऊ / त्यो,nominative,no,सुत्छ,सु त्छ,stem:सुत् + end:छ,empty-base > concatenate
सुत्नु,to sleep,C,व्यञ्जनान्त,no,सुत्,सुत्,finite,habpres,अभ्यस्त वर्तमान,habitual present,uni,3rd person · mid grade,no,उनी / उनीहरू,nominative,no,सुत्छन्,सु त्छ न्,stem:सुत् + end:छन्,empty-base > concatenate
सुत्नु,to sleep,C,व्यञ्जनान्त,no,सुत्,सुत्,finite,habpres,अभ्यस्त वर्तमान,habitual present,uha,3rd person · high grade,yes,उहाँ / वहाँ,nominative,no,सुत्नुहुन्छ,सु त्नु हु न्छ,stem:सुत्नु + aux:हुन्छ,empty-base > concatenate
सुत्नु,to sleep,C,व्यञ्जनान्त,no,सुत्,सुत्,finite,prescont,वर्तमान निरन्तर,present continuous,ma,1st person · singular,no,म,nominative,no,सुत्दैछु,सु त्दै छु,stem:सुत् + end:दै + aux:छु,empty-base > concatenate > concatenate
सुत्नु,to sleep,C,व्यञ्जनान्त,no,सुत्,सुत्,finite,prescont,वर्तमान निरन्तर,present continuous,hami,1st person · plural,no,हामी(हरू),nominative,no,सुत्दैछौँ,सु त्दै छौँ,stem:सुत् + end:दै + aux:छौँ,empty-base > concatenate > concatenate
सुत्नु,to sleep,C,व्यञ्जनान्त,no,सुत्,सुत्,finite,prescont,वर्तमान निरन्तर,present continuous,ta,2nd person · low grade,no,तँ,nominative,no,सुत्दैछस्,सु त्दै छ स्,stem:सुत् + end:दै + aux:छस्,empty-base > concatenate > concatenate
सुत्नु,to sleep,C,व्यञ्जनान्त,no,सुत्,सुत्,finite,prescont,वर्तमान निरन्तर,present continuous,timi,2nd person · mid grade,no,तिमी(हरू),nominative,no,सुत्दैछौ,सु त्दै छौ,stem:सुत् + end:दै + aux:छौ,empty-base > concatenate > concatenate
सुत्नु,to sleep,C,व्यञ्जनान्त,no,सुत्,सुत्,finite,prescont,वर्तमान निरन्तर,present continuous,tapai,2nd person · high grade,yes,तपाईं(हरू),nominative,no,सुत्दै हुनुहुन्छ,सु त्दै   हु नु हु न्छ,stem:सुत् + end:दै + aux: हुनुहुन्छ,empty-base > concatenate > concatenate
सुत्नु,to sleep,C,व्यञ्जनान्त,no,सुत्,सुत्,finite,prescont,वर्तमान निरन्तर,present continuous,u,3rd person · low grade,no,ऊ / त्यो,nominative,no,सुत्दैछ,सु त्दै छ,stem:सुत् + end:दै + aux:छ,empty-base > concatenate > concatenate
सुत्नु,to sleep,C,व्यञ्जनान्त,no,सुत्,सुत्,finite,prescont,वर्तमान निरन्तर,present continuous,uni,3rd person · mid grade,no,उनी / उनीहरू,nominative,no,सुत्दैछन्,सु त्दै छ न्,stem:सुत् + end:दै + aux:छन्,empty-base > concatenate > concatenate
सुत्नु,to sleep,C,व्यञ्जनान्त,no,सुत्,सुत्,finite,prescont,वर्तमान निरन्तर,present continuous,uha,3rd person · high grade,yes,उहाँ / वहाँ,nominative,no,सुत्दै हुनुहुन्छ,सु त्दै   हु नु हु न्छ,stem:सुत् + end:दै + aux: हुनुहुन्छ,empty-base > concatenate > concatenate
सुत्नु,to sleep,C,व्यञ्जनान्त,no,सुत्,सुत्,finite,presperf,वर्तमान पूर्ण,present perfect,ma,1st person · singular,no,म,nominative,no,सुतेको छु,सु ते को   छु,stem:सुत् + end:एको + aux: छु,empty-base > virama-matra-fusion > concatenate
सुत्नु,to sleep,C,व्यञ्जनान्त,no,सुत्,सुत्,finite,presperf,वर्तमान पूर्ण,present perfect,hami,1st person · plural,no,हामी(हरू),nominative,no,सुतेका छौँ,सु ते का   छौँ,stem:सुत् + end:एका + aux: छौँ,empty-base > virama-matra-fusion > concatenate
सुत्नु,to sleep,C,व्यञ्जनान्त,no,सुत्,सुत्,finite,presperf,वर्तमान पूर्ण,present perfect,ta,2nd person · low grade,no,तँ,nominative,no,सुतेको छस्,सु ते को   छ स्,stem:सुत् + end:एको + aux: छस्,empty-base > virama-matra-fusion > concatenate
सुत्नु,to sleep,C,व्यञ्जनान्त,no,सुत्,सुत्,finite,presperf,वर्तमान पूर्ण,present perfect,timi,2nd person · mid grade,no,तिमी(हरू),nominative,no,सुतेको छौ,सु ते को   छौ,stem:सुत् + end:एको + aux: छौ,empty-base > virama-matra-fusion > concatenate
सुत्नु,to sleep,C,व्यञ्जनान्त,no,सुत्,सुत्,finite,presperf,वर्तमान पूर्ण,present perfect,tapai,2nd person · high grade,yes,तपाईं(हरू),nominative,no,सुत्नुभएको छ,सु त्नु भ ए को   छ,stem:सुत्नु + aux:भएको छ,empty-base > concatenate
सुत्नु,to sleep,C,व्यञ्जनान्त,no,सुत्,सुत्,finite,presperf,वर्तमान पूर्ण,present perfect,u,3rd person · low grade,no,ऊ / त्यो,nominative,no,सुतेको छ,सु ते को   छ,stem:सुत् + end:एको + aux: छ,empty-base > virama-matra-fusion > concatenate
सुत्नु,to sleep,C,व्यञ्जनान्त,no,सुत्,सुत्,finite,presperf,वर्तमान पूर्ण,present perfect,uni,3rd person · mid grade,no,उनी / उनीहरू,nominative,no,सुतेका छन्,सु ते का   छ न्,stem:सुत् + end:एका + aux: छन्,empty-base > virama-matra-fusion > concatenate
सुत्नु,to sleep,C,व्यञ्जनान्त,no,सुत्,सुत्,finite,presperf,वर्तमान पूर्ण,present perfect,uha,3rd person · high grade,yes,उहाँ / वहाँ,nominative,no,सुत्नुभएको छ,सु त्नु भ ए को   छ,stem:सुत्नु + aux:भएको छ,empty-base > concatenate
सुत्नु,to sleep,C,व्यञ्जनान्त,no,सुत्,सुत्,finite,past,सामान्य भूत,simple past,ma,1st person · singular,no,म,nominative,no,सुतेँ,सु तेँ,stem:सुत् + end:एँ,empty-base > virama-matra-fusion
सुत्नु,to sleep,C,व्यञ्जनान्त,no,सुत्,सुत्,finite,past,सामान्य भूत,simple past,hami,1st person · plural,no,हामी(हरू),nominative,no,सुत्यौँ,सु त्यौँ,stem:सुत् + end:यौँ,empty-base > concatenate
सुत्नु,to sleep,C,व्यञ्जनान्त,no,सुत्,सुत्,finite,past,सामान्य भूत,simple past,ta,2nd person · low grade,no,तँ,nominative,no,सुतिस्,सु ति स्,stem:सुत् + end:इस्,empty-base > virama-matra-fusion
सुत्नु,to sleep,C,व्यञ्जनान्त,no,सुत्,सुत्,finite,past,सामान्य भूत,simple past,timi,2nd person · mid grade,no,तिमी(हरू),nominative,no,सुत्यौ,सु त्यौ,stem:सुत् + end:यौ,empty-base > concatenate
सुत्नु,to sleep,C,व्यञ्जनान्त,no,सुत्,सुत्,finite,past,सामान्य भूत,simple past,tapai,2nd person · high grade,yes,तपाईं(हरू),nominative,no,सुत्नुभयो,सु त्नु भ यो,stem:सुत्नु + aux:भयो,empty-base > concatenate
सुत्नु,to sleep,C,व्यञ्जनान्त,no,सुत्,सुत्,finite,past,सामान्य भूत,simple past,u,3rd person · low grade,no,ऊ / त्यो,nominative,no,सुत्यो,सु त्यो,stem:सुत् + end:यो,empty-base > concatenate
सुत्नु,to sleep,C,व्यञ्जनान्त,no,सुत्,सुत्,finite,past,सामान्य भूत,simple past,uni,3rd person · mid grade,no,उनी / उनीहरू,nominative,no,सुते,सु ते,stem:सुत् + end:ए,empty-base > virama-matra-fusion
सुत्नु,to sleep,C,व्यञ्जनान्त,no,सुत्,सुत्,finite,past,सामान्य भूत,simple past,uha,3rd person · high grade,yes,उहाँ / वहाँ,nominative,no,सुत्नुभयो,सु त्नु भ यो,stem:सुत्नु + aux:भयो,empty-base > concatenate
सुत्नु,to sleep,C,व्यञ्जनान्त,no,सुत्,सुत्,finite,habpast,अभ्यस्त भूत,habitual past,ma,1st person · singular,no,म,nominative,no,सुत्थेँ,सु त्थेँ,stem:सुत् + end:थेँ,empty-base > concatenate
सुत्नु,to sleep,C,व्यञ्जनान्त,no,सुत्,सुत्,finite,habpast,अभ्यस्त भूत,habitual past,hami,1st person · plural,no,हामी(हरू),nominative,no,सुत्थ्यौँ,सु त्थ्यौँ,stem:सुत् + end:थ्यौँ,empty-base > concatenate
सुत्नु,to sleep,C,व्यञ्जनान्त,no,सुत्,सुत्,finite,habpast,अभ्यस्त भूत,habitual past,ta,2nd person · low grade,no,तँ,nominative,no,सुत्थिस्,सु त्थि स्,stem:सुत् + end:थिस्,empty-base > concatenate
सुत्नु,to sleep,C,व्यञ्जनान्त,no,सुत्,सुत्,finite,habpast,अभ्यस्त भूत,habitual past,timi,2nd person · mid grade,no,तिमी(हरू),nominative,no,सुत्थ्यौ,सु त्थ्यौ,stem:सुत् + end:थ्यौ,empty-base > concatenate
सुत्नु,to sleep,C,व्यञ्जनान्त,no,सुत्,सुत्,finite,habpast,अभ्यस्त भूत,habitual past,tapai,2nd person · high grade,yes,तपाईं(हरू),nominative,no,सुत्नुहुन्थ्यो,सु त्नु हु न्थ्यो,stem:सुत्नु + aux:हुन्थ्यो,empty-base > concatenate
सुत्नु,to sleep,C,व्यञ्जनान्त,no,सुत्,सुत्,finite,habpast,अभ्यस्त भूत,habitual past,u,3rd person · low grade,no,ऊ / त्यो,nominative,no,सुत्थ्यो,सु त्थ्यो,stem:सुत् + end:थ्यो,empty-base > concatenate
सुत्नु,to sleep,C,व्यञ्जनान्त,no,सुत्,सुत्,finite,habpast,अभ्यस्त भूत,habitual past,uni,3rd person · mid grade,no,उनी / उनीहरू,nominative,no,सुत्थे,सु त्थे,stem:सुत् + end:थे,empty-base > concatenate
सुत्नु,to sleep,C,व्यञ्जनान्त,no,सुत्,सुत्,finite,habpast,अभ्यस्त भूत,habitual past,uha,3rd person · high grade,yes,उहाँ / वहाँ,nominative,no,सुत्नुहुन्थ्यो,सु त्नु हु न्थ्यो,stem:सुत्नु + aux:हुन्थ्यो,empty-base > concatenate
सुत्नु,to sleep,C,व्यञ्जनान्त,no,सुत्,सुत्,finite,pastcont,भूत निरन्तर,past continuous,ma,1st person · singular,no,म,nominative,no,सुत्दै थिएँ,सु त्दै   थि एँ,stem:सुत् + end:दै + aux: थिएँ,empty-base > concatenate > concatenate
सुत्नु,to sleep,C,व्यञ्जनान्त,no,सुत्,सुत्,finite,pastcont,भूत निरन्तर,past continuous,hami,1st person · plural,no,हामी(हरू),nominative,no,सुत्दै थियौँ,सु त्दै   थि यौँ,stem:सुत् + end:दै + aux: थियौँ,empty-base > concatenate > concatenate
सुत्नु,to sleep,C,व्यञ्जनान्त,no,सुत्,सुत्,finite,pastcont,भूत निरन्तर,past continuous,ta,2nd person · low grade,no,तँ,nominative,no,सुत्दै थिइस्,सु त्दै   थि इ स्,stem:सुत् + end:दै + aux: थिइस्,empty-base > concatenate > concatenate
सुत्नु,to sleep,C,व्यञ्जनान्त,no,सुत्,सुत्,finite,pastcont,भूत निरन्तर,past continuous,timi,2nd person · mid grade,no,तिमी(हरू),nominative,no,सुत्दै थियौ,सु त्दै   थि यौ,stem:सुत् + end:दै + aux: थियौ,empty-base > concatenate > concatenate
सुत्नु,to sleep,C,व्यञ्जनान्त,no,सुत्,सुत्,finite,pastcont,भूत निरन्तर,past continuous,tapai,2nd person · high grade,yes,तपाईं(हरू),nominative,no,सुत्दै हुनुहुन्थ्यो,सु त्दै   हु नु हु न्थ्यो,stem:सुत् + end:दै + aux: हुनुहुन्थ्यो,empty-base > concatenate > concatenate
सुत्नु,to sleep,C,व्यञ्जनान्त,no,सुत्,सुत्,finite,pastcont,भूत निरन्तर,past continuous,u,3rd person · low grade,no,ऊ / त्यो,nominative,no,सुत्दै थियो,सु त्दै   थि यो,stem:सुत् + end:दै + aux: थियो,empty-base > concatenate > concatenate
सुत्नु,to sleep,C,व्यञ्जनान्त,no,सुत्,सुत्,finite,pastcont,भूत निरन्तर,past continuous,uni,3rd person · mid grade,no,उनी / उनीहरू,nominative,no,सुत्दै थिए,सु त्दै   थि ए,stem:सुत् + end:दै + aux: थिए,empty-base > concatenate > concatenate
सुत्नु,to sleep,C,व्यञ्जनान्त,no,सुत्,सुत्,finite,pastcont,भूत निरन्तर,past continuous,uha,3rd person · high grade,yes,उहाँ / वहाँ,nominative,no,सुत्दै हुनुहुन्थ्यो,सु त्दै   हु नु हु न्थ्यो,stem:सुत् + end:दै + aux: हुनुहुन्थ्यो,empty-base > concatenate > concatenate
सुत्नु,to sleep,C,व्यञ्जनान्त,no,सुत्,सुत्,finite,pastperf,भूत पूर्ण,past perfect,ma,1st person · singular,no,म,nominative,no,सुतेको थिएँ,सु ते को   थि एँ,stem:सुत् + end:एको + aux: थिएँ,empty-base > virama-matra-fusion > concatenate
सुत्नु,to sleep,C,व्यञ्जनान्त,no,सुत्,सुत्,finite,pastperf,भूत पूर्ण,past perfect,hami,1st person · plural,no,हामी(हरू),nominative,no,सुतेका थियौँ,सु ते का   थि यौँ,stem:सुत् + end:एका + aux: थियौँ,empty-base > virama-matra-fusion > concatenate
सुत्नु,to sleep,C,व्यञ्जनान्त,no,सुत्,सुत्,finite,pastperf,भूत पूर्ण,past perfect,ta,2nd person · low grade,no,तँ,nominative,no,सुतेको थिइस्,सु ते को   थि इ स्,stem:सुत् + end:एको + aux: थिइस्,empty-base > virama-matra-fusion > concatenate
सुत्नु,to sleep,C,व्यञ्जनान्त,no,सुत्,सुत्,finite,pastperf,भूत पूर्ण,past perfect,timi,2nd person · mid grade,no,तिमी(हरू),nominative,no,सुतेको थियौ,सु ते को   थि यौ,stem:सुत् + end:एको + aux: थियौ,empty-base > virama-matra-fusion > concatenate
सुत्नु,to sleep,C,व्यञ्जनान्त,no,सुत्,सुत्,finite,pastperf,भूत पूर्ण,past perfect,tapai,2nd person · high grade,yes,तपाईं(हरू),nominative,no,सुत्नुभएको थियो,सु त्नु भ ए को   थि यो,stem:सुत्नु + aux:भएको थियो,empty-base > concatenate
सुत्नु,to sleep,C,व्यञ्जनान्त,no,सुत्,सुत्,finite,pastperf,भूत पूर्ण,past perfect,u,3rd person · low grade,no,ऊ / त्यो,nominative,no,सुतेको थियो,सु ते को   थि यो,stem:सुत् + end:एको + aux: थियो,empty-base > virama-matra-fusion > concatenate
सुत्नु,to sleep,C,व्यञ्जनान्त,no,सुत्,सुत्,finite,pastperf,भूत पूर्ण,past perfect,uni,3rd person · mid grade,no,उनी / उनीहरू,nominative,no,सुतेका थिए,सु ते का   थि ए,stem:सुत् + end:एका + aux: थिए,empty-base > virama-matra-fusion > concatenate
सुत्नु,to sleep,C,व्यञ्जनान्त,no,सुत्,सुत्,finite,pastperf,भूत पूर्ण,past perfect,uha,3rd person · high grade,yes,उहाँ / वहाँ,nominative,no,सुत्नुभएको थियो,सु त्नु भ ए को   थि यो,stem:सुत्नु + aux:भएको थियो,empty-base > concatenate
सुत्नु,to sleep,C,व्यञ्जनान्त,no,सुत्,सुत्,finite,future,सामान्य भविष्यत्,simple future,ma,1st person · singular,no,म,nominative,no,सुत्नेछु,सु त्ने छु,stem:सुत् + end:ने + end:छु,empty-base > concatenate > concatenate
सुत्नु,to sleep,C,व्यञ्जनान्त,no,सुत्,सुत्,finite,future,सामान्य भविष्यत्,simple future,hami,1st person · plural,no,हामी(हरू),nominative,no,सुत्नेछौँ,सु त्ने छौँ,stem:सुत् + end:ने + end:छौँ,empty-base > concatenate > concatenate
सुत्नु,to sleep,C,व्यञ्जनान्त,no,सुत्,सुत्,finite,future,सामान्य भविष्यत्,simple future,ta,2nd person · low grade,no,तँ,nominative,no,सुत्नेछस्,सु त्ने छ स्,stem:सुत् + end:ने + end:छस्,empty-base > concatenate > concatenate
सुत्नु,to sleep,C,व्यञ्जनान्त,no,सुत्,सुत्,finite,future,सामान्य भविष्यत्,simple future,timi,2nd person · mid grade,no,तिमी(हरू),nominative,no,सुत्नेछौ,सु त्ने छौ,stem:सुत् + end:ने + end:छौ,empty-base > concatenate > concatenate
सुत्नु,to sleep,C,व्यञ्जनान्त,no,सुत्,सुत्,finite,future,सामान्य भविष्यत्,simple future,tapai,2nd person · high grade,yes,तपाईं(हरू),nominative,no,सुत्नुहुनेछ,सु त्नु हु ने छ,stem:सुत्नु + aux:हुनेछ,empty-base > concatenate
सुत्नु,to sleep,C,व्यञ्जनान्त,no,सुत्,सुत्,finite,future,सामान्य भविष्यत्,simple future,u,3rd person · low grade,no,ऊ / त्यो,nominative,no,सुत्नेछ,सु त्ने छ,stem:सुत् + end:ने + end:छ,empty-base > concatenate > concatenate
सुत्नु,to sleep,C,व्यञ्जनान्त,no,सुत्,सुत्,finite,future,सामान्य भविष्यत्,simple future,uni,3rd person · mid grade,no,उनी / उनीहरू,nominative,no,सुत्नेछन्,सु त्ने छ न्,stem:सुत् + end:ने + end:छन्,empty-base > concatenate > concatenate
सुत्नु,to sleep,C,व्यञ्जनान्त,no,सुत्,सुत्,finite,future,सामान्य भविष्यत्,simple future,uha,3rd person · high grade,yes,उहाँ / वहाँ,nominative,no,सुत्नुहुनेछ,सु त्नु हु ने छ,stem:सुत्नु + aux:हुनेछ,empty-base > concatenate
सुत्नु,to sleep,C,व्यञ्जनान्त,no,सुत्,सुत्,finite,prob,सम्भावना,probable,ma,1st person · singular,no,म,nominative,yes,सुतुँला,सु तुँ ला,stem:सुत् + end:उँला,empty-base > virama-matra-fusion
सुत्नु,to sleep,C,व्यञ्जनान्त,no,सुत्,सुत्,finite,prob,सम्भावना,probable,hami,1st person · plural,no,हामी(हरू),nominative,yes,सुतौँला,सु तौँ ला,stem:सुत् + end:औँला,empty-base > virama-matra-fusion
सुत्नु,to sleep,C,व्यञ्जनान्त,no,सुत्,सुत्,finite,prob,सम्भावना,probable,ta,2nd person · low grade,no,तँ,nominative,yes,सुत्लास्,सु त्ला स्,stem:सुत् + end:लास्,empty-base > concatenate
सुत्नु,to sleep,C,व्यञ्जनान्त,no,सुत्,सुत्,finite,prob,सम्भावना,probable,timi,2nd person · mid grade,no,तिमी(हरू),nominative,yes,सुतौला,सु तौ ला,stem:सुत् + end:औला,empty-base > virama-matra-fusion
सुत्नु,to sleep,C,व्यञ्जनान्त,no,सुत्,सुत्,finite,prob,सम्भावना,probable,tapai,2nd person · high grade,yes,तपाईं(हरू),nominative,yes,सुत्नुहोला,सु त्नु हो ला,stem:सुत्नु + aux:होला,empty-base > concatenate
सुत्नु,to sleep,C,व्यञ्जनान्त,no,सुत्,सुत्,finite,prob,सम्भावना,probable,u,3rd person · low grade,no,ऊ / त्यो,nominative,yes,सुत्ला,सु त्ला,stem:सुत् + end:ला,empty-base > concatenate
सुत्नु,to sleep,C,व्यञ्जनान्त,no,सुत्,सुत्,finite,prob,सम्भावना,probable,uni,3rd person · mid grade,no,उनी / उनीहरू,nominative,yes,सुत्लान्,सु त्ला न्,stem:सुत् + end:लान्,empty-base > concatenate
सुत्नु,to sleep,C,व्यञ्जनान्त,no,सुत्,सुत्,finite,prob,सम्भावना,probable,uha,3rd person · high grade,yes,उहाँ / वहाँ,nominative,yes,सुत्नुहोला,सु त्नु हो ला,stem:सुत्नु + aux:होला,empty-base > concatenate
सुत्नु,to sleep,C,व्यञ्जनान्त,no,सुत्,सुत्,finite,imp,आज्ञा र इच्छा,imperative & optative,ma,1st person · singular,no,म,nominative,no,सुतूँ,सु तूँ,stem:सुत् + end:ऊँ,empty-base > virama-matra-fusion
सुत्नु,to sleep,C,व्यञ्जनान्त,no,सुत्,सुत्,finite,imp,आज्ञा र इच्छा,imperative & optative,hami,1st person · plural,no,हामी(हरू),nominative,no,सुतौँ,सु तौँ,stem:सुत् + end:औँ,empty-base > virama-matra-fusion
सुत्नु,to sleep,C,व्यञ्जनान्त,no,सुत्,सुत्,finite,imp,आज्ञा र इच्छा,imperative & optative,ta,2nd person · low grade,no,तँ,nominative,no,सुत्,सु त्,stem:सुत्,empty-base
सुत्नु,to sleep,C,व्यञ्जनान्त,no,सुत्,सुत्,finite,imp,आज्ञा र इच्छा,imperative & optative,timi,2nd person · mid grade,no,तिमी(हरू),nominative,no,सुत,सु त,stem:सुत् + end:अ,empty-base > virama-matra-fusion
सुत्नु,to sleep,C,व्यञ्जनान्त,no,सुत्,सुत्,finite,imp,आज्ञा र इच्छा,imperative & optative,tapai,2nd person · high grade,yes,तपाईं(हरू),nominative,no,सुत्नुहोस्,सु त्नु हो स्,stem:सुत्नु + aux:होस्,empty-base > concatenate
सुत्नु,to sleep,C,व्यञ्जनान्त,no,सुत्,सुत्,finite,imp,आज्ञा र इच्छा,imperative & optative,u,3rd person · low grade,no,ऊ / त्यो,nominative,no,सुतोस्,सु तो स्,stem:सुत् + end:ओस्,empty-base > virama-matra-fusion
सुत्नु,to sleep,C,व्यञ्जनान्त,no,सुत्,सुत्,finite,imp,आज्ञा र इच्छा,imperative & optative,uni,3rd person · mid grade,no,उनी / उनीहरू,nominative,no,सुतून्,सु तू न्,stem:सुत् + end:ऊन्,empty-base > virama-matra-fusion
सुत्नु,to sleep,C,व्यञ्जनान्त,no,सुत्,सुत्,finite,imp,आज्ञा र इच्छा,imperative & optative,uha,3rd person · high grade,yes,उहाँ / वहाँ,nominative,no,सुत्नुहोस्,सु त्नु हो स्,stem:सुत्नु + aux:होस्,empty-base > concatenate
सुत्नु,to sleep,C,व्यञ्जनान्त,no,सुत्,सुत्,non-finite,क्रियार्थक नाम,,dictionary form,,,,,,,सुत्नु,सु त्नु,,
सुत्नु,to sleep,C,व्यञ्जनान्त,no,सुत्,सुत्,non-finite,उद्देश्यवाचक,,in order to …,,,,,,,सुत्न,सु त्न,,
सुत्नु,to sleep,C,व्यञ्जनान्त,no,सुत्,सुत्,non-finite,भविष्यवाचक,,the one that will …,,,,,,,सुत्ने,सु त्ने,,
सुत्नु,to sleep,C,व्यञ्जनान्त,no,सुत्,सुत्,non-finite,पूर्णकालिक,,having …-ed,,,,,,,सुतेको,सु ते को,,
सुत्नु,to sleep,C,व्यञ्जनान्त,no,सुत्,सुत्,non-finite,पूर्वकालिक,,"…-ing, then",,,,,,,सुतेर,सु ते र,,
सुत्नु,to sleep,C,व्यञ्जनान्त,no,सुत्,सुत्,non-finite,क्रियाविशेषण,,by …-ing,,,,,,,सुती,सु ती,,
सुत्नु,to sleep,C,व्यञ्जनान्त,no,सुत्,सुत्,non-finite,अपूर्णकालिक,,while …-ing,,,,,,,सुत्दै,सु त्दै,,
सुत्नु,to sleep,C,व्यञ्जनान्त,no,सुत्,सुत्,non-finite,समयवाचक,,when …-ing,,,,,,,सुत्दा,सु त्दा,,
सुत्नु,to sleep,C,व्यञ्जनान्त,no,सुत्,सुत्,non-finite,सर्तवाचक,,if …,,,,,,,सुते भने,सु ते   भ ने,,
सुत्नु,to sleep,C,व्यञ्जनान्त,no,सुत्,सुत्,infinitive,,,,,,,,,,सुत्नु,सु त्नु,,
हिँड्नु,to walk,C,व्यञ्जनान्त,no,हिँड्,हिँड्,finite,habpres,अभ्यस्त वर्तमान,habitual present,ma,1st person · singular,no,म,nominative,no,हिँड्छु,हिँ ड्छु,stem:हिँड् + end:छु,empty-base > concatenate
हिँड्नु,to walk,C,व्यञ्जनान्त,no,हिँड्,हिँड्,finite,habpres,अभ्यस्त वर्तमान,habitual present,hami,1st person · plural,no,हामी(हरू),nominative,no,हिँड्छौँ,हिँ ड्छौँ,stem:हिँड् + end:छौँ,empty-base > concatenate
हिँड्नु,to walk,C,व्यञ्जनान्त,no,हिँड्,हिँड्,finite,habpres,अभ्यस्त वर्तमान,habitual present,ta,2nd person · low grade,no,तँ,nominative,no,हिँड्छस्,हिँ ड्छ स्,stem:हिँड् + end:छस्,empty-base > concatenate
हिँड्नु,to walk,C,व्यञ्जनान्त,no,हिँड्,हिँड्,finite,habpres,अभ्यस्त वर्तमान,habitual present,timi,2nd person · mid grade,no,तिमी(हरू),nominative,no,हिँड्छौ,हिँ ड्छौ,stem:हिँड् + end:छौ,empty-base > concatenate
हिँड्नु,to walk,C,व्यञ्जनान्त,no,हिँड्,हिँड्,finite,habpres,अभ्यस्त वर्तमान,habitual present,tapai,2nd person · high grade,yes,तपाईं(हरू),nominative,no,हिँड्नुहुन्छ,हिँ ड्नु हु न्छ,stem:हिँड्नु + aux:हुन्छ,empty-base > concatenate
हिँड्नु,to walk,C,व्यञ्जनान्त,no,हिँड्,हिँड्,finite,habpres,अभ्यस्त वर्तमान,habitual present,u,3rd person · low grade,no,ऊ / त्यो,nominative,no,हिँड्छ,हिँ ड्छ,stem:हिँड् + end:छ,empty-base > concatenate
हिँड्नु,to walk,C,व्यञ्जनान्त,no,हिँड्,हिँड्,finite,habpres,अभ्यस्त वर्तमान,habitual present,uni,3rd person · mid grade,no,उनी / उनीहरू,nominative,no,हिँड्छन्,हिँ ड्छ न्,stem:हिँड् + end:छन्,empty-base > concatenate
हिँड्नु,to walk,C,व्यञ्जनान्त,no,हिँड्,हिँड्,finite,habpres,अभ्यस्त वर्तमान,habitual present,uha,3rd person · high grade,yes,उहाँ / वहाँ,nominative,no,हिँड्नुहुन्छ,हिँ ड्नु हु न्छ,stem:हिँड्नु + aux:हुन्छ,empty-base > concatenate
हिँड्नु,to walk,C,व्यञ्जनान्त,no,हिँड्,हिँड्,finite,prescont,वर्तमान निरन्तर,present continuous,ma,1st person · singular,no,म,nominative,no,हिँड्दैछु,हिँ ड्दै छु,stem:हिँड् + end:दै + aux:छु,empty-base > concatenate > concatenate
हिँड्नु,to walk,C,व्यञ्जनान्त,no,हिँड्,हिँड्,finite,prescont,वर्तमान निरन्तर,present continuous,hami,1st person · plural,no,हामी(हरू),nominative,no,हिँड्दैछौँ,हिँ ड्दै छौँ,stem:हिँड् + end:दै + aux:छौँ,empty-base > concatenate > concatenate
हिँड्नु,to walk,C,व्यञ्जनान्त,no,हिँड्,हिँड्,finite,prescont,वर्तमान निरन्तर,present continuous,ta,2nd person · low grade,no,तँ,nominative,no,हिँड्दैछस्,हिँ ड्दै छ स्,stem:हिँड् + end:दै + aux:छस्,empty-base > concatenate > concatenate
हिँड्नु,to walk,C,व्यञ्जनान्त,no,हिँड्,हिँड्,finite,prescont,वर्तमान निरन्तर,present continuous,timi,2nd person · mid grade,no,तिमी(हरू),nominative,no,हिँड्दैछौ,हिँ ड्दै छौ,stem:हिँड् + end:दै + aux:छौ,empty-base > concatenate > concatenate
हिँड्नु,to walk,C,व्यञ्जनान्त,no,हिँड्,हिँड्,finite,prescont,वर्तमान निरन्तर,present continuous,tapai,2nd person · high grade,yes,तपाईं(हरू),nominative,no,हिँड्दै हुनुहुन्छ,हिँ ड्दै   हु नु हु न्छ,stem:हिँड् + end:दै + aux: हुनुहुन्छ,empty-base > concatenate > concatenate
हिँड्नु,to walk,C,व्यञ्जनान्त,no,हिँड्,हिँड्,finite,prescont,वर्तमान निरन्तर,present continuous,u,3rd person · low grade,no,ऊ / त्यो,nominative,no,हिँड्दैछ,हिँ ड्दै छ,stem:हिँड् + end:दै + aux:छ,empty-base > concatenate > concatenate
हिँड्नु,to walk,C,व्यञ्जनान्त,no,हिँड्,हिँड्,finite,prescont,वर्तमान निरन्तर,present continuous,uni,3rd person · mid grade,no,उनी / उनीहरू,nominative,no,हिँड्दैछन्,हिँ ड्दै छ न्,stem:हिँड् + end:दै + aux:छन्,empty-base > concatenate > concatenate
हिँड्नु,to walk,C,व्यञ्जनान्त,no,हिँड्,हिँड्,finite,prescont,वर्तमान निरन्तर,present continuous,uha,3rd person · high grade,yes,उहाँ / वहाँ,nominative,no,हिँड्दै हुनुहुन्छ,हिँ ड्दै   हु नु हु न्छ,stem:हिँड् + end:दै + aux: हुनुहुन्छ,empty-base > concatenate > concatenate
हिँड्नु,to walk,C,व्यञ्जनान्त,no,हिँड्,हिँड्,finite,presperf,वर्तमान पूर्ण,present perfect,ma,1st person · singular,no,म,nominative,no,हिँडेको छु,हिँ डे को   छु,stem:हिँड् + end:एको + aux: छु,empty-base > virama-matra-fusion > concatenate
हिँड्नु,to walk,C,व्यञ्जनान्त,no,हिँड्,हिँड्,finite,presperf,वर्तमान पूर्ण,present perfect,hami,1st person · plural,no,हामी(हरू),nominative,no,हिँडेका छौँ,हिँ डे का   छौँ,stem:हिँड् + end:एका + aux: छौँ,empty-base > virama-matra-fusion > concatenate
हिँड्नु,to walk,C,व्यञ्जनान्त,no,हिँड्,हिँड्,finite,presperf,वर्तमान पूर्ण,present perfect,ta,2nd person · low grade,no,तँ,nominative,no,हिँडेको छस्,हिँ डे को   छ स्,stem:हिँड् + end:एको + aux: छस्,empty-base > virama-matra-fusion > concatenate
हिँड्नु,to walk,C,व्यञ्जनान्त,no,हिँड्,हिँड्,finite,presperf,वर्तमान पूर्ण,present perfect,timi,2nd person · mid grade,no,तिमी(हरू),nominative,no,हिँडेको छौ,हिँ डे को   छौ,stem:हिँड् + end:एको + aux: छौ,empty-base > virama-matra-fusion > concatenate
हिँड्नु,to walk,C,व्यञ्जनान्त,no,हिँड्,हिँड्,finite,presperf,वर्तमान पूर्ण,present perfect,tapai,2nd person · high grade,yes,तपाईं(हरू),nominative,no,हिँड्नुभएको छ,हिँ ड्नु भ ए को   छ,stem:हिँड्नु + aux:भएको छ,empty-base > concatenate
हिँड्नु,to walk,C,व्यञ्जनान्त,no,हिँड्,हिँड्,finite,presperf,वर्तमान पूर्ण,present perfect,u,3rd person · low grade,no,ऊ / त्यो,nominative,no,हिँडेको छ,हिँ डे को   छ,stem:हिँड् + end:एको + aux: छ,empty-base > virama-matra-fusion > concatenate
हिँड्नु,to walk,C,व्यञ्जनान्त,no,हिँड्,हिँड्,finite,presperf,वर्तमान पूर्ण,present perfect,uni,3rd person · mid grade,no,उनी / उनीहरू,nominative,no,हिँडेका छन्,हिँ डे का   छ न्,stem:हिँड् + end:एका + aux: छन्,empty-base > virama-matra-fusion > concatenate
हिँड्नु,to walk,C,व्यञ्जनान्त,no,हिँड्,हिँड्,finite,presperf,वर्तमान पूर्ण,present perfect,uha,3rd person · high grade,yes,उहाँ / वहाँ,nominative,no,हिँड्नुभएको छ,हिँ ड्नु भ ए को   छ,stem:हिँड्नु + aux:भएको छ,empty-base > concatenate
हिँड्नु,to walk,C,व्यञ्जनान्त,no,हिँड्,हिँड्,finite,past,सामान्य भूत,simple past,ma,1st person · singular,no,म,nominative,no,हिँडेँ,हिँ डेँ,stem:हिँड् + end:एँ,empty-base > virama-matra-fusion
हिँड्नु,to walk,C,व्यञ्जनान्त,no,हिँड्,हिँड्,finite,past,सामान्य भूत,simple past,hami,1st person · plural,no,हामी(हरू),nominative,no,हिँड्यौँ,हिँ ड्यौँ,stem:हिँड् + end:यौँ,empty-base > concatenate
हिँड्नु,to walk,C,व्यञ्जनान्त,no,हिँड्,हिँड्,finite,past,सामान्य भूत,simple past,ta,2nd person · low grade,no,तँ,nominative,no,हिँडिस्,हिँ डि स्,stem:हिँड् + end:इस्,empty-base > virama-matra-fusion
हिँड्नु,to walk,C,व्यञ्जनान्त,no,हिँड्,हिँड्,finite,past,सामान्य भूत,simple past,timi,2nd person · mid grade,no,तिमी(हरू),nominative,no,हिँड्यौ,हिँ ड्यौ,stem:हिँड् + end:यौ,empty-base > concatenate
हिँड्नु,to walk,C,व्यञ्जनान्त,no,हिँड्,हिँड्,finite,past,सामान्य भूत,simple past,tapai,2nd person · high grade,yes,तपाईं(हरू),nominative,no,हिँड्नुभयो,हिँ ड्नु भ यो,stem:हिँड्नु + aux:भयो,empty-base > concatenate
हिँड्नु,to walk,C,व्यञ्जनान्त,no,हिँड्,हिँड्,finite,past,सामान्य भूत,simple past,u,3rd person · low grade,no,ऊ / त्यो,nominative,no,हिँड्यो,हिँ ड्यो,stem:हिँड् + end:यो,empty-base > concatenate
हिँड्नु,to walk,C,व्यञ्जनान्त,no,हिँड्,हिँड्,finite,past,सामान्य भूत,simple past,uni,3rd person · mid grade,no,उनी / उनीहरू,nominative,no,हिँडे,हिँ डे,stem:हिँड् + end:ए,empty-base > virama-matra-fusion
हिँड्नु,to walk,C,व्यञ्जनान्त,no,हिँड्,हिँड्,finite,past,सामान्य भूत,simple past,uha,3rd person · high grade,yes,उहाँ / वहाँ,nominative,no,हिँड्नुभयो,हिँ ड्नु भ यो,stem:हिँड्नु + aux:भयो,empty-base > concatenate
हिँड्नु,to walk,C,व्यञ्जनान्त,no,हिँड्,हिँड्,finite,habpast,अभ्यस्त भूत,habitual past,ma,1st person · singular,no,म,nominative,no,हिँड्थेँ,हिँ ड्थेँ,stem:हिँड् + end:थेँ,empty-base > concatenate
हिँड्नु,to walk,C,व्यञ्जनान्त,no,हिँड्,हिँड्,finite,habpast,अभ्यस्त भूत,habitual past,hami,1st person · plural,no,हामी(हरू),nominative,no,हिँड्थ्यौँ,हिँ ड्थ्यौँ,stem:हिँड् + end:थ्यौँ,empty-base > concatenate
हिँड्नु,to walk,C,व्यञ्जनान्त,no,हिँड्,हिँड्,finite,habpast,अभ्यस्त भूत,habitual past,ta,2nd person · low grade,no,तँ,nominative,no,हिँड्थिस्,हिँ ड्थि स्,stem:हिँड् + end:थिस्,empty-base > concatenate
हिँड्नु,to walk,C,व्यञ्जनान्त,no,हिँड्,हिँड्,finite,habpast,अभ्यस्त भूत,habitual past,timi,2nd person · mid grade,no,तिमी(हरू),nominative,no,हिँड्थ्यौ,हिँ ड्थ्यौ,stem:हिँड् + end:थ्यौ,empty-base > concatenate
हिँड्नु,to walk,C,व्यञ्जनान्त,no,हिँड्,हिँड्,finite,habpast,अभ्यस्त भूत,habitual past,tapai,2nd person · high grade,yes,तपाईं(हरू),nominative,no,हिँड्नुहुन्थ्यो,हिँ ड्नु हु न्थ्यो,stem:हिँड्नु + aux:हुन्थ्यो,empty-base > concatenate
हिँड्नु,to walk,C,व्यञ्जनान्त,no,हिँड्,हिँड्,finite,habpast,अभ्यस्त भूत,habitual past,u,3rd person · low grade,no,ऊ / त्यो,nominative,no,हिँड्थ्यो,हिँ ड्थ्यो,stem:हिँड् + end:थ्यो,empty-base > concatenate
हिँड्नु,to walk,C,व्यञ्जनान्त,no,हिँड्,हिँड्,finite,habpast,अभ्यस्त भूत,habitual past,uni,3rd person · mid grade,no,उनी / उनीहरू,nominative,no,हिँड्थे,हिँ ड्थे,stem:हिँड् + end:थे,empty-base > concatenate
हिँड्नु,to walk,C,व्यञ्जनान्त,no,हिँड्,हिँड्,finite,habpast,अभ्यस्त भूत,habitual past,uha,3rd person · high grade,yes,उहाँ / वहाँ,nominative,no,हिँड्नुहुन्थ्यो,हिँ ड्नु हु न्थ्यो,stem:हिँड्नु + aux:हुन्थ्यो,empty-base > concatenate
हिँड्नु,to walk,C,व्यञ्जनान्त,no,हिँड्,हिँड्,finite,pastcont,भूत निरन्तर,past continuous,ma,1st person · singular,no,म,nominative,no,हिँड्दै थिएँ,हिँ ड्दै   थि एँ,stem:हिँड् + end:दै + aux: थिएँ,empty-base > concatenate > concatenate
हिँड्नु,to walk,C,व्यञ्जनान्त,no,हिँड्,हिँड्,finite,pastcont,भूत निरन्तर,past continuous,hami,1st person · plural,no,हामी(हरू),nominative,no,हिँड्दै थियौँ,हिँ ड्दै   थि यौँ,stem:हिँड् + end:दै + aux: थियौँ,empty-base > concatenate > concatenate
हिँड्नु,to walk,C,व्यञ्जनान्त,no,हिँड्,हिँड्,finite,pastcont,भूत निरन्तर,past continuous,ta,2nd person · low grade,no,तँ,nominative,no,हिँड्दै थिइस्,हिँ ड्दै   थि इ स्,stem:हिँड् + end:दै + aux: थिइस्,empty-base > concatenate > concatenate
हिँड्नु,to walk,C,व्यञ्जनान्त,no,हिँड्,हिँड्,finite,pastcont,भूत निरन्तर,past continuous,timi,2nd person · mid grade,no,तिमी(हरू),nominative,no,हिँड्दै थियौ,हिँ ड्दै   थि यौ,stem:हिँड् + end:दै + aux: थियौ,empty-base > concatenate > concatenate
हिँड्नु,to walk,C,व्यञ्जनान्त,no,हिँड्,हिँड्,finite,pastcont,भूत निरन्तर,past continuous,tapai,2nd person · high grade,yes,तपाईं(हरू),nominative,no,हिँड्दै हुनुहुन्थ्यो,हिँ ड्दै   हु नु हु न्थ्यो,stem:हिँड् + end:दै + aux: हुनुहुन्थ्यो,empty-base > concatenate > concatenate
हिँड्नु,to walk,C,व्यञ्जनान्त,no,हिँड्,हिँड्,finite,pastcont,भूत निरन्तर,past continuous,u,3rd person · low grade,no,ऊ / त्यो,nominative,no,हिँड्दै थियो,हिँ ड्दै   थि यो,stem:हिँड् + end:दै + aux: थियो,empty-base > concatenate > concatenate
हिँड्नु,to walk,C,व्यञ्जनान्त,no,हिँड्,हिँड्,finite,pastcont,भूत निरन्तर,past continuous,uni,3rd person · mid grade,no,उनी / उनीहरू,nominative,no,हिँड्दै थिए,हिँ ड्दै   थि ए,stem:हिँड् + end:दै + aux: थिए,empty-base > concatenate > concatenate
हिँड्नु,to walk,C,व्यञ्जनान्त,no,हिँड्,हिँड्,finite,pastcont,भूत निरन्तर,past continuous,uha,3rd person · high grade,yes,उहाँ / वहाँ,nominative,no,हिँड्दै हुनुहुन्थ्यो,हिँ ड्दै   हु नु हु न्थ्यो,stem:हिँड् + end:दै + aux: हुनुहुन्थ्यो,empty-base > concatenate > concatenate
हिँड्नु,to walk,C,व्यञ्जनान्त,no,हिँड्,हिँड्,finite,pastperf,भूत पूर्ण,past perfect,ma,1st person · singular,no,म,nominative,no,हिँडेको थिएँ,हिँ डे को   थि एँ,stem:हिँड् + end:एको + aux: थिएँ,empty-base > virama-matra-fusion > concatenate
हिँड्नु,to walk,C,व्यञ्जनान्त,no,हिँड्,हिँड्,finite,pastperf,भूत पूर्ण,past perfect,hami,1st person · plural,no,हामी(हरू),nominative,no,हिँडेका थियौँ,हिँ डे का   थि यौँ,stem:हिँड् + end:एका + aux: थियौँ,empty-base > virama-matra-fusion > concatenate
हिँड्नु,to walk,C,व्यञ्जनान्त,no,हिँड्,हिँड्,finite,pastperf,भूत पूर्ण,past perfect,ta,2nd person · low grade,no,तँ,nominative,no,हिँडेको थिइस्,हिँ डे को   थि इ स्,stem:हिँड् + end:एको + aux: थिइस्,empty-base > virama-matra-fusion > concatenate
हिँड्नु,to walk,C,व्यञ्जनान्त,no,हिँड्,हिँड्,finite,pastperf,भूत पूर्ण,past perfect,timi,2nd person · mid grade,no,तिमी(हरू),nominative,no,हिँडेको थियौ,हिँ डे को   थि यौ,stem:हिँड् + end:एको + aux: थियौ,empty-base > virama-matra-fusion > concatenate
हिँड्नु,to walk,C,व्यञ्जनान्त,no,हिँड्,हिँड्,finite,pastperf,भूत पूर्ण,past perfect,tapai,2nd person · high grade,yes,तपाईं(हरू),nominative,no,हिँड्नुभएको थियो,हिँ ड्नु भ ए को   थि यो,stem:हिँड्नु + aux:भएको थियो,empty-base > concatenate
हिँड्नु,to walk,C,व्यञ्जनान्त,no,हिँड्,हिँड्,finite,pastperf,भूत पूर्ण,past perfect,u,3rd person · low grade,no,ऊ / त्यो,nominative,no,हिँडेको थियो,हिँ डे को   थि यो,stem:हिँड् + end:एको + aux: थियो,empty-base > virama-matra-fusion > concatenate
हिँड्नु,to walk,C,व्यञ्जनान्त,no,हिँड्,हिँड्,finite,pastperf,भूत पूर्ण,past perfect,uni,3rd person · mid grade,no,उनी / उनीहरू,nominative,no,हिँडेका थिए,हिँ डे का   थि ए,stem:हिँड् + end:एका + aux: थिए,empty-base > virama-matra-fusion > concatenate
हिँड्नु,to walk,C,व्यञ्जनान्त,no,हिँड्,हिँड्,finite,pastperf,भूत पूर्ण,past perfect,uha,3rd person · high grade,yes,उहाँ / वहाँ,nominative,no,हिँड्नुभएको थियो,हिँ ड्नु भ ए को   थि यो,stem:हिँड्नु + aux:भएको थियो,empty-base > concatenate
हिँड्नु,to walk,C,व्यञ्जनान्त,no,हिँड्,हिँड्,finite,future,सामान्य भविष्यत्,simple future,ma,1st person · singular,no,म,nominative,no,हिँड्नेछु,हिँ ड्ने छु,stem:हिँड् + end:ने + end:छु,empty-base > concatenate > concatenate
हिँड्नु,to walk,C,व्यञ्जनान्त,no,हिँड्,हिँड्,finite,future,सामान्य भविष्यत्,simple future,hami,1st person · plural,no,हामी(हरू),nominative,no,हिँड्नेछौँ,हिँ ड्ने छौँ,stem:हिँड् + end:ने + end:छौँ,empty-base > concatenate > concatenate
हिँड्नु,to walk,C,व्यञ्जनान्त,no,हिँड्,हिँड्,finite,future,सामान्य भविष्यत्,simple future,ta,2nd person · low grade,no,तँ,nominative,no,हिँड्नेछस्,हिँ ड्ने छ स्,stem:हिँड् + end:ने + end:छस्,empty-base > concatenate > concatenate
हिँड्नु,to walk,C,व्यञ्जनान्त,no,हिँड्,हिँड्,finite,future,सामान्य भविष्यत्,simple future,timi,2nd person · mid grade,no,तिमी(हरू),nominative,no,हिँड्नेछौ,हिँ ड्ने छौ,stem:हिँड् + end:ने + end:छौ,empty-base > concatenate > concatenate
हिँड्नु,to walk,C,व्यञ्जनान्त,no,हिँड्,हिँड्,finite,future,सामान्य भविष्यत्,simple future,tapai,2nd person · high grade,yes,तपाईं(हरू),nominative,no,हिँड्नुहुनेछ,हिँ ड्नु हु ने छ,stem:हिँड्नु + aux:हुनेछ,empty-base > concatenate
हिँड्नु,to walk,C,व्यञ्जनान्त,no,हिँड्,हिँड्,finite,future,सामान्य भविष्यत्,simple future,u,3rd person · low grade,no,ऊ / त्यो,nominative,no,हिँड्नेछ,हिँ ड्ने छ,stem:हिँड् + end:ने + end:छ,empty-base > concatenate > concatenate
हिँड्नु,to walk,C,व्यञ्जनान्त,no,हिँड्,हिँड्,finite,future,सामान्य भविष्यत्,simple future,uni,3rd person · mid grade,no,उनी / उनीहरू,nominative,no,हिँड्नेछन्,हिँ ड्ने छ न्,stem:हिँड् + end:ने + end:छन्,empty-base > concatenate > concatenate
हिँड्नु,to walk,C,व्यञ्जनान्त,no,हिँड्,हिँड्,finite,future,सामान्य भविष्यत्,simple future,uha,3rd person · high grade,yes,उहाँ / वहाँ,nominative,no,हिँड्नुहुनेछ,हिँ ड्नु हु ने छ,stem:हिँड्नु + aux:हुनेछ,empty-base > concatenate
हिँड्नु,to walk,C,व्यञ्जनान्त,no,हिँड्,हिँड्,finite,prob,सम्भावना,probable,ma,1st person · singular,no,म,nominative,yes,हिँडुँला,हिँ डुँ ला,stem:हिँड् + end:उँला,empty-base > virama-matra-fusion
हिँड्नु,to walk,C,व्यञ्जनान्त,no,हिँड्,हिँड्,finite,prob,सम्भावना,probable,hami,1st person · plural,no,हामी(हरू),nominative,yes,हिँडौँला,हिँ डौँ ला,stem:हिँड् + end:औँला,empty-base > virama-matra-fusion
हिँड्नु,to walk,C,व्यञ्जनान्त,no,हिँड्,हिँड्,finite,prob,सम्भावना,probable,ta,2nd person · low grade,no,तँ,nominative,yes,हिँड्लास्,हिँ ड्ला स्,stem:हिँड् + end:लास्,empty-base > concatenate
हिँड्नु,to walk,C,व्यञ्जनान्त,no,हिँड्,हिँड्,finite,prob,सम्भावना,probable,timi,2nd person · mid grade,no,तिमी(हरू),nominative,yes,हिँडौला,हिँ डौ ला,stem:हिँड् + end:औला,empty-base > virama-matra-fusion
हिँड्नु,to walk,C,व्यञ्जनान्त,no,हिँड्,हिँड्,finite,prob,सम्भावना,probable,tapai,2nd person · high grade,yes,तपाईं(हरू),nominative,yes,हिँड्नुहोला,हिँ ड्नु हो ला,stem:हिँड्नु + aux:होला,empty-base > concatenate
हिँड्नु,to walk,C,व्यञ्जनान्त,no,हिँड्,हिँड्,finite,prob,सम्भावना,probable,u,3rd person · low grade,no,ऊ / त्यो,nominative,yes,हिँड्ला,हिँ ड्ला,stem:हिँड् + end:ला,empty-base > concatenate
हिँड्नु,to walk,C,व्यञ्जनान्त,no,हिँड्,हिँड्,finite,prob,सम्भावना,probable,uni,3rd person · mid grade,no,उनी / उनीहरू,nominative,yes,हिँड्लान्,हिँ ड्ला न्,stem:हिँड् + end:लान्,empty-base > concatenate
हिँड्नु,to walk,C,व्यञ्जनान्त,no,हिँड्,हिँड्,finite,prob,सम्भावना,probable,uha,3rd person · high grade,yes,उहाँ / वहाँ,nominative,yes,हिँड्नुहोला,हिँ ड्नु हो ला,stem:हिँड्नु + aux:होला,empty-base > concatenate
हिँड्नु,to walk,C,व्यञ्जनान्त,no,हिँड्,हिँड्,finite,imp,आज्ञा र इच्छा,imperative & optative,ma,1st person · singular,no,म,nominative,no,हिँडूँ,हिँ डूँ,stem:हिँड् + end:ऊँ,empty-base > virama-matra-fusion
हिँड्नु,to walk,C,व्यञ्जनान्त,no,हिँड्,हिँड्,finite,imp,आज्ञा र इच्छा,imperative & optative,hami,1st person · plural,no,हामी(हरू),nominative,no,हिँडौँ,हिँ डौँ,stem:हिँड् + end:औँ,empty-base > virama-matra-fusion
हिँड्नु,to walk,C,व्यञ्जनान्त,no,हिँड्,हिँड्,finite,imp,आज्ञा र इच्छा,imperative & optative,ta,2nd person · low grade,no,तँ,nominative,no,हिँड्,हिँ ड्,stem:हिँड्,empty-base
हिँड्नु,to walk,C,व्यञ्जनान्त,no,हिँड्,हिँड्,finite,imp,आज्ञा र इच्छा,imperative & optative,timi,2nd person · mid grade,no,तिमी(हरू),nominative,no,हिँड,हिँ ड,stem:हिँड् + end:अ,empty-base > virama-matra-fusion
हिँड्नु,to walk,C,व्यञ्जनान्त,no,हिँड्,हिँड्,finite,imp,आज्ञा र इच्छा,imperative & optative,tapai,2nd person · high grade,yes,तपाईं(हरू),nominative,no,हिँड्नुहोस्,हिँ ड्नु हो स्,stem:हिँड्नु + aux:होस्,empty-base > concatenate
हिँड्नु,to walk,C,व्यञ्जनान्त,no,हिँड्,हिँड्,finite,imp,आज्ञा र इच्छा,imperative & optative,u,3rd person · low grade,no,ऊ / त्यो,nominative,no,हिँडोस्,हिँ डो स्,stem:हिँड् + end:ओस्,empty-base > virama-matra-fusion
हिँड्नु,to walk,C,व्यञ्जनान्त,no,हिँड्,हिँड्,finite,imp,आज्ञा र इच्छा,imperative & optative,uni,3rd person · mid grade,no,उनी / उनीहरू,nominative,no,हिँडून्,हिँ डू न्,stem:हिँड् + end:ऊन्,empty-base > virama-matra-fusion
हिँड्नु,to walk,C,व्यञ्जनान्त,no,हिँड्,हिँड्,finite,imp,आज्ञा र इच्छा,imperative & optative,uha,3rd person · high grade,yes,उहाँ / वहाँ,nominative,no,हिँड्नुहोस्,हिँ ड्नु हो स्,stem:हिँड्नु + aux:होस्,empty-base > concatenate
हिँड्नु,to walk,C,व्यञ्जनान्त,no,हिँड्,हिँड्,non-finite,क्रियार्थक नाम,,dictionary form,,,,,,,हिँड्नु,हिँ ड्नु,,
हिँड्नु,to walk,C,व्यञ्जनान्त,no,हिँड्,हिँड्,non-finite,उद्देश्यवाचक,,in order to …,,,,,,,हिँड्न,हिँ ड्न,,
हिँड्नु,to walk,C,व्यञ्जनान्त,no,हिँड्,हिँड्,non-finite,भविष्यवाचक,,the one that will …,,,,,,,हिँड्ने,हिँ ड्ने,,
हिँड्नु,to walk,C,व्यञ्जनान्त,no,हिँड्,हिँड्,non-finite,पूर्णकालिक,,having …-ed,,,,,,,हिँडेको,हिँ डे को,,
हिँड्नु,to walk,C,व्यञ्जनान्त,no,हिँड्,हिँड्,non-finite,पूर्वकालिक,,"…-ing, then",,,,,,,हिँडेर,हिँ डे र,,
हिँड्नु,to walk,C,व्यञ्जनान्त,no,हिँड्,हिँड्,non-finite,क्रियाविशेषण,,by …-ing,,,,,,,हिँडी,हिँ डी,,
हिँड्नु,to walk,C,व्यञ्जनान्त,no,हिँड्,हिँड्,non-finite,अपूर्णकालिक,,while …-ing,,,,,,,हिँड्दै,हिँ ड्दै,,
हिँड्नु,to walk,C,व्यञ्जनान्त,no,हिँड्,हिँड्,non-finite,समयवाचक,,when …-ing,,,,,,,हिँड्दा,हिँ ड्दा,,
हिँड्नु,to walk,C,व्यञ्जनान्त,no,हिँड्,हिँड्,non-finite,सर्तवाचक,,if …,,,,,,,हिँडे भने,हिँ डे   भ ने,,
हिँड्नु,to walk,C,व्यञ्जनान्त,no,हिँड्,हिँड्,infinitive,,,,,,,,,,हिँड्नु,हिँ ड्नु,,
खानु,to eat,V,स्वरान्त,yes,खा,खा,finite,habpres,अभ्यस्त वर्तमान,habitual present,ma,1st person · singular,no,म,nominative,no,खान्छु,खा न्छु,stem:खा + link:न् + end:छु,empty-base > concatenate > concatenate
खानु,to eat,V,स्वरान्त,yes,खा,खा,finite,habpres,अभ्यस्त वर्तमान,habitual present,hami,1st person · plural,no,हामी(हरू),nominative,no,खान्छौँ,खा न्छौँ,stem:खा + link:न् + end:छौँ,empty-base > concatenate > concatenate
खानु,to eat,V,स्वरान्त,yes,खा,खा,finite,habpres,अभ्यस्त वर्तमान,habitual present,ta,2nd person · low grade,no,तँ,nominative,no,खान्छस्,खा न्छ स्,stem:खा + link:न् + end:छस्,empty-base > concatenate > concatenate
खानु,to eat,V,स्वरान्त,yes,खा,खा,finite,habpres,अभ्यस्त वर्तमान,habitual present,timi,2nd person · mid grade,no,तिमी(हरू),nominative,no,खान्छौ,खा न्छौ,stem:खा + link:न् + end:छौ,empty-base > concatenate > concatenate
खानु,to eat,V,स्वरान्त,yes,खा,खा,finite,habpres,अभ्यस्त वर्तमान,habitual present,tapai,2nd person · high grade,yes,तपाईं(हरू),nominative,no,खानुहुन्छ,खा नु हु न्छ,stem:खानु + aux:हुन्छ,empty-base > concatenate
खानु,to eat,V,स्वरान्त,yes,खा,खा,finite,habpres,अभ्यस्त वर्तमान,habitual present,u,3rd person · low grade,no,ऊ / त्यो,nominative,no,खान्छ,खा न्छ,stem:खा + link:न् + end:छ,empty-base > concatenate > concatenate
खानु,to eat,V,स्वरान्त,yes,खा,खा,finite,habpres,अभ्यस्त वर्तमान,habitual present,uni,3rd person · mid grade,no,उनी / उनीहरू,nominative,no,खान्छन्,खा न्छ न्,stem:खा + link:न् + end:छन्,empty-base > concatenate > concatenate
खानु,to eat,V,स्वरान्त,yes,खा,खा,finite,habpres,अभ्यस्त वर्तमान,habitual present,uha,3rd person · high grade,yes,उहाँ / वहाँ,nominative,no,खानुहुन्छ,खा नु हु न्छ,stem:खानु + aux:हुन्छ,empty-base > concatenate
खानु,to eat,V,स्वरान्त,yes,खा,खा,finite,prescont,वर्तमान निरन्तर,present continuous,ma,1st person · singular,no,म,nominative,no,खाँदैछु,खाँ दै छु,stem:खा + link:ँ + end:दै + aux:छु,empty-base > concatenate > concatenate > concatenate
खानु,to eat,V,स्वरान्त,yes,खा,खा,finite,prescont,वर्तमान निरन्तर,present continuous,hami,1st person · plural,no,हामी(हरू),nominative,no,खाँदैछौँ,खाँ दै छौँ,stem:खा + link:ँ + end:दै + aux:छौँ,empty-base > concatenate > concatenate > concatenate
खानु,to eat,V,स्वरान्त,yes,खा,खा,finite,prescont,वर्तमान निरन्तर,present continuous,ta,2nd person · low grade,no,तँ,nominative,no,खाँदैछस्,खाँ दै छ स्,stem:खा + link:ँ + end:दै + aux:छस्,empty-base > concatenate > concatenate > concatenate
खानु,to eat,V,स्वरान्त,yes,खा,खा,finite,prescont,वर्तमान निरन्तर,present continuous,timi,2nd person · mid grade,no,तिमी(हरू),nominative,no,खाँदैछौ,खाँ दै छौ,stem:खा + link:ँ + end:दै + aux:छौ,empty-base > concatenate > concatenate > concatenate
खानु,to eat,V,स्वरान्त,yes,खा,खा,finite,prescont,वर्तमान निरन्तर,present continuous,tapai,2nd person · high grade,yes,तपाईं(हरू),nominative,no,खाँदै हुनुहुन्छ,खाँ दै   हु नु हु न्छ,stem:खा + link:ँ + end:दै + aux: हुनुहुन्छ,empty-base > concatenate > concatenate > concatenate
खानु,to eat,V,स्वरान्त,yes,खा,खा,finite,prescont,वर्तमान निरन्तर,present continuous,u,3rd person · low grade,no,ऊ / त्यो,nominative,no,खाँदैछ,खाँ दै छ,stem:खा + link:ँ + end:दै + aux:छ,empty-base > concatenate > concatenate > concatenate
खानु,to eat,V,स्वरान्त,yes,खा,खा,finite,prescont,वर्तमान निरन्तर,present continuous,uni,3rd person · mid grade,no,उनी / उनीहरू,nominative,no,खाँदैछन्,खाँ दै छ न्,stem:खा + link:ँ + end:दै + aux:छन्,empty-base > concatenate > concatenate > concatenate
खानु,to eat,V,स्वरान्त,yes,खा,खा,finite,prescont,वर्तमान निरन्तर,present continuous,uha,3rd person · high grade,yes,उहाँ / वहाँ,nominative,no,खाँदै हुनुहुन्छ,खाँ दै   हु नु हु न्छ,stem:खा + link:ँ + end:दै + aux: हुनुहुन्छ,empty-base > concatenate > concatenate > concatenate
खानु,to eat,V,स्वरान्त,yes,खा,खा,finite,presperf,वर्तमान पूर्ण,present perfect,ma,1st person · singular,no,मैले,ergative -ले,no,खाएको छु,खा ए को   छु,stem:खा + end:एको + aux: छु,empty-base > hiatus > concatenate
खानु,to eat,V,स्वरान्त,yes,खा,खा,finite,presperf,वर्तमान पूर्ण,present perfect,hami,1st person · plural,no,हामी(हरू)ले,ergative -ले,no,खाएका छौँ,खा ए का   छौँ,stem:खा + end:एका + aux: छौँ,empty-base > hiatus > concatenate
खानु,to eat,V,स्वरान्त,yes,खा,खा,finite,presperf,वर्तमान पूर्ण,present perfect,ta,2nd person · low grade,no,तैंले,ergative -ले,no,खाएको छस्,खा ए को   छ स्,stem:खा + end:एको + aux: छस्,empty-base > hiatus > concatenate
खानु,to eat,V,स्वरान्त,yes,खा,खा,finite,presperf,वर्तमान पूर्ण,present perfect,timi,2nd person · mid grade,no,तिमी(हरू)ले,ergative -ले,no,खाएको छौ,खा ए को   छौ,stem:खा + end:एको + aux: छौ,empty-base > hiatus > concatenate
खानु,to eat,V,स्वरान्त,yes,खा,खा,finite,presperf,वर्तमान पूर्ण,present perfect,tapai,2nd person · high grade,yes,तपाईं(हरू)ले,ergative -ले,no,खानुभएको छ,खा नु भ ए को   छ,stem:खानु + aux:भएको छ,empty-base > concatenate
खानु,to eat,V,स्वरान्त,yes,खा,खा,finite,presperf,वर्तमान पूर्ण,present perfect,u,3rd person · low grade,no,उसले / त्यसले,ergative -ले,no,खाएको छ,खा ए को   छ,stem:खा + end:एको + aux: छ,empty-base > hiatus > concatenate
खानु,to eat,V,स्वरान्त,yes,खा,खा,finite,presperf,वर्तमान पूर्ण,present perfect,uni,3rd person · mid grade,no,उनले / उनीहरूले,ergative -ले,no,खाएका छन्,खा ए का   छ न्,stem:खा + end:एका + aux: छन्,empty-base > hiatus > concatenate
खानु,to eat,V,स्वरान्त,yes,खा,खा,finite,presperf,वर्तमान पूर्ण,present perfect,uha,3rd person · high grade,yes,उहाँले,ergative -ले,no,खानुभएको छ,खा नु भ ए को   छ,stem:खानु + aux:भएको छ,empty-base > concatenate
खानु,to eat,V,स्वरान्त,yes,खा,खा,finite,past,सामान्य भूत,simple past,ma,1st person · singular,no,मैले,ergative -ले,no,खाएँ,खा एँ,stem:खा + end:एँ,empty-base > hiatus
खानु,to eat,V,स्वरान्त,yes,खा,खा,finite,past,सामान्य भूत,simple past,hami,1st person · plural,no,हामी(हरू)ले,ergative -ले,no,खायौँ,खा यौँ,stem:खा + end:यौँ,empty-base > concatenate
खानु,to eat,V,स्वरान्त,yes,खा,खा,finite,past,सामान्य भूत,simple past,ta,2nd person · low grade,no,तैंले,ergative -ले,no,खाइस्,खा इ स्,stem:खा + end:इस्,empty-base > hiatus
खानु,to eat,V,स्वरान्त,yes,खा,खा,finite,past,सामान्य भूत,simple past,timi,2nd person · mid grade,no,तिमी(हरू)ले,ergative -ले,no,खायौ,खा यौ,stem:खा + end:यौ,empty-base > concatenate
खानु,to eat,V,स्वरान्त,yes,खा,खा,finite,past,सामान्य भूत,simple past,tapai,2nd person · high grade,yes,तपाईं(हरू)ले,ergative -ले,no,खानुभयो,खा नु भ यो,stem:खानु + aux:भयो,empty-base > concatenate
खानु,to eat,V,स्वरान्त,yes,खा,खा,finite,past,सामान्य भूत,simple past,u,3rd person · low grade,no,उसले / त्यसले,ergative -ले,no,खायो,खा यो,stem:खा + end:यो,empty-base > concatenate
खानु,to eat,V,स्वरान्त,yes,खा,खा,finite,past,सामान्य भूत,simple past,uni,3rd person · mid grade,no,उनले / उनीहरूले,ergative -ले,no,खाए,खा ए,stem:खा + end:ए,empty-base > hiatus
खानु,to eat,V,स्वरान्त,yes,खा,खा,finite,past,सामान्य भूत,simple past,uha,3rd person · high grade,yes,उहाँले,ergative -ले,no,खानुभयो,खा नु भ यो,stem:खानु + aux:भयो,empty-base > concatenate
खानु,to eat,V,स्वरान्त,yes,खा,खा,finite,habpast,अभ्यस्त भूत,habitual past,ma,1st person · singular,no,म,nominative,no,खान्थेँ,खा न्थेँ,stem:खा + link:न् + end:थेँ,empty-base > concatenate > concatenate
खानु,to eat,V,स्वरान्त,yes,खा,खा,finite,habpast,अभ्यस्त भूत,habitual past,hami,1st person · plural,no,हामी(हरू),nominative,no,खान्थ्यौँ,खा न्थ्यौँ,stem:खा + link:न् + end:थ्यौँ,empty-base > concatenate > concatenate
खानु,to eat,V,स्वरान्त,yes,खा,खा,finite,habpast,अभ्यस्त भूत,habitual past,ta,2nd person · low grade,no,तँ,nominative,no,खान्थिस्,खा न्थि स्,stem:खा + link:न् + end:थिस्,empty-base > concatenate > concatenate
खानु,to eat,V,स्वरान्त,yes,खा,खा,finite,habpast,अभ्यस्त भूत,habitual past,timi,2nd person · mid grade,no,तिमी(हरू),nominative,no,खान्थ्यौ,खा न्थ्यौ,stem:खा + link:न् + end:थ्यौ,empty-base > concatenate > concatenate
खानु,to eat,V,स्वरान्त,yes,खा,खा,finite,habpast,अभ्यस्त भूत,habitual past,tapai,2nd person · high grade,yes,तपाईं(हरू),nominative,no,खानुहुन्थ्यो,खा नु हु न्थ्यो,stem:खानु + aux:हुन्थ्यो,empty-base > concatenate
खानु,to eat,V,स्वरान्त,yes,खा,खा,finite,habpast,अभ्यस्त भूत,habitual past,u,3rd person · low grade,no,ऊ / त्यो,nominative,no,खान्थ्यो,खा न्थ्यो,stem:खा + link:न् + end:थ्यो,empty-base > concatenate > concatenate
खानु,to eat,V,स्वरान्त,yes,खा,खा,finite,habpast,अभ्यस्त भूत,habitual past,uni,3rd person · mid grade,no,उनी / उनीहरू,nominative,no,खान्थे,खा न्थे,stem:खा + link:न् + end:थे,empty-base > concatenate > concatenate
खानु,to eat,V,स्वरान्त,yes,खा,खा,finite,habpast,अभ्यस्त भूत,habitual past,uha,3rd person · high grade,yes,उहाँ / वहाँ,nominative,no,खानुहुन्थ्यो,खा नु हु न्थ्यो,stem:खानु + aux:हुन्थ्यो,empty-base > concatenate
खानु,to eat,V,स्वरान्त,yes,खा,खा,finite,pastcont,भूत निरन्तर,past continuous,ma,1st person · singular,no,म,nominative,no,खाँदै थिएँ,खाँ दै   थि एँ,stem:खा + link:ँ + end:दै + aux: थिएँ,empty-base > concatenate > concatenate > concatenate
खानु,to eat,V,स्वरान्त,yes,खा,खा,finite,pastcont,भूत निरन्तर,past continuous,hami,1st person · plural,no,हामी(हरू),nominative,no,खाँदै थियौँ,खाँ दै   थि यौँ,stem:खा + link:ँ + end:दै + aux: थियौँ,empty-base > concatenate > concatenate > concatenate
खानु,to eat,V,स्वरान्त,yes,खा,खा,finite,pastcont,भूत निरन्तर,past continuous,ta,2nd person · low grade,no,तँ,nominative,no,खाँदै थिइस्,खाँ दै   थि इ स्,stem:खा + link:ँ + end:दै + aux: थिइस्,empty-base > concatenate > concatenate > concatenate
खानु,to eat,V,स्वरान्त,yes,खा,खा,finite,pastcont,भूत निरन्तर,past continuous,timi,2nd person · mid grade,no,तिमी(हरू),nominative,no,खाँदै थियौ,खाँ दै   थि यौ,stem:खा + link:ँ + end:दै + aux: थियौ,empty-base > concatenate > concatenate > concatenate
खानु,to eat,V,स्वरान्त,yes,खा,खा,finite,pastcont,भूत निरन्तर,past continuous,tapai,2nd person · high grade,yes,तपाईं(हरू),nominative,no,खाँदै हुनुहुन्थ्यो,खाँ दै   हु नु हु न्थ्यो,stem:खा + link:ँ + end:दै + aux: हुनुहुन्थ्यो,empty-base > concatenate > concatenate > concatenate
खानु,to eat,V,स्वरान्त,yes,खा,खा,finite,pastcont,भूत निरन्तर,past continuous,u,3rd person · low grade,no,ऊ / त्यो,nominative,no,खाँदै थियो,खाँ दै   थि यो,stem:खा + link:ँ + end:दै + aux: थियो,empty-base > concatenate > concatenate > concatenate
खानु,to eat,V,स्वरान्त,yes,खा,खा,finite,pastcont,भूत निरन्तर,past continuous,uni,3rd person · mid grade,no,उनी / उनीहरू,nominative,no,खाँदै थिए,खाँ दै   थि ए,stem:खा + link:ँ + end:दै + aux: थिए,empty-base > concatenate > concatenate > concatenate
खानु,to eat,V,स्वरान्त,yes,खा,खा,finite,pastcont,भूत निरन्तर,past continuous,uha,3rd person · high grade,yes,उहाँ / वहाँ,nominative,no,खाँदै हुनुहुन्थ्यो,खाँ दै   हु नु हु न्थ्यो,stem:खा + link:ँ + end:दै + aux: हुनुहुन्थ्यो,empty-base > concatenate > concatenate > concatenate
खानु,to eat,V,स्वरान्त,yes,खा,खा,finite,pastperf,भूत पूर्ण,past perfect,ma,1st person · singular,no,मैले,ergative -ले,no,खाएको थिएँ,खा ए को   थि एँ,stem:खा + end:एको + aux: थिएँ,empty-base > hiatus > concatenate
खानु,to eat,V,स्वरान्त,yes,खा,खा,finite,pastperf,भूत पूर्ण,past perfect,hami,1st person · plural,no,हामी(हरू)ले,ergative -ले,no,खाएका थियौँ,खा ए का   थि यौँ,stem:खा + end:एका + aux: थियौँ,empty-base > hiatus > concatenate
खानु,to eat,V,स्वरान्त,yes,खा,खा,finite,pastperf,भूत पूर्ण,past perfect,ta,2nd person · low grade,no,तैंले,ergative -ले,no,खाएको थिइस्,खा ए को   थि इ स्,stem:खा + end:एको + aux: थिइस्,empty-base > hiatus > concatenate
खानु,to eat,V,स्वरान्त,yes,खा,खा,finite,pastperf,भूत पूर्ण,past perfect,timi,2nd person · mid grade,no,तिमी(हरू)ले,ergative -ले,no,खाएको थियौ,खा ए को   थि यौ,stem:खा + end:एको + aux: थियौ,empty-base > hiatus > concatenate
खानु,to eat,V,स्वरान्त,yes,खा,खा,finite,pastperf,भूत पूर्ण,past perfect,tapai,2nd person · high grade,yes,तपाईं(हरू)ले,ergative -ले,no,खानुभएको थियो,खा नु भ ए को   थि यो,stem:खानु + aux:भएको थियो,empty-base > concatenate
खानु,to eat,V,स्वरान्त,yes,खा,खा,finite,pastperf,भूत पूर्ण,past perfect,u,3rd person · low grade,no,उसले / त्यसले,ergative -ले,no,खाएको थियो,खा ए को   थि यो,stem:खा + end:एको + aux: थियो,empty-base > hiatus > concatenate
खानु,to eat,V,स्वरान्त,yes,खा,खा,finite,pastperf,भूत पूर्ण,past perfect,uni,3rd person · mid grade,no,उनले / उनीहरूले,ergative -ले,no,खाएका थिए,खा ए का   थि ए,stem:खा + end:एका + aux: थिए,empty-base > hiatus > concatenate
खानु,to eat,V,स्वरान्त,yes,खा,खा,finite,pastperf,भूत पूर्ण,past perfect,uha,3rd person · high grade,yes,उहाँले,ergative -ले,no,खानुभएको थियो,खा नु भ ए को   थि यो,stem:खानु + aux:भएको थियो,empty-base > concatenate
खानु,to eat,V,स्वरान्त,yes,खा,खा,finite,future,सामान्य भविष्यत्,simple future,ma,1st person · singular,no,म,nominative,no,खानेछु,खा ने छु,stem:खा + end:ने + end:छु,empty-base > concatenate > concatenate
खानु,to eat,V,स्वरान्त,yes,खा,खा,finite,future,सामान्य भविष्यत्,simple future,hami,1st person · plural,no,हामी(हरू),nominative,no,खानेछौँ,खा ने छौँ,stem:खा + end:ने + end:छौँ,empty-base > concatenate > concatenate
खानु,to eat,V,स्वरान्त,yes,खा,खा,finite,future,सामान्य भविष्यत्,simple future,ta,2nd person · low grade,no,तँ,nominative,no,खानेछस्,खा ने छ स्,stem:खा + end:ने + end:छस्,empty-base > concatenate > concatenate
खानु,to eat,V,स्वरान्त,yes,खा,खा,finite,future,सामान्य भविष्यत्,simple future,timi,2nd person · mid grade,no,तिमी(हरू),nominative,no,खानेछौ,खा ने छौ,stem:खा + end:ने + end:छौ,empty-base > concatenate > concatenate
खानु,to eat,V,स्वरान्त,yes,खा,खा,finite,future,सामान्य भविष्यत्,simple future,tapai,2nd person · high grade,yes,तपाईं(हरू),nominative,no,खानुहुनेछ,खा नु हु ने छ,stem:खानु + aux:हुनेछ,empty-base > concatenate
खानु,to eat,V,स्वरान्त,yes,खा,खा,finite,future,सामान्य भविष्यत्,simple future,u,3rd person · low grade,no,ऊ / त्यो,nominative,no,खानेछ,खा ने छ,stem:खा + end:ने + end:छ,empty-base > concatenate > concatenate
खानु,to eat,V,स्वरान्त,yes,खा,खा,finite,future,सामान्य भविष्यत्,simple future,uni,3rd person · mid grade,no,उनी / उनीहरू,nominative,no,खानेछन्,खा ने छ न्,stem:खा + end:ने + end:छन्,empty-base > concatenate > concatenate
खानु,to eat,V,स्वरान्त,yes,खा,खा,finite,future,सामान्य भविष्यत्,simple future,uha,3rd person · high grade,yes,उहाँ / वहाँ,nominative,no,खानुहुनेछ,खा नु हु ने छ,stem:खानु + aux:हुनेछ,empty-base > concatenate
खानु,to eat,V,स्वरान्त,yes,खा,खा,finite,prob,सम्भावना,probable,ma,1st person · singular,no,म,nominative,yes,खाउँला,खा उँ ला,stem:खा + end:उँला,empty-base > hiatus
खानु,to eat,V,स्वरान्त,yes,खा,खा,finite,prob,सम्भावना,probable,hami,1st person · plural,no,हामी(हरू),nominative,yes,खाऔँला,खा औँ ला,stem:खा + end:औँला,empty-base > hiatus
खानु,to eat,V,स्वरान्त,yes,खा,खा,finite,prob,सम्भावना,probable,ta,2nd person · low grade,no,तँ,nominative,yes,खालास्,खा ला स्,stem:खा + end:लास्,empty-base > concatenate
खानु,to eat,V,स्वरान्त,yes,खा,खा,finite,prob,सम्भावना,probable,timi,2nd person · mid grade,no,तिमी(हरू),nominative,yes,खाऔला,खा औ ला,stem:खा + end:औला,empty-base > hiatus
खानु,to eat,V,स्वरान्त,yes,खा,खा,finite,prob,सम्भावना,probable,tapai,2nd person · high grade,yes,तपाईं(हरू),nominative,yes,खानुहोला,खा नु हो ला,stem:खानु + aux:होला,empty-base > concatenate
खानु,to eat,V,स्वरान्त,yes,खा,खा,finite,prob,सम्भावना,probable,u,3rd person · low grade,no,ऊ / त्यो,nominative,yes,खाला,खा ला,stem:खा + end:ला,empty-base > concatenate
खानु,to eat,V,स्वरान्त,yes,खा,खा,finite,prob,सम्भावना,probable,uni,3rd person · mid grade,no,उनी / उनीहरू,nominative,yes,खालान्,खा ला न्,stem:खा + end:लान्,empty-base > concatenate
खानु,to eat,V,स्वरान्त,yes,खा,खा,finite,prob,सम्भावना,probable,uha,3rd person · high grade,yes,उहाँ / वहाँ,nominative,yes,खानुहोला,खा नु हो ला,stem:खानु + aux:होला,empty-base > concatenate
खानु,to eat,V,स्वरान्त,yes,खा,खा,finite,imp,आज्ञा र इच्छा,imperative & optative,ma,1st person · singular,no,म,nominative,no,खाऊँ,खा ऊँ,stem:खा + end:ऊँ,empty-base > hiatus
खानु,to eat,V,स्वरान्त,yes,खा,खा,finite,imp,आज्ञा र इच्छा,imperative & optative,hami,1st person · plural,no,हामी(हरू),nominative,no,खाऔँ,खा औँ,stem:खा + end:औँ,empty-base > hiatus
खानु,to eat,V,स्वरान्त,yes,खा,खा,finite,imp,आज्ञा र इच्छा,imperative & optative,ta,2nd person · low grade,no,तँ,nominative,no,खा,खा,stem:खा,empty-base
खानु,to eat,V,स्वरान्त,yes,खा,खा,finite,imp,आज्ञा र इच्छा,imperative & optative,timi,2nd person · mid grade,no,तिमी(हरू),nominative,no,खाऊ,खा ऊ,stem:खा + end:ऊ,empty-base > hiatus
खानु,to eat,V,स्वरान्त,yes,खा,खा,finite,imp,आज्ञा र इच्छा,imperative & optative,tapai,2nd person · high grade,yes,तपाईं(हरू),nominative,no,खानुहोस्,खा नु हो स्,stem:खानु + aux:होस्,empty-base > concatenate
खानु,to eat,V,स्वरान्त,yes,खा,खा,finite,imp,आज्ञा र इच्छा,imperative & optative,u,3rd person · low grade,no,ऊ / त्यो,nominative,no,खाओस्,खा ओ स्,stem:खा + end:ओस्,empty-base > hiatus
खानु,to eat,V,स्वरान्त,yes,खा,खा,finite,imp,आज्ञा र इच्छा,imperative & optative,uni,3rd person · mid grade,no,उनी / उनीहरू,nominative,no,खाऊन्,खा ऊ न्,stem:खा + end:ऊन्,empty-base > hiatus
खानु,to eat,V,स्वरान्त,yes,खा,खा,finite,imp,आज्ञा र इच्छा,imperative & optative,uha,3rd person · high grade,yes,उहाँ / वहाँ,nominative,no,खानुहोस्,खा नु हो स्,stem:खानु + aux:होस्,empty-base > concatenate
खानु,to eat,V,स्वरान्त,yes,खा,खा,non-finite,क्रियार्थक नाम,,dictionary form,,,,,,,खानु,खा नु,,
खानु,to eat,V,स्वरान्त,yes,खा,खा,non-finite,उद्देश्यवाचक,,in order to …,,,,,,,खान,खा न,,
खानु,to eat,V,स्वरान्त,yes,खा,खा,non-finite,भविष्यवाचक,,the one that will …,,,,,,,खाने,खा ने,,
खानु,to eat,V,स्वरान्त,yes,खा,खा,non-finite,पूर्णकालिक,,having …-ed,,,,,,,खाएको,खा ए को,,
खानु,to eat,V,स्वरान्त,yes,खा,खा,non-finite,पूर्वकालिक,,"…-ing, then",,,,,,,खाएर,खा ए र,,
खानु,to eat,V,स्वरान्त,yes,खा,खा,non-finite,क्रियाविशेषण,,by …-ing,,,,,,,खाई,खा ई,,
खानु,to eat,V,स्वरान्त,yes,खा,खा,non-finite,अपूर्णकालिक,,while …-ing,,,,,,,खाँदै,खाँ दै,,
खानु,to eat,V,स्वरान्त,yes,खा,खा,non-finite,समयवाचक,,when …-ing,,,,,,,खाँदा,खाँ दा,,
खानु,to eat,V,स्वरान्त,yes,खा,खा,non-finite,सर्तवाचक,,if …,,,,,,,खाए भने,खा ए   भ ने,,
खानु,to eat,V,स्वरान्त,yes,खा,खा,infinitive,,,,,,,,,,खानु,खा नु,,
जानु,to go,V,स्वरान्त,no,जा,ग,finite,habpres,अभ्यस्त वर्तमान,habitual present,ma,1st person · singular,no,म,nominative,no,जान्छु,जा न्छु,stem:जा + link:न् + end:छु,empty-base > concatenate > concatenate
जानु,to go,V,स्वरान्त,no,जा,ग,finite,habpres,अभ्यस्त वर्तमान,habitual present,hami,1st person · plural,no,हामी(हरू),nominative,no,जान्छौँ,जा न्छौँ,stem:जा + link:न् + end:छौँ,empty-base > concatenate > concatenate
जानु,to go,V,स्वरान्त,no,जा,ग,finite,habpres,अभ्यस्त वर्तमान,habitual present,ta,2nd person · low grade,no,तँ,nominative,no,जान्छस्,जा न्छ स्,stem:जा + link:न् + end:छस्,empty-base > concatenate > concatenate
जानु,to go,V,स्वरान्त,no,जा,ग,finite,habpres,अभ्यस्त वर्तमान,habitual present,timi,2nd person · mid grade,no,तिमी(हरू),nominative,no,जान्छौ,जा न्छौ,stem:जा + link:न् + end:छौ,empty-base > concatenate > concatenate
जानु,to go,V,स्वरान्त,no,जा,ग,finite,habpres,अभ्यस्त वर्तमान,habitual present,tapai,2nd person · high grade,yes,तपाईं(हरू),nominative,no,जानुहुन्छ,जा नु हु न्छ,stem:जानु + aux:हुन्छ,empty-base > concatenate
जानु,to go,V,स्वरान्त,no,जा,ग,finite,habpres,अभ्यस्त वर्तमान,habitual present,u,3rd person · low grade,no,ऊ / त्यो,nominative,no,जान्छ,जा न्छ,stem:जा + link:न् + end:छ,empty-base > concatenate > concatenate
जानु,to go,V,स्वरान्त,no,जा,ग,finite,habpres,अभ्यस्त वर्तमान,habitual present,uni,3rd person · mid grade,no,उनी / उनीहरू,nominative,no,जान्छन्,जा न्छ न्,stem:जा + link:न् + end:छन्,empty-base > concatenate > concatenate
जानु,to go,V,स्वरान्त,no,जा,ग,finite,habpres,अभ्यस्त वर्तमान,habitual present,uha,3rd person · high grade,yes,उहाँ / वहाँ,nominative,no,जानुहुन्छ,जा नु हु न्छ,stem:जानु + aux:हुन्छ,empty-base > concatenate
जानु,to go,V,स्वरान्त,no,जा,ग,finite,prescont,वर्तमान निरन्तर,present continuous,ma,1st person · singular,no,म,nominative,no,जाँदैछु,जाँ दै छु,stem:जा + link:ँ + end:दै + aux:छु,empty-base > concatenate > concatenate > concatenate
जानु,to go,V,स्वरान्त,no,जा,ग,finite,prescont,वर्तमान निरन्तर,present continuous,hami,1st person · plural,no,हामी(हरू),nominative,no,जाँदैछौँ,जाँ दै छौँ,stem:जा + link:ँ + end:दै + aux:छौँ,empty-base > concatenate > concatenate > concatenate
जानु,to go,V,स्वरान्त,no,जा,ग,finite,prescont,वर्तमान निरन्तर,present continuous,ta,2nd person · low grade,no,तँ,nominative,no,जाँदैछस्,जाँ दै छ स्,stem:जा + link:ँ + end:दै + aux:छस्,empty-base > concatenate > concatenate > concatenate
जानु,to go,V,स्वरान्त,no,जा,ग,finite,prescont,वर्तमान निरन्तर,present continuous,timi,2nd person · mid grade,no,तिमी(हरू),nominative,no,जाँदैछौ,जाँ दै छौ,stem:जा + link:ँ + end:दै + aux:छौ,empty-base > concatenate > concatenate > concatenate
जानु,to go,V,स्वरान्त,no,जा,ग,finite,prescont,वर्तमान निरन्तर,present continuous,tapai,2nd person · high grade,yes,तपाईं(हरू),nominative,no,जाँदै हुनुहुन्छ,जाँ दै   हु नु हु न्छ,stem:जा + link:ँ + end:दै + aux: हुनुहुन्छ,empty-base > concatenate > concatenate > concatenate
जानु,to go,V,स्वरान्त,no,जा,ग,finite,prescont,वर्तमान निरन्तर,present continuous,u,3rd person · low grade,no,ऊ / त्यो,nominative,no,जाँदैछ,जाँ दै छ,stem:जा + link:ँ + end:दै + aux:छ,empty-base > concatenate > concatenate > concatenate
जानु,to go,V,स्वरान्त,no,जा,ग,finite,prescont,वर्तमान निरन्तर,present continuous,uni,3rd person · mid grade,no,उनी / उनीहरू,nominative,no,जाँदैछन्,जाँ दै छ न्,stem:जा + link:ँ + end:दै + aux:छन्,empty-base > concatenate > concatenate > concatenate
जानु,to go,V,स्वरान्त,no,जा,ग,finite,prescont,वर्तमान निरन्तर,present continuous,uha,3rd person · high grade,yes,उहाँ / वहाँ,nominative,no,जाँदै हुनुहुन्छ,जाँ दै   हु नु हु न्छ,stem:जा + link:ँ + end:दै + aux: हुनुहुन्छ,empty-base > concatenate > concatenate > concatenate
जानु,to go,V,स्वरान्त,no,जा,ग,finite,presperf,वर्तमान पूर्ण,present perfect,ma,1st person · singular,no,म,nominative,no,गएको छु,ग ए को   छु,stem:ग + end:एको + aux: छु,empty-base > concatenate > concatenate
जानु,to go,V,स्वरान्त,no,जा,ग,finite,presperf,वर्तमान पूर्ण,present perfect,hami,1st person · plural,no,हामी(हरू),nominative,no,गएका छौँ,ग ए का   छौँ,stem:ग + end:एका + aux: छौँ,empty-base > concatenate > concatenate
जानु,to go,V,स्वरान्त,no,जा,ग,finite,presperf,वर्तमान पूर्ण,present perfect,ta,2nd person · low grade,no,तँ,nominative,no,गएको छस्,ग ए को   छ स्,stem:ग + end:एको + aux: छस्,empty-base > concatenate > concatenate
जानु,to go,V,स्वरान्त,no,जा,ग,finite,presperf,वर्तमान पूर्ण,present perfect,timi,2nd person · mid grade,no,तिमी(हरू),nominative,no,गएको छौ,ग ए को   छौ,stem:ग + end:एको + aux: छौ,empty-base > concatenate > concatenate
जानु,to go,V,स्वरान्त,no,जा,ग,finite,presperf,वर्तमान पूर्ण,present perfect,tapai,2nd person · high grade,yes,तपाईं(हरू),nominative,no,जानुभएको छ,जा नु भ ए को   छ,stem:जानु + aux:भएको छ,empty-base > concatenate
जानु,to go,V,स्वरान्त,no,जा,ग,finite,presperf,वर्तमान पूर्ण,present perfect,u,3rd person · low grade,no,ऊ / त्यो,nominative,no,गएको छ,ग ए को   छ,stem:ग + end:एको + aux: छ,empty-base > concatenate > concatenate
जानु,to go,V,स्वरान्त,no,जा,ग,finite,presperf,वर्तमान पूर्ण,present perfect,uni,3rd person · mid grade,no,उनी / उनीहरू,nominative,no,गएका छन्,ग ए का   छ न्,stem:ग + end:एका + aux: छन्,empty-base > concatenate > concatenate
जानु,to go,V,स्वरान्त,no,जा,ग,finite,presperf,वर्तमान पूर्ण,present perfect,uha,3rd person · high grade,yes,उहाँ / वहाँ,nominative,no,जानुभएको छ,जा नु भ ए को   छ,stem:जानु + aux:भएको छ,empty-base > concatenate
जानु,to go,V,स्वरान्त,no,जा,ग,finite,past,सामान्य भूत,simple past,ma,1st person · singular,no,म,nominative,no,गएँ,ग एँ,stem:ग + end:एँ,empty-base > concatenate
जानु,to go,V,स्वरान्त,no,जा,ग,finite,past,सामान्य भूत,simple past,hami,1st person · plural,no,हामी(हरू),nominative,no,गयौँ,ग यौँ,stem:ग + end:यौँ,empty-base > concatenate
जानु,to go,V,स्वरान्त,no,जा,ग,finite,past,सामान्य भूत,simple past,ta,2nd person · low grade,no,तँ,nominative,no,गइस्,ग इ स्,stem:ग + end:इस्,empty-base > concatenate
जानु,to go,V,स्वरान्त,no,जा,ग,finite,past,सामान्य भूत,simple past,timi,2nd person · mid grade,no,तिमी(हरू),nominative,no,गयौ,ग यौ,stem:ग + end:यौ,empty-base > concatenate
जानु,to go,V,स्वरान्त,no,जा,ग,finite,past,सामान्य भूत,simple past,tapai,2nd person · high grade,yes,तपाईं(हरू),nominative,no,जानुभयो,जा नु भ यो,stem:जानु + aux:भयो,empty-base > concatenate
जानु,to go,V,स्वरान्त,no,जा,ग,finite,past,सामान्य भूत,simple past,u,3rd person · low grade,no,ऊ / त्यो,nominative,no,गयो,ग यो,stem:ग + end:यो,empty-base > concatenate
जानु,to go,V,स्वरान्त,no,जा,ग,finite,past,सामान्य भूत,simple past,uni,3rd person · mid grade,no,उनी / उनीहरू,nominative,no,गए,ग ए,stem:ग + end:ए,empty-base > concatenate
जानु,to go,V,स्वरान्त,no,जा,ग,finite,past,सामान्य भूत,simple past,uha,3rd person · high grade,yes,उहाँ / वहाँ,nominative,no,जानुभयो,जा नु भ यो,stem:जानु + aux:भयो,empty-base > concatenate
जानु,to go,V,स्वरान्त,no,जा,ग,finite,habpast,अभ्यस्त भूत,habitual past,ma,1st person · singular,no,म,nominative,no,जान्थेँ,जा न्थेँ,stem:जा + link:न् + end:थेँ,empty-base > concatenate > concatenate
जानु,to go,V,स्वरान्त,no,जा,ग,finite,habpast,अभ्यस्त भूत,habitual past,hami,1st person · plural,no,हामी(हरू),nominative,no,जान्थ्यौँ,जा न्थ्यौँ,stem:जा + link:न् + end:थ्यौँ,empty-base > concatenate > concatenate
जानु,to go,V,स्वरान्त,no,जा,ग,finite,habpast,अभ्यस्त भूत,habitual past,ta,2nd person · low grade,no,तँ,nominative,no,जान्थिस्,जा न्थि स्,stem:जा + link:न् + end:थिस्,empty-base > concatenate > concatenate
जानु,to go,V,स्वरान्त,no,जा,ग,finite,habpast,अभ्यस्त भूत,habitual past,timi,2nd person · mid grade,no,तिमी(हरू),nominative,no,जान्थ्यौ,जा न्थ्यौ,stem:जा + link:न् + end:थ्यौ,empty-base > concatenate > concatenate
जानु,to go,V,स्वरान्त,no,जा,ग,finite,habpast,अभ्यस्त भूत,habitual past,tapai,2nd person · high grade,yes,तपाईं(हरू),nominative,no,जानुहुन्थ्यो,जा नु हु न्थ्यो,stem:जानु + aux:हुन्थ्यो,empty-base > concatenate
जानु,to go,V,स्वरान्त,no,जा,ग,finite,habpast,अभ्यस्त भूत,habitual past,u,3rd person · low grade,no,ऊ / त्यो,nominative,no,जान्थ्यो,जा न्थ्यो,stem:जा + link:न् + end:थ्यो,empty-base > concatenate > concatenate
जानु,to go,V,स्वरान्त,no,जा,ग,finite,habpast,अभ्यस्त भूत,habitual past,uni,3rd person · mid grade,no,उनी / उनीहरू,nominative,no,जान्थे,जा न्थे,stem:जा + link:न् + end:थे,empty-base > concatenate > concatenate
जानु,to go,V,स्वरान्त,no,जा,ग,finite,habpast,अभ्यस्त भूत,habitual past,uha,3rd person · high grade,yes,उहाँ / वहाँ,nominative,no,जानुहुन्थ्यो,जा नु हु न्थ्यो,stem:जानु + aux:हुन्थ्यो,empty-base > concatenate
जानु,to go,V,स्वरान्त,no,जा,ग,finite,pastcont,भूत निरन्तर,past continuous,ma,1st person · singular,no,म,nominative,no,जाँदै थिएँ,जाँ दै   थि एँ,stem:जा + link:ँ + end:दै + aux: थिएँ,empty-base > concatenate > concatenate > concatenate
जानु,to go,V,स्वरान्त,no,जा,ग,finite,pastcont,भूत निरन्तर,past continuous,hami,1st person · plural,no,हामी(हरू),nominative,no,जाँदै थियौँ,जाँ दै   थि यौँ,stem:जा + link:ँ + end:दै + aux: थियौँ,empty-base > concatenate > concatenate > concatenate
जानु,to go,V,स्वरान्त,no,जा,ग,finite,pastcont,भूत निरन्तर,past continuous,ta,2nd person · low grade,no,तँ,nominative,no,जाँदै थिइस्,जाँ दै   थि इ स्,stem:जा + link:ँ + end:दै + aux: थिइस्,empty-base > concatenate > concatenate > concatenate
जानु,to go,V,स्वरान्त,no,जा,ग,finite,pastcont,भूत निरन्तर,past continuous,timi,2nd person · mid grade,no,तिमी(हरू),nominative,no,जाँदै थियौ,जाँ दै   थि यौ,stem:जा + link:ँ + end:दै + aux: थियौ,empty-base > concatenate > concatenate > concatenate
जानु,to go,V,स्वरान्त,no,जा,ग,finite,pastcont,भूत निरन्तर,past continuous,tapai,2nd person · high grade,yes,तपाईं(हरू),nominative,no,जाँदै हुनुहुन्थ्यो,जाँ दै   हु नु हु न्थ्यो,stem:जा + link:ँ + end:दै + aux: हुनुहुन्थ्यो,empty-base > concatenate > concatenate > concatenate
जानु,to go,V,स्वरान्त,no,जा,ग,finite,pastcont,भूत निरन्तर,past continuous,u,3rd person · low grade,no,ऊ / त्यो,nominative,no,जाँदै थियो,जाँ दै   थि यो,stem:जा + link:ँ + end:दै + aux: थियो,empty-base > concatenate > concatenate > concatenate
जानु,to go,V,स्वरान्त,no,जा,ग,finite,pastcont,भूत निरन्तर,past continuous,uni,3rd person · mid grade,no,उनी / उनीहरू,nominative,no,जाँदै थिए,जाँ दै   थि ए,stem:जा + link:ँ + end:दै + aux: थिए,empty-base > concatenate > concatenate > concatenate
जानु,to go,V,स्वरान्त,no,जा,ग,finite,pastcont,भूत निरन्तर,past continuous,uha,3rd person · high grade,yes,उहाँ / वहाँ,nominative,no,जाँदै हुनुहुन्थ्यो,जाँ दै   हु नु हु न्थ्यो,stem:जा + link:ँ + end:दै + aux: हुनुहुन्थ्यो,empty-base > concatenate > concatenate > concatenate
जानु,to go,V,स्वरान्त,no,जा,ग,finite,pastperf,भूत पूर्ण,past perfect,ma,1st person · singular,no,म,nominative,no,गएको थिएँ,ग ए को   थि एँ,stem:ग + end:एको + aux: थिएँ,empty-base > concatenate > concatenate
जानु,to go,V,स्वरान्त,no,जा,ग,finite,pastperf,भूत पूर्ण,past perfect,hami,1st person · plural,no,हामी(हरू),nominative,no,गएका थियौँ,ग ए का   थि यौँ,stem:ग + end:एका + aux: थियौँ,empty-base > concatenate > concatenate
जानु,to go,V,स्वरान्त,no,जा,ग,finite,pastperf,भूत पूर्ण,past perfect,ta,2nd person · low grade,no,तँ,nominative,no,गएको थिइस्,ग ए को   थि इ स्,stem:ग + end:एको + aux: थिइस्,empty-base > concatenate > concatenate
जानु,to go,V,स्वरान्त,no,जा,ग,finite,pastperf,भूत पूर्ण,past perfect,timi,2nd person · mid grade,no,तिमी(हरू),nominative,no,गएको थियौ,ग ए को   थि यौ,stem:ग + end:एको + aux: थियौ,empty-base > concatenate > concatenate
जानु,to go,V,स्वरान्त,no,जा,ग,finite,pastperf,भूत पूर्ण,past perfect,tapai,2nd person · high grade,yes,तपाईं(हरू),nominative,no,जानुभएको थियो,जा नु भ ए को   थि यो,stem:जानु + aux:भएको थियो,empty-base > concatenate
जानु,to go,V,स्वरान्त,no,जा,ग,finite,pastperf,भूत पूर्ण,past perfect,u,3rd person · low grade,no,ऊ / त्यो,nominative,no,गएको थियो,ग ए को   थि यो,stem:ग + end:एको + aux: थियो,empty-base > concatenate > concatenate
जानु,to go,V,स्वरान्त,no,जा,ग,finite,pastperf,भूत पूर्ण,past perfect,uni,3rd person · mid grade,no,उनी / उनीहरू,nominative,no,गएका थिए,ग ए का   थि ए,stem:ग + end:एका + aux: थिए,empty-base > concatenate > concatenate
जानु,to go,V,स्वरान्त,no,जा,ग,finite,pastperf,भूत पूर्ण,past perfect,uha,3rd person · high grade,yes,उहाँ / वहाँ,nominative,no,जानुभएको थियो,जा नु भ ए को   थि यो,stem:जानु + aux:भएको थियो,empty-base > concatenate
जानु,to go,V,स्वरान्त,no,जा,ग,finite,future,सामान्य भविष्यत्,simple future,ma,1st person · singular,no,म,nominative,no,जानेछु,जा ने छु,stem:जा + end:ने + end:छु,empty-base > concatenate > concatenate
जानु,to go,V,स्वरान्त,no,जा,ग,finite,future,सामान्य भविष्यत्,simple future,hami,1st person · plural,no,हामी(हरू),nominative,no,जानेछौँ,जा ने छौँ,stem:जा + end:ने + end:छौँ,empty-base > concatenate > concatenate
जानु,to go,V,स्वरान्त,no,जा,ग,finite,future,सामान्य भविष्यत्,simple future,ta,2nd person · low grade,no,तँ,nominative,no,जानेछस्,जा ने छ स्,stem:जा + end:ने + end:छस्,empty-base > concatenate > concatenate
जानु,to go,V,स्वरान्त,no,जा,ग,finite,future,सामान्य भविष्यत्,simple future,timi,2nd person · mid grade,no,तिमी(हरू),nominative,no,जानेछौ,जा ने छौ,stem:जा + end:ने + end:छौ,empty-base > concatenate > concatenate
जानु,to go,V,स्वरान्त,no,जा,ग,finite,future,सामान्य भविष्यत्,simple future,tapai,2nd person · high grade,yes,तपाईं(हरू),nominative,no,जानुहुनेछ,जा नु हु ने छ,stem:जानु + aux:हुनेछ,empty-base > concatenate
जानु,to go,V,स्वरान्त,no,जा,ग,finite,future,सामान्य भविष्यत्,simple future,u,3rd person · low grade,no,ऊ / त्यो,nominative,no,जानेछ,जा ने छ,stem:जा + end:ने + end:छ,empty-base > concatenate > concatenate
जानु,to go,V,स्वरान्त,no,जा,ग,finite,future,सामान्य भविष्यत्,simple future,uni,3rd person · mid grade,no,उनी / उनीहरू,nominative,no,जानेछन्,जा ने छ न्,stem:जा + end:ने + end:छन्,empty-base > concatenate > concatenate
जानु,to go,V,स्वरान्त,no,जा,ग,finite,future,सामान्य भविष्यत्,simple future,uha,3rd person · high grade,yes,उहाँ / वहाँ,nominative,no,जानुहुनेछ,जा नु हु ने छ,stem:जानु + aux:हुनेछ,empty-base > concatenate
जानु,to go,V,स्वरान्त,no,जा,ग,finite,prob,सम्भावना,probable,ma,1st person · singular,no,म,nominative,yes,जाउँला,जा उँ ला,stem:जा + end:उँला,empty-base > hiatus
जानु,to go,V,स्वरान्त,no,जा,ग,finite,prob,सम्भावना,probable,hami,1st person · plural,no,हामी(हरू),nominative,yes,जाऔँला,जा औँ ला,stem:जा + end:औँला,empty-base > hiatus
जानु,to go,V,स्वरान्त,no,जा,ग,finite,prob,सम्भावना,probable,ta,2nd person · low grade,no,तँ,nominative,yes,जालास्,जा ला स्,stem:जा + end:लास्,empty-base > concatenate
जानु,to go,V,स्वरान्त,no,जा,ग,finite,prob,सम्भावना,probable,timi,2nd person · mid grade,no,तिमी(हरू),nominative,yes,जाऔला,जा औ ला,stem:जा + end:औला,empty-base > hiatus
जानु,to go,V,स्वरान्त,no,जा,ग,finite,prob,सम्भावना,probable,tapai,2nd person · high grade,yes,तपाईं(हरू),nominative,yes,जानुहोला,जा नु हो ला,stem:जानु + aux:होला,empty-base > concatenate
जानु,to go,V,स्वरान्त,no,जा,ग,finite,prob,सम्भावना,probable,u,3rd person · low grade,no,ऊ / त्यो,nominative,yes,जाला,जा ला,stem:जा + end:ला,empty-base > concatenate
जानु,to go,V,स्वरान्त,no,जा,ग,finite,prob,सम्भावना,probable,uni,3rd person · mid grade,no,उनी / उनीहरू,nominative,yes,जालान्,जा ला न्,stem:जा + end:लान्,empty-base > concatenate
जानु,to go,V,स्वरान्त,no,जा,ग,finite,prob,सम्भावना,probable,uha,3rd person · high grade,yes,उहाँ / वहाँ,nominative,yes,जानुहोला,जा नु हो ला,stem:जानु + aux:होला,empty-base > concatenate
जानु,to go,V,स्वरान्त,no,जा,ग,finite,imp,आज्ञा र इच्छा,imperative & optative,ma,1st person · singular,no,म,nominative,no,जाऊँ,जा ऊँ,stem:जा + end:ऊँ,empty-base > hiatus
जानु,to go,V,स्वरान्त,no,जा,ग,finite,imp,आज्ञा र इच्छा,imperative & optative,hami,1st person · plural,no,हामी(हरू),nominative,no,जाऔँ,जा औँ,stem:जा + end:औँ,empty-base > hiatus
जानु,to go,V,स्वरान्त,no,जा,ग,finite,imp,आज्ञा र इच्छा,imperative & optative,ta,2nd person · low grade,no,तँ,nominative,no,जा,जा,stem:जा,empty-base
जानु,to go,V,स्वरान्त,no,जा,ग,finite,imp,आज्ञा र इच्छा,imperative & optative,timi,2nd person · mid grade,no,तिमी(हरू),nominative,no,जाऊ,जा ऊ,stem:जा + end:ऊ,empty-base > hiatus
जानु,to go,V,स्वरान्त,no,जा,ग,finite,imp,आज्ञा र इच्छा,imperative & optative,tapai,2nd person · high grade,yes,तपाईं(हरू),nominative,no,जानुहोस्,जा नु हो स्,stem:जानु + aux:होस्,empty-base > concatenate
जानु,to go,V,स्वरान्त,no,जा,ग,finite,imp,आज्ञा र इच्छा,imperative & optative,u,3rd person · low grade,no,ऊ / त्यो,nominative,no,जाओस्,जा ओ स्,stem:जा + end:ओस्,empty-base > hiatus
जानु,to go,V,स्वरान्त,no,जा,ग,finite,imp,आज्ञा र इच्छा,imperative & optative,uni,3rd person · mid grade,no,उनी / उनीहरू,nominative,no,जाऊन्,जा ऊ न्,stem:जा + end:ऊन्,empty-base > hiatus
जानु,to go,V,स्वरान्त,no,जा,ग,finite,imp,आज्ञा र इच्छा,imperative & optative,uha,3rd person · high grade,yes,उहाँ / वहाँ,nominative,no,जानुहोस्,जा नु हो स्,stem:जानु + aux:होस्,empty-base > concatenate
जानु,to go,V,स्वरान्त,no,जा,ग,non-finite,क्रियार्थक नाम,,dictionary form,,,,,,,जानु,जा नु,,
जानु,to go,V,स्वरान्त,no,जा,ग,non-finite,उद्देश्यवाचक,,in order to …,,,,,,,जान,जा न,,
जानु,to go,V,स्वरान्त,no,जा,ग,non-finite,भविष्यवाचक,,the one that will …,,,,,,,जाने,जा ने,,
जानु,to go,V,स्वरान्त,no,जा,ग,non-finite,पूर्णकालिक,,having …-ed,,,,,,,गएको,ग ए को,,
जानु,to go,V,स्वरान्त,no,जा,ग,non-finite,पूर्वकालिक,,"…-ing, then",,,,,,,गएर,ग ए र,,
जानु,to go,V,स्वरान्त,no,जा,ग,non-finite,क्रियाविशेषण,,by …-ing,,,,,,,गई,ग ई,,
जानु,to go,V,स्वरान्त,no,जा,ग,non-finite,अपूर्णकालिक,,while …-ing,,,,,,,जाँदै,जाँ दै,,
जानु,to go,V,स्वरान्त,no,जा,ग,non-finite,समयवाचक,,when …-ing,,,,,,,जाँदा,जाँ दा,,
जानु,to go,V,स्वरान्त,no,जा,ग,non-finite,सर्तवाचक,,if …,,,,,,,गए भने,ग ए   भ ने,,
जानु,to go,V,स्वरान्त,no,जा,ग,infinitive,,,,,,,,,,जानु,जा नु,,
दिनु,to give,V,स्वरान्त,yes,दि,दि,finite,habpres,अभ्यस्त वर्तमान,habitual present,ma,1st person · singular,no,म,nominative,no,दिन्छु,दि न्छु,stem:दि + link:न् + end:छु,empty-base > concatenate > concatenate
दिनु,to give,V,स्वरान्त,yes,दि,दि,finite,habpres,अभ्यस्त वर्तमान,habitual present,hami,1st person · plural,no,हामी(हरू),nominative,no,दिन्छौँ,दि न्छौँ,stem:दि + link:न् + end:छौँ,empty-base > concatenate > concatenate
दिनु,to give,V,स्वरान्त,yes,दि,दि,finite,habpres,अभ्यस्त वर्तमान,habitual present,ta,2nd person · low grade,no,तँ,nominative,no,दिन्छस्,दि न्छ स्,stem:दि + link:न् + end:छस्,empty-base > concatenate > concatenate
दिनु,to give,V,स्वरान्त,yes,दि,दि,finite,habpres,अभ्यस्त वर्तमान,habitual present,timi,2nd person · mid grade,no,तिमी(हरू),nominative,no,दिन्छौ,दि न्छौ,stem:दि + link:न् + end:छौ,empty-base > concatenate > concatenate
दिनु,to give,V,स्वरान्त,yes,दि,दि,finite,habpres,अभ्यस्त वर्तमान,habitual present,tapai,2nd person · high grade,yes,तपाईं(हरू),nominative,no,दिनुहुन्छ,दि नु हु न्छ,stem:दिनु + aux:हुन्छ,empty-base > concatenate
दिनु,to give,V,स्वरान्त,yes,दि,दि,finite,habpres,अभ्यस्त वर्तमान,habitual present,u,3rd person · low grade,no,ऊ / त्यो,nominative,no,दिन्छ,दि न्छ,stem:दि + link:न् + end:छ,empty-base > concatenate > concatenate
दिनु,to give,V,स्वरान्त,yes,दि,दि,finite,habpres,अभ्यस्त वर्तमान,habitual present,uni,3rd person · mid grade,no,उनी / उनीहरू,nominative,no,दिन्छन्,दि न्छ न्,stem:दि + link:न् + end:छन्,empty-base > concatenate > concatenate
दिनु,to give,V,स्वरान्त,yes,दि,दि,finite,habpres,अभ्यस्त वर्तमान,habitual present,uha,3rd person · high grade,yes,उहाँ / वहाँ,nominative,no,दिनुहुन्छ,दि नु हु न्छ,stem:दिनु + aux:हुन्छ,empty-base > concatenate
दिनु,to give,V,स्वरान्त,yes,दि,दि,finite,prescont,वर्तमान निरन्तर,present continuous,ma,1st person · singular,no,म,nominative,no,दिँदैछु,दिँ दै छु,stem:दि + link:ँ + end:दै + aux:छु,empty-base > concatenate > concatenate > concatenate
दिनु,to give,V,स्वरान्त,yes,दि,दि,finite,prescont,वर्तमान निरन्तर,present continuous,hami,1st person · plural,no,हामी(हरू),nominative,no,दिँदैछौँ,दिँ दै छौँ,stem:दि + link:ँ + end:दै + aux:छौँ,empty-base > concatenate > concatenate > concatenate
दिनु,to give,V,स्वरान्त,yes,दि,दि,finite,prescont,वर्तमान निरन्तर,present continuous,ta,2nd person · low grade,no,तँ,nominative,no,दिँदैछस्,दिँ दै छ स्,stem:दि + link:ँ + end:दै + aux:छस्,empty-base > concatenate > concatenate > concatenate
दिनु,to give,V,स्वरान्त,yes,दि,दि,finite,prescont,वर्तमान निरन्तर,present continuous,timi,2nd person · mid grade,no,तिमी(हरू),nominative,no,दिँदैछौ,दिँ दै छौ,stem:दि + link:ँ + end:दै + aux:छौ,empty-base > concatenate > concatenate > concatenate
दिनु,to give,V,स्वरान्त,yes,दि,दि,finite,prescont,वर्तमान निरन्तर,present continuous,tapai,2nd person · high grade,yes,तपाईं(हरू),nominative,no,दिँदै हुनुहुन्छ,दिँ दै   हु नु हु न्छ,stem:दि + link:ँ + end:दै + aux: हुनुहुन्छ,empty-base > concatenate > concatenate > concatenate
दिनु,to give,V,स्वरान्त,yes,दि,दि,finite,prescont,वर्तमान निरन्तर,present continuous,u,3rd person · low grade,no,ऊ / त्यो,nominative,no,दिँदैछ,दिँ दै छ,stem:दि + link:ँ + end:दै + aux:छ,empty-base > concatenate > concatenate > concatenate
दिनु,to give,V,स्वरान्त,yes,दि,दि,finite,prescont,वर्तमान निरन्तर,present continuous,uni,3rd person · mid grade,no,उनी / उनीहरू,nominative,no,दिँदैछन्,दिँ दै छ न्,stem:दि + link:ँ + end:दै + aux:छन्,empty-base > concatenate > concatenate > concatenate
दिनु,to give,V,स्वरान्त,yes,दि,दि,finite,prescont,वर्तमान निरन्तर,present continuous,uha,3rd person · high grade,yes,उहाँ / वहाँ,nominative,no,दिँदै हुनुहुन्छ,दिँ दै   हु नु हु न्छ,stem:दि + link:ँ + end:दै + aux: हुनुहुन्छ,empty-base > concatenate > concatenate > concatenate
दिनु,to give,V,स्वरान्त,yes,दि,दि,finite,presperf,वर्तमान पूर्ण,present perfect,ma,1st person · singular,no,मैले,ergative -ले,no,दिएको छु,दि ए को   छु,stem:दि + end:एको + aux: छु,empty-base > hiatus > concatenate
दिनु,to give,V,स्वरान्त,yes,दि,दि,finite,presperf,वर्तमान पूर्ण,present perfect,hami,1st person · plural,no,हामी(हरू)ले,ergative -ले,no,दिएका छौँ,दि ए का   छौँ,stem:दि + end:एका + aux: छौँ,empty-base > hiatus > concatenate
दिनु,to give,V,स्वरान्त,yes,दि,दि,finite,presperf,वर्तमान पूर्ण,present perfect,ta,2nd person · low grade,no,तैंले,ergative -ले,no,दिएको छस्,दि ए को   छ स्,stem:दि + end:एको + aux: छस्,empty-base > hiatus > concatenate
दिनु,to give,V,स्वरान्त,yes,दि,दि,finite,presperf,वर्तमान पूर्ण,present perfect,timi,2nd person · mid grade,no,तिमी(हरू)ले,ergative -ले,no,दिएको छौ,दि ए को   छौ,stem:दि + end:एको + aux: छौ,empty-base > hiatus > concatenate
दिनु,to give,V,स्वरान्त,yes,दि,दि,finite,presperf,वर्तमान पूर्ण,present perfect,tapai,2nd person · high grade,yes,तपाईं(हरू)ले,ergative -ले,no,दिनुभएको छ,दि नु भ ए को   छ,stem:दिनु + aux:भएको छ,empty-base > concatenate
दिनु,to give,V,स्वरान्त,yes,दि,दि,finite,presperf,वर्तमान पूर्ण,present perfect,u,3rd person · low grade,no,उसले / त्यसले,ergative -ले,no,दिएको छ,दि ए को   छ,stem:दि + end:एको + aux: छ,empty-base > hiatus > concatenate
दिनु,to give,V,स्वरान्त,yes,दि,दि,finite,presperf,वर्तमान पूर्ण,present perfect,uni,3rd person · mid grade,no,उनले / उनीहरूले,ergative -ले,no,दिएका छन्,दि ए का   छ न्,stem:दि + end:एका + aux: छन्,empty-base > hiatus > concatenate
दिनु,to give,V,स्वरान्त,yes,दि,दि,finite,presperf,वर्तमान पूर्ण,present perfect,uha,3rd person · high grade,yes,उहाँले,ergative -ले,no,दिनुभएको छ,दि नु भ ए को   छ,stem:दिनु + aux:भएको छ,empty-base > concatenate
दिनु,to give,V,स्वरान्त,yes,दि,दि,finite,past,सामान्य भूत,simple past,ma,1st person · singular,no,मैले,ergative -ले,no,दिएँ,दि एँ,stem:दि + end:एँ,empty-base > hiatus
दिनु,to give,V,स्वरान्त,yes,दि,दि,finite,past,सामान्य भूत,simple past,hami,1st person · plural,no,हामी(हरू)ले,ergative -ले,no,दियौँ,दि यौँ,stem:दि + end:यौँ,empty-base > concatenate
दिनु,to give,V,स्वरान्त,yes,दि,दि,finite,past,सामान्य भूत,simple past,ta,2nd person · low grade,no,तैंले,ergative -ले,no,दिइस्,दि इ स्,stem:दि + end:इस्,empty-base > hiatus
दिनु,to give,V,स्वरान्त,yes,दि,दि,finite,past,सामान्य भूत,simple past,timi,2nd person · mid grade,no,तिमी(हरू)ले,ergative -ले,no,दियौ,दि यौ,stem:दि + end:यौ,empty-base > concatenate
दिनु,to give,V,स्वरान्त,yes,दि,दि,finite,past,सामान्य भूत,simple past,tapai,2nd person · high grade,yes,तपाईं(हरू)ले,ergative -ले,no,दिनुभयो,दि नु भ यो,stem:दिनु + aux:भयो,empty-base > concatenate
दिनु,to give,V,स्वरान्त,yes,दि,दि,finite,past,सामान्य भूत,simple past,u,3rd person · low grade,no,उसले / त्यसले,ergative -ले,no,दियो,दि यो,stem:दि + end:यो,empty-base > concatenate
दिनु,to give,V,स्वरान्त,yes,दि,दि,finite,past,सामान्य भूत,simple past,uni,3rd person · mid grade,no,उनले / उनीहरूले,ergative -ले,no,दिए,दि ए,stem:दि + end:ए,empty-base > hiatus
दिनु,to give,V,स्वरान्त,yes,दि,दि,finite,past,सामान्य भूत,simple past,uha,3rd person · high grade,yes,उहाँले,ergative -ले,no,दिनुभयो,दि नु भ यो,stem:दिनु + aux:भयो,empty-base > concatenate
दिनु,to give,V,स्वरान्त,yes,दि,दि,finite,habpast,अभ्यस्त भूत,habitual past,ma,1st person · singular,no,म,nominative,no,दिन्थेँ,दि न्थेँ,stem:दि + link:न् + end:थेँ,empty-base > concatenate > concatenate
दिनु,to give,V,स्वरान्त,yes,दि,दि,finite,habpast,अभ्यस्त भूत,habitual past,hami,1st person · plural,no,हामी(हरू),nominative,no,दिन्थ्यौँ,दि न्थ्यौँ,stem:दि + link:न् + end:थ्यौँ,empty-base > concatenate > concatenate
दिनु,to give,V,स्वरान्त,yes,दि,दि,finite,habpast,अभ्यस्त भूत,habitual past,ta,2nd person · low grade,no,तँ,nominative,no,दिन्थिस्,दि न्थि स्,stem:दि + link:न् + end:थिस्,empty-base > concatenate > concatenate
दिनु,to give,V,स्वरान्त,yes,दि,दि,finite,habpast,अभ्यस्त भूत,habitual past,timi,2nd person · mid grade,no,तिमी(हरू),nominative,no,दिन्थ्यौ,दि न्थ्यौ,stem:दि + link:न् + end:थ्यौ,empty-base > concatenate > concatenate
दिनु,to give,V,स्वरान्त,yes,दि,दि,finite,habpast,अभ्यस्त भूत,habitual past,tapai,2nd person · high grade,yes,तपाईं(हरू),nominative,no,दिनुहुन्थ्यो,दि नु हु न्थ्यो,stem:दिनु + aux:हुन्थ्यो,empty-base > concatenate
दिनु,to give,V,स्वरान्त,yes,दि,दि,finite,habpast,अभ्यस्त भूत,habitual past,u,3rd person · low grade,no,ऊ / त्यो,nominative,no,दिन्थ्यो,दि न्थ्यो,stem:दि + link:न् + end:थ्यो,empty-base > concatenate > concatenate
दिनु,to give,V,स्वरान्त,yes,दि,दि,finite,habpast,अभ्यस्त भूत,habitual past,uni,3rd person · mid grade,no,उनी / उनीहरू,nominative,no,दिन्थे,दि न्थे,stem:दि + link:न् + end:थे,empty-base > concatenate > concatenate
दिनु,to give,V,स्वरान्त,yes,दि,दि,finite,habpast,अभ्यस्त भूत,habitual past,uha,3rd person · high grade,yes,उहाँ / वहाँ,nominative,no,दिनुहुन्थ्यो,दि नु हु न्थ्यो,stem:दिनु + aux:हुन्थ्यो,empty-base > concatenate
दिनु,to give,V,स्वरान्त,yes,दि,दि,finite,pastcont,भूत निरन्तर,past continuous,ma,1st person · singular,no,म,nominative,no,दिँदै थिएँ,दिँ दै   थि एँ,stem:दि + link:ँ + end:दै + aux: थिएँ,empty-base > concatenate > concatenate > concatenate
दिनु,to give,V,स्वरान्त,yes,दि,दि,finite,pastcont,भूत निरन्तर,past continuous,hami,1st person · plural,no,हामी(हरू),nominative,no,दिँदै थियौँ,दिँ दै   थि यौँ,stem:दि + link:ँ + end:दै + aux: थियौँ,empty-base > concatenate > concatenate > concatenate
दिनु,to give,V,स्वरान्त,yes,दि,दि,finite,pastcont,भूत निरन्तर,past continuous,ta,2nd person · low grade,no,तँ,nominative,no,दिँदै थिइस्,दिँ दै   थि इ स्,stem:दि + link:ँ + end:दै + aux: थिइस्,empty-base > concatenate > concatenate > concatenate
दिनु,to give,V,स्वरान्त,yes,दि,दि,finite,pastcont,भूत निरन्तर,past continuous,timi,2nd person · mid grade,no,तिमी(हरू),nominative,no,दिँदै थियौ,दिँ दै   थि यौ,stem:दि + link:ँ + end:दै + aux: थियौ,empty-base > concatenate > concatenate > concatenate
दिनु,to give,V,स्वरान्त,yes,दि,दि,finite,pastcont,भूत निरन्तर,past continuous,tapai,2nd person · high grade,yes,तपाईं(हरू),nominative,no,दिँदै हुनुहुन्थ्यो,दिँ दै   हु नु हु न्थ्यो,stem:दि + link:ँ + end:दै + aux: हुनुहुन्थ्यो,empty-base > concatenate > concatenate > concatenate
दिनु,to give,V,स्वरान्त,yes,दि,दि,finite,pastcont,भूत निरन्तर,past continuous,u,3rd person · low grade,no,ऊ / त्यो,nominative,no,दिँदै थियो,दिँ दै   थि यो,stem:दि + link:ँ + end:दै + aux: थियो,empty-base > concatenate > concatenate > concatenate
दिनु,to give,V,स्वरान्त,yes,दि,दि,finite,pastcont,भूत निरन्तर,past continuous,uni,3rd person · mid grade,no,उनी / उनीहरू,nominative,no,दिँदै थिए,दिँ दै   थि ए,stem:दि + link:ँ + end:दै + aux: थिए,empty-base > concatenate > concatenate > concatenate
दिनु,to give,V,स्वरान्त,yes,दि,दि,finite,pastcont,भूत निरन्तर,past continuous,uha,3rd person · high grade,yes,उहाँ / वहाँ,nominative,no,दिँदै हुनुहुन्थ्यो,दिँ दै   हु नु हु न्थ्यो,stem:दि + link:ँ + end:दै + aux: हुनुहुन्थ्यो,empty-base > concatenate > concatenate > concatenate
दिनु,to give,V,स्वरान्त,yes,दि,दि,finite,pastperf,भूत पूर्ण,past perfect,ma,1st person · singular,no,मैले,ergative -ले,no,दिएको थिएँ,दि ए को   थि एँ,stem:दि + end:एको + aux: थिएँ,empty-base > hiatus > concatenate
दिनु,to give,V,स्वरान्त,yes,दि,दि,finite,pastperf,भूत पूर्ण,past perfect,hami,1st person · plural,no,हामी(हरू)ले,ergative -ले,no,दिएका थियौँ,दि ए का   थि यौँ,stem:दि + end:एका + aux: थियौँ,empty-base > hiatus > concatenate
दिनु,to give,V,स्वरान्त,yes,दि,दि,finite,pastperf,भूत पूर्ण,past perfect,ta,2nd person · low grade,no,तैंले,ergative -ले,no,दिएको थिइस्,दि ए को   थि इ स्,stem:दि + end:एको + aux: थिइस्,empty-base > hiatus > concatenate
दिनु,to give,V,स्वरान्त,yes,दि,दि,finite,pastperf,भूत पूर्ण,past perfect,timi,2nd person · mid grade,no,तिमी(हरू)ले,ergative -ले,no,दिएको थियौ,दि ए को   थि यौ,stem:दि + end:एको + aux: थियौ,empty-base > hiatus > concatenate
दिनु,to give,V,स्वरान्त,yes,दि,दि,finite,pastperf,भूत पूर्ण,past perfect,tapai,2nd person · high grade,yes,तपाईं(हरू)ले,ergative -ले,no,दिनुभएको थियो,दि नु भ ए को   थि यो,stem:दिनु + aux:भएको थियो,empty-base > concatenate
दिनु,to give,V,स्वरान्त,yes,दि,दि,finite,pastperf,भूत पूर्ण,past perfect,u,3rd person · low grade,no,उसले / त्यसले,ergative -ले,no,दिएको थियो,दि ए को   थि यो,stem:दि + end:एको + aux: थियो,empty-base > hiatus > concatenate
दिनु,to give,V,स्वरान्त,yes,दि,दि,finite,pastperf,भूत पूर्ण,past perfect,uni,3rd person · mid grade,no,उनले / उनीहरूले,ergative -ले,no,दिएका थिए,दि ए का   थि ए,stem:दि + end:एका + aux: थिए,empty-base > hiatus > concatenate
दिनु,to give,V,स्वरान्त,yes,दि,दि,finite,pastperf,भूत पूर्ण,past perfect,uha,3rd person · high grade,yes,उहाँले,ergative -ले,no,दिनुभएको थियो,दि नु भ ए को   थि यो,stem:दिनु + aux:भएको थियो,empty-base > concatenate
दिनु,to give,V,स्वरान्त,yes,दि,दि,finite,future,सामान्य भविष्यत्,simple future,ma,1st person · singular,no,म,nominative,no,दिनेछु,दि ने छु,stem:दि + end:ने + end:छु,empty-base > concatenate > concatenate
दिनु,to give,V,स्वरान्त,yes,दि,दि,finite,future,सामान्य भविष्यत्,simple future,hami,1st person · plural,no,हामी(हरू),nominative,no,दिनेछौँ,दि ने छौँ,stem:दि + end:ने + end:छौँ,empty-base > concatenate > concatenate
दिनु,to give,V,स्वरान्त,yes,दि,दि,finite,future,सामान्य भविष्यत्,simple future,ta,2nd person · low grade,no,तँ,nominative,no,दिनेछस्,दि ने छ स्,stem:दि + end:ने + end:छस्,empty-base > concatenate > concatenate
दिनु,to give,V,स्वरान्त,yes,दि,दि,finite,future,सामान्य भविष्यत्,simple future,timi,2nd person · mid grade,no,तिमी(हरू),nominative,no,दिनेछौ,दि ने छौ,stem:दि + end:ने + end:छौ,empty-base > concatenate > concatenate
दिनु,to give,V,स्वरान्त,yes,दि,दि,finite,future,सामान्य भविष्यत्,simple future,tapai,2nd person · high grade,yes,तपाईं(हरू),nominative,no,दिनुहुनेछ,दि नु हु ने छ,stem:दिनु + aux:हुनेछ,empty-base > concatenate
दिनु,to give,V,स्वरान्त,yes,दि,दि,finite,future,सामान्य भविष्यत्,simple future,u,3rd person · low grade,no,ऊ / त्यो,nominative,no,दिनेछ,दि ने छ,stem:दि + end:ने + end:छ,empty-base > concatenate > concatenate
दिनु,to give,V,स्वरान्त,yes,दि,दि,finite,future,सामान्य भविष्यत्,simple future,uni,3rd person · mid grade,no,उनी / उनीहरू,nominative,no,दिनेछन्,दि ने छ न्,stem:दि + end:ने + end:छन्,empty-base > concatenate > concatenate
दिनु,to give,V,स्वरान्त,yes,दि,दि,finite,future,सामान्य भविष्यत्,simple future,uha,3rd person · high grade,yes,उहाँ / वहाँ,nominative,no,दिनुहुनेछ,दि नु हु ने छ,stem:दिनु + aux:हुनेछ,empty-base > concatenate
दिनु,to give,V,स्वरान्त,yes,दि,दि,finite,prob,सम्भावना,probable,ma,1st person · singular,no,म,nominative,yes,दिउँला,दि उँ ला,stem:दि + end:उँला,empty-base > hiatus
दिनु,to give,V,स्वरान्त,yes,दि,दि,finite,prob,सम्भावना,probable,hami,1st person · plural,no,हामी(हरू),nominative,yes,दिऔँला,दि औँ ला,stem:दि + end:औँला,empty-base > hiatus
दिनु,to give,V,स्वरान्त,yes,दि,दि,finite,prob,सम्भावना,probable,ta,2nd person · low grade,no,तँ,nominative,yes,देलास्,दे ला स्,stem:दे + end:लास्,empty-base > concatenate
दिनु,to give,V,स्वरान्त,yes,दि,दि,finite,prob,सम्भावना,probable,timi,2nd person · mid grade,no,तिमी(हरू),nominative,yes,दिऔला,दि औ ला,stem:दि + end:औला,empty-base > hiatus
दिनु,to give,V,स्वरान्त,yes,दि,दि,finite,prob,सम्भावना,probable,tapai,2nd person · high grade,yes,तपाईं(हरू),nominative,yes,दिनुहोला,दि नु हो ला,stem:दिनु + aux:होला,empty-base > concatenate
दिनु,to give,V,स्वरान्त,yes,दि,दि,finite,prob,सम्भावना,probable,u,3rd person · low grade,no,ऊ / त्यो,nominative,yes,देला,दे ला,stem:दे + end:ला,empty-base > concatenate
दिनु,to give,V,स्वरान्त,yes,दि,दि,finite,prob,सम्भावना,probable,uni,3rd person · mid grade,no,उनी / उनीहरू,nominative,yes,देलान्,दे ला न्,stem:दे + end:लान्,empty-base > concatenate
दिनु,to give,V,स्वरान्त,yes,दि,दि,finite,prob,सम्भावना,probable,uha,3rd person · high grade,yes,उहाँ / वहाँ,nominative,yes,दिनुहोला,दि नु हो ला,stem:दिनु + aux:होला,empty-base > concatenate
दिनु,to give,V,स्वरान्त,yes,दि,दि,finite,imp,आज्ञा र इच्छा,imperative & optative,ma,1st person · singular,no,म,nominative,no,दिऊँ,दि ऊँ,stem:दि + end:ऊँ,empty-base > hiatus
दिनु,to give,V,स्वरान्त,yes,दि,दि,finite,imp,आज्ञा र इच्छा,imperative & optative,hami,1st person · plural,no,हामी(हरू),nominative,no,दिऔँ,दि औँ,stem:दि + end:औँ,empty-base > hiatus
दिनु,to give,V,स्वरान्त,yes,दि,दि,finite,imp,आज्ञा र इच्छा,imperative & optative,ta,2nd person · low grade,no,तँ,nominative,no,दे,दे,stem:दे,empty-base
दिनु,to give,V,स्वरान्त,yes,दि,दि,finite,imp,आज्ञा र इच्छा,imperative & optative,timi,2nd person · mid grade,no,तिमी(हरू),nominative,no,देऊ,दे ऊ,stem:देऊ,empty-base
दिनु,to give,V,स्वरान्त,yes,दि,दि,finite,imp,आज्ञा र इच्छा,imperative & optative,tapai,2nd person · high grade,yes,तपाईं(हरू),nominative,no,दिनुहोस्,दि नु हो स्,stem:दिनु + aux:होस्,empty-base > concatenate
दिनु,to give,V,स्वरान्त,yes,दि,दि,finite,imp,आज्ञा र इच्छा,imperative & optative,u,3rd person · low grade,no,ऊ / त्यो,nominative,no,दिओस्,दि ओ स्,stem:दि + end:ओस्,empty-base > hiatus
दिनु,to give,V,स्वरान्त,yes,दि,दि,finite,imp,आज्ञा र इच्छा,imperative & optative,uni,3rd person · mid grade,no,उनी / उनीहरू,nominative,no,दिऊन्,दि ऊ न्,stem:दि + end:ऊन्,empty-base > hiatus
दिनु,to give,V,स्वरान्त,yes,दि,दि,finite,imp,आज्ञा र इच्छा,imperative & optative,uha,3rd person · high grade,yes,उहाँ / वहाँ,nominative,no,दिनुहोस्,दि नु हो स्,stem:दिनु + aux:होस्,empty-base > concatenate
दिनु,to give,V,स्वरान्त,yes,दि,दि,non-finite,क्रियार्थक नाम,,dictionary form,,,,,,,दिनु,दि नु,,
दिनु,to give,V,स्वरान्त,yes,दि,दि,non-finite,उद्देश्यवाचक,,in order to …,,,,,,,दिन,दि न,,
दिनु,to give,V,स्वरान्त,yes,दि,दि,non-finite,भविष्यवाचक,,the one that will …,,,,,,,दिने,दि ने,,
दिनु,to give,V,स्वरान्त,yes,दि,दि,non-finite,पूर्णकालिक,,having …-ed,,,,,,,दिएको,दि ए को,,
दिनु,to give,V,स्वरान्त,yes,दि,दि,non-finite,पूर्वकालिक,,"…-ing, then",,,,,,,दिएर,दि ए र,,
दिनु,to give,V,स्वरान्त,yes,दि,दि,non-finite,क्रियाविशेषण,,by …-ing,,,,,,,दिई,दि ई,,
दिनु,to give,V,स्वरान्त,yes,दि,दि,non-finite,अपूर्णकालिक,,while …-ing,,,,,,,दिँदै,दिँ दै,,
दिनु,to give,V,स्वरान्त,yes,दि,दि,non-finite,समयवाचक,,when …-ing,,,,,,,दिँदा,दिँ दा,,
दिनु,to give,V,स्वरान्त,yes,दि,दि,non-finite,सर्तवाचक,,if …,,,,,,,दिए भने,दि ए   भ ने,,
दिनु,to give,V,स्वरान्त,yes,दि,दि,infinitive,,,,,,,,,,दिनु,दि नु,,
लिनु,to take,V,स्वरान्त,yes,लि,लि,finite,habpres,अभ्यस्त वर्तमान,habitual present,ma,1st person · singular,no,म,nominative,no,लिन्छु,लि न्छु,stem:लि + link:न् + end:छु,empty-base > concatenate > concatenate
लिनु,to take,V,स्वरान्त,yes,लि,लि,finite,habpres,अभ्यस्त वर्तमान,habitual present,hami,1st person · plural,no,हामी(हरू),nominative,no,लिन्छौँ,लि न्छौँ,stem:लि + link:न् + end:छौँ,empty-base > concatenate > concatenate
लिनु,to take,V,स्वरान्त,yes,लि,लि,finite,habpres,अभ्यस्त वर्तमान,habitual present,ta,2nd person · low grade,no,तँ,nominative,no,लिन्छस्,लि न्छ स्,stem:लि + link:न् + end:छस्,empty-base > concatenate > concatenate
लिनु,to take,V,स्वरान्त,yes,लि,लि,finite,habpres,अभ्यस्त वर्तमान,habitual present,timi,2nd person · mid grade,no,तिमी(हरू),nominative,no,लिन्छौ,लि न्छौ,stem:लि + link:न् + end:छौ,empty-base > concatenate > concatenate
लिनु,to take,V,स्वरान्त,yes,लि,लि,finite,habpres,अभ्यस्त वर्तमान,habitual present,tapai,2nd person · high grade,yes,तपाईं(हरू),nominative,no,लिनुहुन्छ,लि नु हु न्छ,stem:लिनु + aux:हुन्छ,empty-base > concatenate
लिनु,to take,V,स्वरान्त,yes,लि,लि,finite,habpres,अभ्यस्त वर्तमान,habitual present,u,3rd person · low grade,no,ऊ / त्यो,nominative,no,लिन्छ,लि न्छ,stem:लि + link:न् + end:छ,empty-base > concatenate > concatenate
लिनु,to take,V,स्वरान्त,yes,लि,लि,finite,habpres,अभ्यस्त वर्तमान,habitual present,uni,3rd person · mid grade,no,उनी / उनीहरू,nominative,no,लिन्छन्,लि न्छ न्,stem:लि + link:न् + end:छन्,empty-base > concatenate > concatenate
लिनु,to take,V,स्वरान्त,yes,लि,लि,finite,habpres,अभ्यस्त वर्तमान,habitual present,uha,3rd person · high grade,yes,उहाँ / वहाँ,nominative,no,लिनुहुन्छ,लि नु हु न्छ,stem:लिनु + aux:हुन्छ,empty-base > concatenate
लिनु,to take,V,स्वरान्त,yes,लि,लि,finite,prescont,वर्तमान निरन्तर,present continuous,ma,1st person · singular,no,म,nominative,no,लिँदैछु,लिँ दै छु,stem:लि + link:ँ + end:दै + aux:छु,empty-base > concatenate > concatenate > concatenate
लिनु,to take,V,स्वरान्त,yes,लि,लि,finite,prescont,वर्तमान निरन्तर,present continuous,hami,1st person · plural,no,हामी(हरू),nominative,no,लिँदैछौँ,लिँ दै छौँ,stem:लि + link:ँ + end:दै + aux:छौँ,empty-base > concatenate > concatenate > concatenate
लिनु,to take,V,स्वरान्त,yes,लि,लि,finite,prescont,वर्तमान निरन्तर,present continuous,ta,2nd person · low grade,no,तँ,nominative,no,लिँदैछस्,लिँ दै छ स्,stem:लि + link:ँ + end:दै + aux:छस्,empty-base > concatenate > concatenate > concatenate
लिनु,to take,V,स्वरान्त,yes,लि,लि,finite,prescont,वर्तमान निरन्तर,present continuous,timi,2nd person · mid grade,no,तिमी(हरू),nominative,no,लिँदैछौ,लिँ दै छौ,stem:लि + link:ँ + end:दै + aux:छौ,empty-base > concatenate > concatenate > concatenate
लिनु,to take,V,स्वरान्त,yes,लि,लि,finite,prescont,वर्तमान निरन्तर,present continuous,tapai,2nd person · high grade,yes,तपाईं(हरू),nominative,no,लिँदै हुनुहुन्छ,लिँ दै   हु नु हु न्छ,stem:लि + link:ँ + end:दै + aux: हुनुहुन्छ,empty-base > concatenate > concatenate > concatenate
लिनु,to take,V,स्वरान्त,yes,लि,लि,finite,prescont,वर्तमान निरन्तर,present continuous,u,3rd person · low grade,no,ऊ / त्यो,nominative,no,लिँदैछ,लिँ दै छ,stem:लि + link:ँ + end:दै + aux:छ,empty-base > concatenate > concatenate > concatenate
लिनु,to take,V,स्वरान्त,yes,लि,लि,finite,prescont,वर्तमान निरन्तर,present continuous,uni,3rd person · mid grade,no,उनी / उनीहरू,nominative,no,लिँदैछन्,लिँ दै छ न्,stem:लि + link:ँ + end:दै + aux:छन्,empty-base > concatenate > concatenate > concatenate
लिनु,to take,V,स्वरान्त,yes,लि,लि,finite,prescont,वर्तमान निरन्तर,present continuous,uha,3rd person · high grade,yes,उहाँ / वहाँ,nominative,no,लिँदै हुनुहुन्छ,लिँ दै   हु नु हु न्छ,stem:लि + link:ँ + end:दै + aux: हुनुहुन्छ,empty-base > concatenate > concatenate > concatenate
लिनु,to take,V,स्वरान्त,yes,लि,लि,finite,presperf,वर्तमान पूर्ण,present perfect,ma,1st person · singular,no,मैले,ergative -ले,no,लिएको छु,लि ए को   छु,stem:लि + end:एको + aux: छु,empty-base > hiatus > concatenate
लिनु,to take,V,स्वरान्त,yes,लि,लि,finite,presperf,वर्तमान पूर्ण,present perfect,hami,1st person · plural,no,हामी(हरू)ले,ergative -ले,no,लिएका छौँ,लि ए का   छौँ,stem:लि + end:एका + aux: छौँ,empty-base > hiatus > concatenate
लिनु,to take,V,स्वरान्त,yes,लि,लि,finite,presperf,वर्तमान पूर्ण,present perfect,ta,2nd person · low grade,no,तैंले,ergative -ले,no,लिएको छस्,लि ए को   छ स्,stem:लि + end:एको + aux: छस्,empty-base > hiatus > concatenate
लिनु,to take,V,स्वरान्त,yes,लि,लि,finite,presperf,वर्तमान पूर्ण,present perfect,timi,2nd person · mid grade,no,तिमी(हरू)ले,ergative -ले,no,लिएको छौ,लि ए को   छौ,stem:लि + end:एको + aux: छौ,empty-base > hiatus > concatenate
लिनु,to take,V,स्वरान्त,yes,लि,लि,finite,presperf,वर्तमान पूर्ण,present perfect,tapai,2nd person · high grade,yes,तपाईं(हरू)ले,ergative -ले,no,लिनुभएको छ,लि नु भ ए को   छ,stem:लिनु + aux:भएको छ,empty-base > concatenate
लिनु,to take,V,स्वरान्त,yes,लि,लि,finite,presperf,वर्तमान पूर्ण,present perfect,u,3rd person · low grade,no,उसले / त्यसले,ergative -ले,no,लिएको छ,लि ए को   छ,stem:लि + end:एको + aux: छ,empty-base > hiatus > concatenate
लिनु,to take,V,स्वरान्त,yes,लि,लि,finite,presperf,वर्तमान पूर्ण,present perfect,uni,3rd person · mid grade,no,उनले / उनीहरूले,ergative -ले,no,लिएका छन्,लि ए का   छ न्,stem:लि + end:एका + aux: छन्,empty-base > hiatus > concatenate
लिनु,to take,V,स्वरान्त,yes,लि,लि,finite,presperf,वर्तमान पूर्ण,present perfect,uha,3rd person · high grade,yes,उहाँले,ergative -ले,no,लिनुभएको छ,लि नु भ ए को   छ,stem:लिनु + aux:भएको छ,empty-base > concatenate
लिनु,to take,V,स्वरान्त,yes,लि,लि,finite,past,सामान्य भूत,simple past,ma,1st person · singular,no,मैले,ergative -ले,no,लिएँ,लि एँ,stem:लि + end:एँ,empty-base > hiatus
लिनु,to take,V,स्वरान्त,yes,लि,लि,finite,past,सामान्य भूत,simple past,hami,1st person · plural,no,हामी(हरू)ले,ergative -ले,no,लियौँ,लि यौँ,stem:लि + end:यौँ,empty-base > concatenate
लिनु,to take,V,स्वरान्त,yes,लि,लि,finite,past,सामान्य भूत,simple past,ta,2nd person · low grade,no,तैंले,ergative -ले,no,लिइस्,लि इ स्,stem:लि + end:इस्,empty-base > hiatus
लिनु,to take,V,स्वरान्त,yes,लि,लि,finite,past,सामान्य भूत,simple past,timi,2nd person · mid grade,no,तिमी(हरू)ले,ergative -ले,no,लियौ,लि यौ,stem:लि + end:यौ,empty-base > concatenate
लिनु,to take,V,स्वरान्त,yes,लि,लि,finite,past,सामान्य भूत,simple past,tapai,2nd person · high grade,yes,तपाईं(हरू)ले,ergative -ले,no,लिनुभयो,लि नु भ यो,stem:लिनु + aux:भयो,empty-base > concatenate
लिनु,to take,V,स्वरान्त,yes,लि,लि,finite,past,सामान्य भूत,simple past,u,3rd person · low grade,no,उसले / त्यसले,ergative -ले,no,लियो,लि यो,stem:लि + end:यो,empty-base > concatenate
लिनु,to take,V,स्वरान्त,yes,लि,लि,finite,past,सामान्य भूत,simple past,uni,3rd person · mid grade,no,उनले / उनीहरूले,ergative -ले,no,लिए,लि ए,stem:लि + end:ए,empty-base > hiatus
लिनु,to take,V,स्वरान्त,yes,लि,लि,finite,past,सामान्य भूत,simple past,uha,3rd person · high grade,yes,उहाँले,ergative -ले,no,लिनुभयो,लि नु भ यो,stem:लिनु + aux:भयो,empty-base > concatenate
लिनु,to take,V,स्वरान्त,yes,लि,लि,finite,habpast,अभ्यस्त भूत,habitual past,ma,1st person · singular,no,म,nominative,no,लिन्थेँ,लि न्थेँ,stem:लि + link:न् + end:थेँ,empty-base > concatenate > concatenate
लिनु,to take,V,स्वरान्त,yes,लि,लि,finite,habpast,अभ्यस्त भूत,habitual past,hami,1st person · plural,no,हामी(हरू),nominative,no,लिन्थ्यौँ,लि न्थ्यौँ,stem:लि + link:न् + end:थ्यौँ,empty-base > concatenate > concatenate
लिनु,to take,V,स्वरान्त,yes,लि,लि,finite,habpast,अभ्यस्त भूत,habitual past,ta,2nd person · low grade,no,तँ,nominative,no,लिन्थिस्,लि न्थि स्,stem:लि + link:न् + end:थिस्,empty-base > concatenate > concatenate
लिनु,to take,V,स्वरान्त,yes,लि,लि,finite,habpast,अभ्यस्त भूत,habitual past,timi,2nd person · mid grade,no,तिमी(हरू),nominative,no,लिन्थ्यौ,लि न्थ्यौ,stem:लि + link:न् + end:थ्यौ,empty-base > concatenate > concatenate
लिनु,to take,V,स्वरान्त,yes,लि,लि,finite,habpast,अभ्यस्त भूत,habitual past,tapai,2nd person · high grade,yes,तपाईं(हरू),nominative,no,लिनुहुन्थ्यो,लि नु हु न्थ्यो,stem:लिनु + aux:हुन्थ्यो,empty-base > concatenate
लिनु,to take,V,स्वरान्त,yes,लि,लि,finite,habpast,अभ्यस्त भूत,habitual past,u,3rd person · low grade,no,ऊ / त्यो,nominative,no,लिन्थ्यो,लि न्थ्यो,stem:लि + link:न् + end:थ्यो,empty-base > concatenate > concatenate
लिनु,to take,V,स्वरान्त,yes,लि,लि,finite,habpast,अभ्यस्त भूत,habitual past,uni,3rd person · mid grade,no,उनी / उनीहरू,nominative,no,लिन्थे,लि न्थे,stem:लि + link:न् + end:थे,empty-base > concatenate > concatenate
लिनु,to take,V,स्वरान्त,yes,लि,लि,finite,habpast,अभ्यस्त भूत,habitual past,uha,3rd person · high grade,yes,उहाँ / वहाँ,nominative,no,लिनुहुन्थ्यो,लि नु हु न्थ्यो,stem:लिनु + aux:हुन्थ्यो,empty-base > concatenate
लिनु,to take,V,स्वरान्त,yes,लि,लि,finite,pastcont,भूत निरन्तर,past continuous,ma,1st person · singular,no,म,nominative,no,लिँदै थिएँ,लिँ दै   थि एँ,stem:लि + link:ँ + end:दै + aux: थिएँ,empty-base > concatenate > concatenate > concatenate
लिनु,to take,V,स्वरान्त,yes,लि,लि,finite,pastcont,भूत निरन्तर,past continuous,hami,1st person · plural,no,हामी(हरू),nominative,no,लिँदै थियौँ,लिँ दै   थि यौँ,stem:लि + link:ँ + end:दै + aux: थियौँ,empty-base > concatenate > concatenate > concatenate
लिनु,to take,V,स्वरान्त,yes,लि,लि,finite,pastcont,भूत निरन्तर,past continuous,ta,2nd person · low grade,no,तँ,nominative,no,लिँदै थिइस्,लिँ दै   थि इ स्,stem:लि + link:ँ + end:दै + aux: थिइस्,empty-base > concatenate > concatenate > concatenate
लिनु,to take,V,स्वरान्त,yes,लि,लि,finite,pastcont,भूत निरन्तर,past continuous,timi,2nd person · mid grade,no,तिमी(हरू),nominative,no,लिँदै थियौ,लिँ दै   थि यौ,stem:लि + link:ँ + end:दै + aux: थियौ,empty-base > concatenate > concatenate > concatenate
लिनु,to take,V,स्वरान्त,yes,लि,लि,finite,pastcont,भूत निरन्तर,past continuous,tapai,2nd person · high grade,yes,तपाईं(हरू),nominative,no,लिँदै हुनुहुन्थ्यो,लिँ दै   हु नु हु न्थ्यो,stem:लि + link:ँ + end:दै + aux: हुनुहुन्थ्यो,empty-base > concatenate > concatenate > concatenate
लिनु,to take,V,स्वरान्त,yes,लि,लि,finite,pastcont,भूत निरन्तर,past continuous,u,3rd person · low grade,no,ऊ / त्यो,nominative,no,लिँदै थियो,लिँ दै   थि यो,stem:लि + link:ँ + end:दै + aux: थियो,empty-base > concatenate > concatenate > concatenate
लिनु,to take,V,स्वरान्त,yes,लि,लि,finite,pastcont,भूत निरन्तर,past continuous,uni,3rd person · mid grade,no,उनी / उनीहरू,nominative,no,लिँदै थिए,लिँ दै   थि ए,stem:लि + link:ँ + end:दै + aux: थिए,empty-base > concatenate > concatenate > concatenate
लिनु,to take,V,स्वरान्त,yes,लि,लि,finite,pastcont,भूत निरन्तर,past continuous,uha,3rd person · high grade,yes,उहाँ / वहाँ,nominative,no,लिँदै हुनुहुन्थ्यो,लिँ दै   हु नु हु न्थ्यो,stem:लि + link:ँ + end:दै + aux: हुनुहुन्थ्यो,empty-base > concatenate > concatenate > concatenate
लिनु,to take,V,स्वरान्त,yes,लि,लि,finite,pastperf,भूत पूर्ण,past perfect,ma,1st person · singular,no,मैले,ergative -ले,no,लिएको थिएँ,लि ए को   थि एँ,stem:लि + end:एको + aux: थिएँ,empty-base > hiatus > concatenate
लिनु,to take,V,स्वरान्त,yes,लि,लि,finite,pastperf,भूत पूर्ण,past perfect,hami,1st person · plural,no,हामी(हरू)ले,ergative -ले,no,लिएका थियौँ,लि ए का   थि यौँ,stem:लि + end:एका + aux: थियौँ,empty-base > hiatus > concatenate
लिनु,to take,V,स्वरान्त,yes,लि,लि,finite,pastperf,भूत पूर्ण,past perfect,ta,2nd person · low grade,no,तैंले,ergative -ले,no,लिएको थिइस्,लि ए को   थि इ स्,stem:लि + end:एको + aux: थिइस्,empty-base > hiatus > concatenate
लिनु,to take,V,स्वरान्त,yes,लि,लि,finite,pastperf,भूत पूर्ण,past perfect,timi,2nd person · mid grade,no,तिमी(हरू)ले,ergative -ले,no,लिएको थियौ,लि ए को   थि यौ,stem:लि + end:एको + aux: थियौ,empty-base > hiatus > concatenate
लिनु,to take,V,स्वरान्त,yes,लि,लि,finite,pastperf,भूत पूर्ण,past perfect,tapai,2nd person · high grade,yes,तपाईं(हरू)ले,ergative -ले,no,लिनुभएको थियो,लि नु भ ए को   थि यो,stem:लिनु + aux:भएको थियो,empty-base > concatenate
लिनु,to take,V,स्वरान्त,yes,लि,लि,finite,pastperf,भूत पूर्ण,past perfect,u,3rd person · low grade,no,उसले / त्यसले,ergative -ले,no,लिएको थियो,लि ए को   थि यो,stem:लि + end:एको + aux: थियो,empty-base > hiatus > concatenate
लिनु,to take,V,स्वरान्त,yes,लि,लि,finite,pastperf,भूत पूर्ण,past perfect,uni,3rd person · mid grade,no,उनले / उनीहरूले,ergative -ले,no,लिएका थिए,लि ए का   थि ए,stem:लि + end:एका + aux: थिए,empty-base > hiatus > concatenate
लिनु,to take,V,स्वरान्त,yes,लि,लि,finite,pastperf,भूत पूर्ण,past perfect,uha,3rd person · high grade,yes,उहाँले,ergative -ले,no,लिनुभएको थियो,लि नु भ ए को   थि यो,stem:लिनु + aux:भएको थियो,empty-base > concatenate
लिनु,to take,V,स्वरान्त,yes,लि,लि,finite,future,सामान्य भविष्यत्,simple future,ma,1st person · singular,no,म,nominative,no,लिनेछु,लि ने छु,stem:लि + end:ने + end:छु,empty-base > concatenate > concatenate
लिनु,to take,V,स्वरान्त,yes,लि,लि,finite,future,सामान्य भविष्यत्,simple future,hami,1st person · plural,no,हामी(हरू),nominative,no,लिनेछौँ,लि ने छौँ,stem:लि + end:ने + end:छौँ,empty-base > concatenate > concatenate
लिनु,to take,V,स्वरान्त,yes,लि,लि,finite,future,सामान्य भविष्यत्,simple future,ta,2nd person · low grade,no,तँ,nominative,no,लिनेछस्,लि ने छ स्,stem:लि + end:ने + end:छस्,empty-base > concatenate > concatenate
लिनु,to take,V,स्वरान्त,yes,लि,लि,finite,future,सामान्य भविष्यत्,simple future,timi,2nd person · mid grade,no,तिमी(हरू),nominative,no,लिनेछौ,लि ने छौ,stem:लि + end:ने + end:छौ,empty-base > concatenate > concatenate
लिनु,to take,V,स्वरान्त,yes,लि,लि,finite,future,सामान्य भविष्यत्,simple future,tapai,2nd person · high grade,yes,तपाईं(हरू),nominative,no,लिनुहुनेछ,लि नु हु ने छ,stem:लिनु + aux:हुनेछ,empty-base > concatenate
लिनु,to take,V,स्वरान्त,yes,लि,लि,finite,future,सामान्य भविष्यत्,simple future,u,3rd person · low grade,no,ऊ / त्यो,nominative,no,लिनेछ,लि ने छ,stem:लि + end:ने + end:छ,empty-base > concatenate > concatenate
लिनु,to take,V,स्वरान्त,yes,लि,लि,finite,future,सामान्य भविष्यत्,simple future,uni,3rd person · mid grade,no,उनी / उनीहरू,nominative,no,लिनेछन्,लि ने छ न्,stem:लि + end:ने + end:छन्,empty-base > concatenate > concatenate
लिनु,to take,V,स्वरान्त,yes,लि,लि,finite,future,सामान्य भविष्यत्,simple future,uha,3rd person · high grade,yes,उहाँ / वहाँ,nominative,no,लिनुहुनेछ,लि नु हु ने छ,stem:लिनु + aux:हुनेछ,empty-base > concatenate
लिनु,to take,V,स्वरान्त,yes,लि,लि,finite,prob,सम्भावना,probable,ma,1st person · singular,no,म,nominative,yes,लिउँला,लि उँ ला,stem:लि + end:उँला,empty-base > hiatus
लिनु,to take,V,स्वरान्त,yes,लि,लि,finite,prob,सम्भावना,probable,hami,1st person · plural,no,हामी(हरू),nominative,yes,लिऔँला,लि औँ ला,stem:लि + end:औँला,empty-base > hiatus
लिनु,to take,V,स्वरान्त,yes,लि,लि,finite,prob,सम्भावना,probable,ta,2nd person · low grade,no,तँ,nominative,yes,लेलास्,ले ला स्,stem:ले + end:लास्,empty-base > concatenate
लिनु,to take,V,स्वरान्त,yes,लि,लि,finite,prob,सम्भावना,probable,timi,2nd person · mid grade,no,तिमी(हरू),nominative,yes,लिऔला,लि औ ला,stem:लि + end:औला,empty-base > hiatus
लिनु,to take,V,स्वरान्त,yes,लि,लि,finite,prob,सम्भावना,probable,tapai,2nd person · high grade,yes,तपाईं(हरू),nominative,yes,लिनुहोला,लि नु हो ला,stem:लिनु + aux:होला,empty-base > concatenate
लिनु,to take,V,स्वरान्त,yes,लि,लि,finite,prob,सम्भावना,probable,u,3rd person · low grade,no,ऊ / त्यो,nominative,yes,लेला,ले ला,stem:ले + end:ला,empty-base > concatenate
लिनु,to take,V,स्वरान्त,yes,लि,लि,finite,prob,सम्भावना,probable,uni,3rd person · mid grade,no,उनी / उनीहरू,nominative,yes,लेलान्,ले ला न्,stem:ले + end:लान्,empty-base > concatenate
लिनु,to take,V,स्वरान्त,yes,लि,लि,finite,prob,सम्भावना,probable,uha,3rd person · high grade,yes,उहाँ / वहाँ,nominative,yes,लिनुहोला,लि नु हो ला,stem:लिनु + aux:होला,empty-base > concatenate
लिनु,to take,V,स्वरान्त,yes,लि,लि,finite,imp,आज्ञा र इच्छा,imperative & optative,ma,1st person · singular,no,म,nominative,no,लिऊँ,लि ऊँ,stem:लि + end:ऊँ,empty-base > hiatus
लिनु,to take,V,स्वरान्त,yes,लि,लि,finite,imp,आज्ञा र इच्छा,imperative & optative,hami,1st person · plural,no,हामी(हरू),nominative,no,लिऔँ,लि औँ,stem:लि + end:औँ,empty-base > hiatus
लिनु,to take,V,स्वरान्त,yes,लि,लि,finite,imp,आज्ञा र इच्छा,imperative & optative,ta,2nd person · low grade,no,तँ,nominative,no,ले,ले,stem:ले,empty-base
लिनु,to take,V,स्वरान्त,yes,लि,लि,finite,imp,आज्ञा र इच्छा,imperative & optative,timi,2nd person · mid grade,no,तिमी(हरू),nominative,no,लेऊ,ले ऊ,stem:लेऊ,empty-base
लिनु,to take,V,स्वरान्त,yes,लि,लि,finite,imp,आज्ञा र इच्छा,imperative & optative,tapai,2nd person · high grade,yes,तपाईं(हरू),nominative,no,लिनुहोस्,लि नु हो स्,stem:लिनु + aux:होस्,empty-base > concatenate
लिनु,to take,V,स्वरान्त,yes,लि,लि,finite,imp,आज्ञा र इच्छा,imperative & optative,u,3rd person · low grade,no,ऊ / त्यो,nominative,no,लिओस्,लि ओ स्,stem:लि + end:ओस्,empty-base > hiatus
लिनु,to take,V,स्वरान्त,yes,लि,लि,finite,imp,आज्ञा र इच्छा,imperative & optative,uni,3rd person · mid grade,no,उनी / उनीहरू,nominative,no,लिऊन्,लि ऊ न्,stem:लि + end:ऊन्,empty-base > hiatus
लिनु,to take,V,स्वरान्त,yes,लि,लि,finite,imp,आज्ञा र इच्छा,imperative & optative,uha,3rd person · high grade,yes,उहाँ / वहाँ,nominative,no,लिनुहोस्,लि नु हो स्,stem:लिनु + aux:होस्,empty-base > concatenate
लिनु,to take,V,स्वरान्त,yes,लि,लि,non-finite,क्रियार्थक नाम,,dictionary form,,,,,,,लिनु,लि नु,,
लिनु,to take,V,स्वरान्त,yes,लि,लि,non-finite,उद्देश्यवाचक,,in order to …,,,,,,,लिन,लि न,,
लिनु,to take,V,स्वरान्त,yes,लि,लि,non-finite,भविष्यवाचक,,the one that will …,,,,,,,लिने,लि ने,,
लिनु,to take,V,स्वरान्त,yes,लि,लि,non-finite,पूर्णकालिक,,having …-ed,,,,,,,लिएको,लि ए को,,
लिनु,to take,V,स्वरान्त,yes,लि,लि,non-finite,पूर्वकालिक,,"…-ing, then",,,,,,,लिएर,लि ए र,,
लिनु,to take,V,स्वरान्त,yes,लि,लि,non-finite,क्रियाविशेषण,,by …-ing,,,,,,,लिई,लि ई,,
लिनु,to take,V,स्वरान्त,yes,लि,लि,non-finite,अपूर्णकालिक,,while …-ing,,,,,,,लिँदै,लिँ दै,,
लिनु,to take,V,स्वरान्त,yes,लि,लि,non-finite,समयवाचक,,when …-ing,,,,,,,लिँदा,लिँ दा,,
लिनु,to take,V,स्वरान्त,yes,लि,लि,non-finite,सर्तवाचक,,if …,,,,,,,लिए भने,लि ए   भ ने,,
लिनु,to take,V,स्वरान्त,yes,लि,लि,infinitive,,,,,,,,,,लिनु,लि नु,,
आउनु,to come,U,उ-अन्त,no,आउ,आ,finite,habpres,अभ्यस्त वर्तमान,habitual present,ma,1st person · singular,no,म,nominative,no,आउँछु,आ उँ छु,stem:आउ + link:ँ + end:छु,empty-base > concatenate > concatenate
आउनु,to come,U,उ-अन्त,no,आउ,आ,finite,habpres,अभ्यस्त वर्तमान,habitual present,hami,1st person · plural,no,हामी(हरू),nominative,no,आउँछौँ,आ उँ छौँ,stem:आउ + link:ँ + end:छौँ,empty-base > concatenate > concatenate
आउनु,to come,U,उ-अन्त,no,आउ,आ,finite,habpres,अभ्यस्त वर्तमान,habitual present,ta,2nd person · low grade,no,तँ,nominative,no,आउँछस्,आ उँ छ स्,stem:आउ + link:ँ + end:छस्,empty-base > concatenate > concatenate
आउनु,to come,U,उ-अन्त,no,आउ,आ,finite,habpres,अभ्यस्त वर्तमान,habitual present,timi,2nd person · mid grade,no,तिमी(हरू),nominative,no,आउँछौ,आ उँ छौ,stem:आउ + link:ँ + end:छौ,empty-base > concatenate > concatenate
आउनु,to come,U,उ-अन्त,no,आउ,आ,finite,habpres,अभ्यस्त वर्तमान,habitual present,tapai,2nd person · high grade,yes,तपाईं(हरू),nominative,no,आउनुहुन्छ,आ उ नु हु न्छ,stem:आउनु + aux:हुन्छ,empty-base > concatenate
आउनु,to come,U,उ-अन्त,no,आउ,आ,finite,habpres,अभ्यस्त वर्तमान,habitual present,u,3rd person · low grade,no,ऊ / त्यो,nominative,no,आउँछ,आ उँ छ,stem:आउ + link:ँ + end:छ,empty-base > concatenate > concatenate
आउनु,to come,U,उ-अन्त,no,आउ,आ,finite,habpres,अभ्यस्त वर्तमान,habitual present,uni,3rd person · mid grade,no,उनी / उनीहरू,nominative,no,आउँछन्,आ उँ छ न्,stem:आउ + link:ँ + end:छन्,empty-base > concatenate > concatenate
आउनु,to come,U,उ-अन्त,no,आउ,आ,finite,habpres,अभ्यस्त वर्तमान,habitual present,uha,3rd person · high grade,yes,उहाँ / वहाँ,nominative,no,आउनुहुन्छ,आ उ नु हु न्छ,stem:आउनु + aux:हुन्छ,empty-base > concatenate
आउनु,to come,U,उ-अन्त,no,आउ,आ,finite,prescont,वर्तमान निरन्तर,present continuous,ma,1st person · singular,no,म,nominative,no,आउँदैछु,आ उँ दै छु,stem:आउ + link:ँ + end:दै + aux:छु,empty-base > concatenate > concatenate > concatenate
आउनु,to come,U,उ-अन्त,no,आउ,आ,finite,prescont,वर्तमान निरन्तर,present continuous,hami,1st person · plural,no,हामी(हरू),nominative,no,आउँदैछौँ,आ उँ दै छौँ,stem:आउ + link:ँ + end:दै + aux:छौँ,empty-base > concatenate > concatenate > concatenate
आउनु,to come,U,उ-अन्त,no,आउ,आ,finite,prescont,वर्तमान निरन्तर,present continuous,ta,2nd person · low grade,no,तँ,nominative,no,आउँदैछस्,आ उँ दै छ स्,stem:आउ + link:ँ + end:दै + aux:छस्,empty-base > concatenate > concatenate > concatenate
आउनु,to come,U,उ-अन्त,no,आउ,आ,finite,prescont,वर्तमान निरन्तर,present continuous,timi,2nd person · mid grade,no,तिमी(हरू),nominative,no,आउँदैछौ,आ उँ दै छौ,stem:आउ + link:ँ + end:दै + aux:छौ,empty-base > concatenate > concatenate > concatenate
आउनु,to come,U,उ-अन्त,no,आउ,आ,finite,prescont,वर्तमान निरन्तर,present continuous,tapai,2nd person · high grade,yes,तपाईं(हरू),nominative,no,आउँदै हुनुहुन्छ,आ उँ दै   हु नु हु न्छ,stem:आउ + link:ँ + end:दै + aux: हुनुहुन्छ,empty-base > concatenate > concatenate > concatenate
आउनु,to come,U,उ-अन्त,no,आउ,आ,finite,prescont,वर्तमान निरन्तर,present continuous,u,3rd person · low grade,no,ऊ / त्यो,nominative,no,आउँदैछ,आ उँ दै छ,stem:आउ + link:ँ + end:दै + aux:छ,empty-base > concatenate > concatenate > concatenate
आउनु,to come,U,उ-अन्त,no,आउ,आ,finite,prescont,वर्तमान निरन्तर,present continuous,uni,3rd person · mid grade,no,उनी / उनीहरू,nominative,no,आउँदैछन्,आ उँ दै छ न्,stem:आउ + link:ँ + end:दै + aux:छन्,empty-base > concatenate > concatenate > concatenate
आउनु,to come,U,उ-अन्त,no,आउ,आ,finite,prescont,वर्तमान निरन्तर,present continuous,uha,3rd person · high grade,yes,उहाँ / वहाँ,nominative,no,आउँदै हुनुहुन्छ,आ उँ दै   हु नु हु न्छ,stem:आउ + link:ँ + end:दै + aux: हुनुहुन्छ,empty-base > concatenate > concatenate > concatenate
आउनु,to come,U,उ-अन्त,no,आउ,आ,finite,presperf,वर्तमान पूर्ण,present perfect,ma,1st person · singular,no,म,nominative,no,आएको छु,आ ए को   छु,stem:आ + end:एको + aux: छु,empty-base > hiatus > concatenate
आउनु,to come,U,उ-अन्त,no,आउ,आ,finite,presperf,वर्तमान पूर्ण,present perfect,hami,1st person · plural,no,हामी(हरू),nominative,no,आएका छौँ,आ ए का   छौँ,stem:आ + end:एका + aux: छौँ,empty-base > hiatus > concatenate
आउनु,to come,U,उ-अन्त,no,आउ,आ,finite,presperf,वर्तमान पूर्ण,present perfect,ta,2nd person · low grade,no,तँ,nominative,no,आएको छस्,आ ए को   छ स्,stem:आ + end:एको + aux: छस्,empty-base > hiatus > concatenate
आउनु,to come,U,उ-अन्त,no,आउ,आ,finite,presperf,वर्तमान पूर्ण,present perfect,timi,2nd person · mid grade,no,तिमी(हरू),nominative,no,आएको छौ,आ ए को   छौ,stem:आ + end:एको + aux: छौ,empty-base > hiatus > concatenate
आउनु,to come,U,उ-अन्त,no,आउ,आ,finite,presperf,वर्तमान पूर्ण,present perfect,tapai,2nd person · high grade,yes,तपाईं(हरू),nominative,no,आउनुभएको छ,आ उ नु भ ए को   छ,stem:आउनु + aux:भएको छ,empty-base > concatenate
आउनु,to come,U,उ-अन्त,no,आउ,आ,finite,presperf,वर्तमान पूर्ण,present perfect,u,3rd person · low grade,no,ऊ / त्यो,nominative,no,आएको छ,आ ए को   छ,stem:आ + end:एको + aux: छ,empty-base > hiatus > concatenate
आउनु,to come,U,उ-अन्त,no,आउ,आ,finite,presperf,वर्तमान पूर्ण,present perfect,uni,3rd person · mid grade,no,उनी / उनीहरू,nominative,no,आएका छन्,आ ए का   छ न्,stem:आ + end:एका + aux: छन्,empty-base > hiatus > concatenate
आउनु,to come,U,उ-अन्त,no,आउ,आ,finite,presperf,वर्तमान पूर्ण,present perfect,uha,3rd person · high grade,yes,उहाँ / वहाँ,nominative,no,आउनुभएको छ,आ उ नु भ ए को   छ,stem:आउनु + aux:भएको छ,empty-base > concatenate
आउनु,to come,U,उ-अन्त,no,आउ,आ,finite,past,सामान्य भूत,simple past,ma,1st person · singular,no,म,nominative,no,आएँ,आ एँ,stem:आ + end:एँ,empty-base > hiatus
आउनु,to come,U,उ-अन्त,no,आउ,आ,finite,past,सामान्य भूत,simple past,hami,1st person · plural,no,हामी(हरू),nominative,no,आयौँ,आ यौँ,stem:आ + end:यौँ,empty-base > concatenate
आउनु,to come,U,उ-अन्त,no,आउ,आ,finite,past,सामान्य भूत,simple past,ta,2nd person · low grade,no,तँ,nominative,no,आइस्,आ इ स्,stem:आ + end:इस्,empty-base > hiatus
आउनु,to come,U,उ-अन्त,no,आउ,आ,finite,past,सामान्य भूत,simple past,timi,2nd person · mid grade,no,तिमी(हरू),nominative,no,आयौ,आ यौ,stem:आ + end:यौ,empty-base > concatenate
आउनु,to come,U,उ-अन्त,no,आउ,आ,finite,past,सामान्य भूत,simple past,tapai,2nd person · high grade,yes,तपाईं(हरू),nominative,no,आउनुभयो,आ उ नु भ यो,stem:आउनु + aux:भयो,empty-base > concatenate
आउनु,to come,U,उ-अन्त,no,आउ,आ,finite,past,सामान्य भूत,simple past,u,3rd person · low grade,no,ऊ / त्यो,nominative,no,आयो,आ यो,stem:आ + end:यो,empty-base > concatenate
आउनु,to come,U,उ-अन्त,no,आउ,आ,finite,past,सामान्य भूत,simple past,uni,3rd person · mid grade,no,उनी / उनीहरू,nominative,no,आए,आ ए,stem:आ + end:ए,empty-base > hiatus
आउनु,to come,U,उ-अन्त,no,आउ,आ,finite,past,सामान्य भूत,simple past,uha,3rd person · high grade,yes,उहाँ / वहाँ,nominative,no,आउनुभयो,आ उ नु भ यो,stem:आउनु + aux:भयो,empty-base > concatenate
आउनु,to come,U,उ-अन्त,no,आउ,आ,finite,habpast,अभ्यस्त भूत,habitual past,ma,1st person · singular,no,म,nominative,no,आउँथेँ,आ उँ थेँ,stem:आउ + link:ँ + end:थेँ,empty-base > concatenate > concatenate
आउनु,to come,U,उ-अन्त,no,आउ,आ,finite,habpast,अभ्यस्त भूत,habitual past,hami,1st person · plural,no,हामी(हरू),nominative,no,आउँथ्यौँ,आ उँ थ्यौँ,stem:आउ + link:ँ + end:थ्यौँ,empty-base > concatenate > concatenate
आउनु,to come,U,उ-अन्त,no,आउ,आ,finite,habpast,अभ्यस्त भूत,habitual past,ta,2nd person · low grade,no,तँ,nominative,no,आउँथिस्,आ उँ थि स्,stem:आउ + link:ँ + end:थिस्,empty-base > concatenate > concatenate
आउनु,to come,U,उ-अन्त,no,आउ,आ,finite,habpast,अभ्यस्त भूत,habitual past,timi,2nd person · mid grade,no,तिमी(हरू),nominative,no,आउँथ्यौ,आ उँ थ्यौ,stem:आउ + link:ँ + end:थ्यौ,empty-base > concatenate > concatenate
आउनु,to come,U,उ-अन्त,no,आउ,आ,finite,habpast,अभ्यस्त भूत,habitual past,tapai,2nd person · high grade,yes,तपाईं(हरू),nominative,no,आउनुहुन्थ्यो,आ उ नु हु न्थ्यो,stem:आउनु + aux:हुन्थ्यो,empty-base > concatenate
आउनु,to come,U,उ-अन्त,no,आउ,आ,finite,habpast,अभ्यस्त भूत,habitual past,u,3rd person · low grade,no,ऊ / त्यो,nominative,no,आउँथ्यो,आ उँ थ्यो,stem:आउ + link:ँ + end:थ्यो,empty-base > concatenate > concatenate
आउनु,to come,U,उ-अन्त,no,आउ,आ,finite,habpast,अभ्यस्त भूत,habitual past,uni,3rd person · mid grade,no,उनी / उनीहरू,nominative,no,आउँथे,आ उँ थे,stem:आउ + link:ँ + end:थे,empty-base > concatenate > concatenate
आउनु,to come,U,उ-अन्त,no,आउ,आ,finite,habpast,अभ्यस्त भूत,habitual past,uha,3rd person · high grade,yes,उहाँ / वहाँ,nominative,no,आउनुहुन्थ्यो,आ उ नु हु न्थ्यो,stem:आउनु + aux:हुन्थ्यो,empty-base > concatenate
आउनु,to come,U,उ-अन्त,no,आउ,आ,finite,pastcont,भूत निरन्तर,past continuous,ma,1st person · singular,no,म,nominative,no,आउँदै थिएँ,आ उँ दै   थि एँ,stem:आउ + link:ँ + end:दै + aux: थिएँ,empty-base > concatenate > concatenate > concatenate
आउनु,to come,U,उ-अन्त,no,आउ,आ,finite,pastcont,भूत निरन्तर,past continuous,hami,1st person · plural,no,हामी(हरू),nominative,no,आउँदै थियौँ,आ उँ दै   थि यौँ,stem:आउ + link:ँ + end:दै + aux: थियौँ,empty-base > concatenate > concatenate > concatenate
आउनु,to come,U,उ-अन्त,no,आउ,आ,finite,pastcont,भूत निरन्तर,past continuous,ta,2nd person · low grade,no,तँ,nominative,no,आउँदै थिइस्,आ उँ दै   थि इ स्,stem:आउ + link:ँ + end:दै + aux: थिइस्,empty-base > concatenate > concatenate > concatenate
आउनु,to come,U,उ-अन्त,no,आउ,आ,finite,pastcont,भूत निरन्तर,past continuous,timi,2nd person · mid grade,no,तिमी(हरू),nominative,no,आउँदै थियौ,आ उँ दै   थि यौ,stem:आउ + link:ँ + end:दै + aux: थियौ,empty-base > concatenate > concatenate > concatenate
आउनु,to come,U,उ-अन्त,no,आउ,आ,finite,pastcont,भूत निरन्तर,past continuous,tapai,2nd person · high grade,yes,तपाईं(हरू),nominative,no,आउँदै हुनुहुन्थ्यो,आ उँ दै   हु नु हु न्थ्यो,stem:आउ + link:ँ + end:दै + aux: हुनुहुन्थ्यो,empty-base > concatenate > concatenate > concatenate
आउनु,to come,U,उ-अन्त,no,आउ,आ,finite,pastcont,भूत निरन्तर,past continuous,u,3rd person · low grade,no,ऊ / त्यो,nominative,no,आउँदै थियो,आ उँ दै   थि यो,stem:आउ + link:ँ + end:दै + aux: थियो,empty-base > concatenate > concatenate > concatenate
आउनु,to come,U,उ-अन्त,no,आउ,आ,finite,pastcont,भूत निरन्तर,past continuous,uni,3rd person · mid grade,no,उनी / उनीहरू,nominative,no,आउँदै थिए,आ उँ दै   थि ए,stem:आउ + link:ँ + end:दै + aux: थिए,empty-base > concatenate > concatenate > concatenate
आउनु,to come,U,उ-अन्त,no,आउ,आ,finite,pastcont,भूत निरन्तर,past continuous,uha,3rd person · high grade,yes,उहाँ / वहाँ,nominative,no,आउँदै हुनुहुन्थ्यो,आ उँ दै   हु नु हु न्थ्यो,stem:आउ + link:ँ + end:दै + aux: हुनुहुन्थ्यो,empty-base > concatenate > concatenate > concatenate
आउनु,to come,U,उ-अन्त,no,आउ,आ,finite,pastperf,भूत पूर्ण,past perfect,ma,1st person · singular,no,म,nominative,no,आएको थिएँ,आ ए को   थि एँ,stem:आ + end:एको + aux: थिएँ,empty-base > hiatus > concatenate
आउनु,to come,U,उ-अन्त,no,आउ,आ,finite,pastperf,भूत पूर्ण,past perfect,hami,1st person · plural,no,हामी(हरू),nominative,no,आएका थियौँ,आ ए का   थि यौँ,stem:आ + end:एका + aux: थियौँ,empty-base > hiatus > concatenate
आउनु,to come,U,उ-अन्त,no,आउ,आ,finite,pastperf,भूत पूर्ण,past perfect,ta,2nd person · low grade,no,तँ,nominative,no,आएको थिइस्,आ ए को   थि इ स्,stem:आ + end:एको + aux: थिइस्,empty-base > hiatus > concatenate
आउनु,to come,U,उ-अन्त,no,आउ,आ,finite,pastperf,भूत पूर्ण,past perfect,timi,2nd person · mid grade,no,तिमी(हरू),nominative,no,आएको थियौ,आ ए को   थि यौ,stem:आ + end:एको + aux: थियौ,empty-base > hiatus > concatenate
आउनु,to come,U,उ-अन्त,no,आउ,आ,finite,pastperf,भूत पूर्ण,past perfect,tapai,2nd person · high grade,yes,तपाईं(हरू),nominative,no,आउनुभएको थियो,आ उ नु भ ए को   थि यो,stem:आउनु + aux:भएको थियो,empty-base > concatenate
आउनु,to come,U,उ-अन्त,no,आउ,आ,finite,pastperf,भूत पूर्ण,past perfect,u,3rd person · low grade,no,ऊ / त्यो,nominative,no,आएको थियो,आ ए को   थि यो,stem:आ + end:एको + aux: थियो,empty-base > hiatus > concatenate
आउनु,to come,U,उ-अन्त,no,आउ,आ,finite,pastperf,भूत पूर्ण,past perfect,uni,3rd person · mid grade,no,उनी / उनीहरू,nominative,no,आएका थिए,आ ए का   थि ए,stem:आ + end:एका + aux: थिए,empty-base > hiatus > concatenate
आउनु,to come,U,उ-अन्त,no,आउ,आ,finite,pastperf,भूत पूर्ण,past perfect,uha,3rd person · high grade,yes,उहाँ / वहाँ,nominative,no,आउनुभएको थियो,आ उ नु भ ए को   थि यो,stem:आउनु + aux:भएको थियो,empty-base > concatenate
आउनु,to come,U,उ-अन्त,no,आउ,आ,finite,future,सामान्य भविष्यत्,simple future,ma,1st person · singular,no,म,nominative,no,आउनेछु,आ उ ने छु,stem:आउ + end:ने + end:छु,empty-base > concatenate > concatenate
आउनु,to come,U,उ-अन्त,no,आउ,आ,finite,future,सामान्य भविष्यत्,simple future,hami,1st person · plural,no,हामी(हरू),nominative,no,आउनेछौँ,आ उ ने छौँ,stem:आउ + end:ने + end:छौँ,empty-base > concatenate > concatenate
आउनु,to come,U,उ-अन्त,no,आउ,आ,finite,future,सामान्य भविष्यत्,simple future,ta,2nd person · low grade,no,तँ,nominative,no,आउनेछस्,आ उ ने छ स्,stem:आउ + end:ने + end:छस्,empty-base > concatenate > concatenate
आउनु,to come,U,उ-अन्त,no,आउ,आ,finite,future,सामान्य भविष्यत्,simple future,timi,2nd person · mid grade,no,तिमी(हरू),nominative,no,आउनेछौ,आ उ ने छौ,stem:आउ + end:ने + end:छौ,empty-base > concatenate > concatenate
आउनु,to come,U,उ-अन्त,no,आउ,आ,finite,future,सामान्य भविष्यत्,simple future,tapai,2nd person · high grade,yes,तपाईं(हरू),nominative,no,आउनुहुनेछ,आ उ नु हु ने छ,stem:आउनु + aux:हुनेछ,empty-base > concatenate
आउनु,to come,U,उ-अन्त,no,आउ,आ,finite,future,सामान्य भविष्यत्,simple future,u,3rd person · low grade,no,ऊ / त्यो,nominative,no,आउनेछ,आ उ ने छ,stem:आउ + end:ने + end:छ,empty-base > concatenate > concatenate
आउनु,to come,U,उ-अन्त,no,आउ,आ,finite,future,सामान्य भविष्यत्,simple future,uni,3rd person · mid grade,no,उनी / उनीहरू,nominative,no,आउनेछन्,आ उ ने छ न्,stem:आउ + end:ने + end:छन्,empty-base > concatenate > concatenate
आउनु,to come,U,उ-अन्त,no,आउ,आ,finite,future,सामान्य भविष्यत्,simple future,uha,3rd person · high grade,yes,उहाँ / वहाँ,nominative,no,आउनुहुनेछ,आ उ नु हु ने छ,stem:आउनु + aux:हुनेछ,empty-base > concatenate
आउनु,to come,U,उ-अन्त,no,आउ,आ,finite,prob,सम्भावना,probable,ma,1st person · singular,no,म,nominative,yes,आउँला,आ उँ ला,stem:आउ + end:ँला,empty-base > concatenate
आउनु,to come,U,उ-अन्त,no,आउ,आ,finite,prob,सम्भावना,probable,hami,1st person · plural,no,हामी(हरू),nominative,yes,आऔँला,आ औँ ला,stem:आ + end:औँला,empty-base > hiatus
आउनु,to come,U,उ-अन्त,no,आउ,आ,finite,prob,सम्भावना,probable,ta,2nd person · low grade,no,तँ,nominative,yes,आउलास्,आ उ ला स्,stem:आउ + end:लास्,empty-base > concatenate
आउनु,to come,U,उ-अन्त,no,आउ,आ,finite,prob,सम्भावना,probable,timi,2nd person · mid grade,no,तिमी(हरू),nominative,yes,आऔला,आ औ ला,stem:आ + end:औला,empty-base > hiatus
आउनु,to come,U,उ-अन्त,no,आउ,आ,finite,prob,सम्भावना,probable,tapai,2nd person · high grade,yes,तपाईं(हरू),nominative,yes,आउनुहोला,आ उ नु हो ला,stem:आउनु + aux:होला,empty-base > concatenate
आउनु,to come,U,उ-अन्त,no,आउ,आ,finite,prob,सम्भावना,probable,u,3rd person · low grade,no,ऊ / त्यो,nominative,yes,आउला,आ उ ला,stem:आउ + end:ला,empty-base > concatenate
आउनु,to come,U,उ-अन्त,no,आउ,आ,finite,prob,सम्भावना,probable,uni,3rd person · mid grade,no,उनी / उनीहरू,nominative,yes,आउलान्,आ उ ला न्,stem:आउ + end:लान्,empty-base > concatenate
आउनु,to come,U,उ-अन्त,no,आउ,आ,finite,prob,सम्भावना,probable,uha,3rd person · high grade,yes,उहाँ / वहाँ,nominative,yes,आउनुहोला,आ उ नु हो ला,stem:आउनु + aux:होला,empty-base > concatenate
आउनु,to come,U,उ-अन्त,no,आउ,आ,finite,imp,आज्ञा र इच्छा,imperative & optative,ma,1st person · singular,no,म,nominative,no,आऊँ,आ ऊँ,stem:आ + end:ऊँ,empty-base > hiatus
आउनु,to come,U,उ-अन्त,no,आउ,आ,finite,imp,आज्ञा र इच्छा,imperative & optative,hami,1st person · plural,no,हामी(हरू),nominative,no,आऔँ,आ औँ,stem:आ + end:औँ,empty-base > hiatus
आउनु,to come,U,उ-अन्त,no,आउ,आ,finite,imp,आज्ञा र इच्छा,imperative & optative,ta,2nd person · low grade,no,तँ,nominative,no,आइज,आ इ ज,stem:आइज,empty-base
आउनु,to come,U,उ-अन्त,no,आउ,आ,finite,imp,आज्ञा र इच्छा,imperative & optative,timi,2nd person · mid grade,no,तिमी(हरू),nominative,no,आऊ,आ ऊ,stem:आ + end:ऊ,empty-base > hiatus
आउनु,to come,U,उ-अन्त,no,आउ,आ,finite,imp,आज्ञा र इच्छा,imperative & optative,tapai,2nd person · high grade,yes,तपाईं(हरू),nominative,no,आउनुहोस्,आ उ नु हो स्,stem:आउनु + aux:होस्,empty-base > concatenate
आउनु,to come,U,उ-अन्त,no,आउ,आ,finite,imp,आज्ञा र इच्छा,imperative & optative,u,3rd person · low grade,no,ऊ / त्यो,nominative,no,आओस्,आ ओ स्,stem:आ + end:ओस्,empty-base > hiatus
आउनु,to come,U,उ-अन्त,no,आउ,आ,finite,imp,आज्ञा र इच्छा,imperative & optative,uni,3rd person · mid grade,no,उनी / उनीहरू,nominative,no,आऊन्,आ ऊ न्,stem:आ + end:ऊन्,empty-base > hiatus
आउनु,to come,U,उ-अन्त,no,आउ,आ,finite,imp,आज्ञा र इच्छा,imperative & optative,uha,3rd person · high grade,yes,उहाँ / वहाँ,nominative,no,आउनुहोस्,आ उ नु हो स्,stem:आउनु + aux:होस्,empty-base > concatenate
आउनु,to come,U,उ-अन्त,no,आउ,आ,non-finite,क्रियार्थक नाम,,dictionary form,,,,,,,आउनु,आ उ नु,,
आउनु,to come,U,उ-अन्त,no,आउ,आ,non-finite,उद्देश्यवाचक,,in order to …,,,,,,,आउन,आ उ न,,
आउनु,to come,U,उ-अन्त,no,आउ,आ,non-finite,भविष्यवाचक,,the one that will …,,,,,,,आउने,आ उ ने,,
आउनु,to come,U,उ-अन्त,no,आउ,आ,non-finite,पूर्णकालिक,,having …-ed,,,,,,,आएको,आ ए को,,
आउनु,to come,U,उ-अन्त,no,आउ,आ,non-finite,पूर्वकालिक,,"…-ing, then",,,,,,,आएर,आ ए र,,
आउनु,to come,U,उ-अन्त,no,आउ,आ,non-finite,क्रियाविशेषण,,by …-ing,,,,,,,आई,आ ई,,
आउनु,to come,U,उ-अन्त,no,आउ,आ,non-finite,अपूर्णकालिक,,while …-ing,,,,,,,आउँदै,आ उँ दै,,
आउनु,to come,U,उ-अन्त,no,आउ,आ,non-finite,समयवाचक,,when …-ing,,,,,,,आउँदा,आ उँ दा,,
आउनु,to come,U,उ-अन्त,no,आउ,आ,non-finite,सर्तवाचक,,if …,,,,,,,आए भने,आ ए   भ ने,,
आउनु,to come,U,उ-अन्त,no,आउ,आ,infinitive,,,,,,,,,,आउनु,आ उ नु,,
पाउनु,to get,U,उ-अन्त,yes,पाउ,पा,finite,habpres,अभ्यस्त वर्तमान,habitual present,ma,1st person · singular,no,म,nominative,no,पाउँछु,पा उँ छु,stem:पाउ + link:ँ + end:छु,empty-base > concatenate > concatenate
पाउनु,to get,U,उ-अन्त,yes,पाउ,पा,finite,habpres,अभ्यस्त वर्तमान,habitual present,hami,1st person · plural,no,हामी(हरू),nominative,no,पाउँछौँ,पा उँ छौँ,stem:पाउ + link:ँ + end:छौँ,empty-base > concatenate > concatenate
पाउनु,to get,U,उ-अन्त,yes,पाउ,पा,finite,habpres,अभ्यस्त वर्तमान,habitual present,ta,2nd person · low grade,no,तँ,nominative,no,पाउँछस्,पा उँ छ स्,stem:पाउ + link:ँ + end:छस्,empty-base > concatenate > concatenate
पाउनु,to get,U,उ-अन्त,yes,पाउ,पा,finite,habpres,अभ्यस्त वर्तमान,habitual present,timi,2nd person · mid grade,no,तिमी(हरू),nominative,no,पाउँछौ,पा उँ छौ,stem:पाउ + link:ँ + end:छौ,empty-base > concatenate > concatenate
पाउनु,to get,U,उ-अन्त,yes,पाउ,पा,finite,habpres,अभ्यस्त वर्तमान,habitual present,tapai,2nd person · high grade,yes,तपाईं(हरू),nominative,no,पाउनुहुन्छ,पा उ नु हु न्छ,stem:पाउनु + aux:हुन्छ,empty-base > concatenate
पाउनु,to get,U,उ-अन्त,yes,पाउ,पा,finite,habpres,अभ्यस्त वर्तमान,habitual present,u,3rd person · low grade,no,ऊ / त्यो,nominative,no,पाउँछ,पा उँ छ,stem:पाउ + link:ँ + end:छ,empty-base > concatenate > concatenate
पाउनु,to get,U,उ-अन्त,yes,पाउ,पा,finite,habpres,अभ्यस्त वर्तमान,habitual present,uni,3rd person · mid grade,no,उनी / उनीहरू,nominative,no,पाउँछन्,पा उँ छ न्,stem:पाउ + link:ँ + end:छन्,empty-base > concatenate > concatenate
पाउनु,to get,U,उ-अन्त,yes,पाउ,पा,finite,habpres,अभ्यस्त वर्तमान,habitual present,uha,3rd person · high grade,yes,उहाँ / वहाँ,nominative,no,पाउनुहुन्छ,पा उ नु हु न्छ,stem:पाउनु + aux:हुन्छ,empty-base > concatenate
पाउनु,to get,U,उ-अन्त,yes,पाउ,पा,finite,prescont,वर्तमान निरन्तर,present continuous,ma,1st person · singular,no,म,nominative,no,पाउँदैछु,पा उँ दै छु,stem:पाउ + link:ँ + end:दै + aux:छु,empty-base > concatenate > concatenate > concatenate
पाउनु,to get,U,उ-अन्त,yes,पाउ,पा,finite,prescont,वर्तमान निरन्तर,present continuous,hami,1st person · plural,no,हामी(हरू),nominative,no,पाउँदैछौँ,पा उँ दै छौँ,stem:पाउ + link:ँ + end:दै + aux:छौँ,empty-base > concatenate > concatenate > concatenate
पाउनु,to get,U,उ-अन्त,yes,पाउ,पा,finite,prescont,वर्तमान निरन्तर,present continuous,ta,2nd person · low grade,no,तँ,nominative,no,पाउँदैछस्,पा उँ दै छ स्,stem:पाउ + link:ँ + end:दै + aux:छस्,empty-base > concatenate > concatenate > concatenate
पाउनु,to get,U,उ-अन्त,yes,पाउ,पा,finite,prescont,वर्तमान निरन्तर,present continuous,timi,2nd person · mid grade,no,तिमी(हरू),nominative,no,पाउँदैछौ,पा उँ दै छौ,stem:पाउ + link:ँ + end:दै + aux:छौ,empty-base > concatenate > concatenate > concatenate
पाउनु,to get,U,उ-अन्त,yes,पाउ,पा,finite,prescont,वर्तमान निरन्तर,present continuous,tapai,2nd person · high grade,yes,तपाईं(हरू),nominative,no,पाउँदै हुनुहुन्छ,पा उँ दै   हु नु हु न्छ,stem:पाउ + link:ँ + end:दै + aux: हुनुहुन्छ,empty-base > concatenate > concatenate > concatenate
पाउनु,to get,U,उ-अन्त,yes,पाउ,पा,finite,prescont,वर्तमान निरन्तर,present continuous,u,3rd person · low grade,no,ऊ / त्यो,nominative,no,पाउँदैछ,पा उँ दै छ,stem:पाउ + link:ँ + end:दै + aux:छ,empty-base > concatenate > concatenate > concatenate
पाउनु,to get,U,उ-अन्त,yes,पाउ,पा,finite,prescont,वर्तमान निरन्तर,present continuous,uni,3rd person · mid grade,no,उनी / उनीहरू,nominative,no,पाउँदैछन्,पा उँ दै छ न्,stem:पाउ + link:ँ + end:दै + aux:छन्,empty-base > concatenate > concatenate > concatenate
पाउनु,to get,U,उ-अन्त,yes,पाउ,पा,finite,prescont,वर्तमान निरन्तर,present continuous,uha,3rd person · high grade,yes,उहाँ / वहाँ,nominative,no,पाउँदै हुनुहुन्छ,पा उँ दै   हु नु हु न्छ,stem:पाउ + link:ँ + end:दै + aux: हुनुहुन्छ,empty-base > concatenate > concatenate > concatenate
पाउनु,to get,U,उ-अन्त,yes,पाउ,पा,finite,presperf,वर्तमान पूर्ण,present perfect,ma,1st person · singular,no,मैले,ergative -ले,no,पाएको छु,पा ए को   छु,stem:पा + end:एको + aux: छु,empty-base > hiatus > concatenate
पाउनु,to get,U,उ-अन्त,yes,पाउ,पा,finite,presperf,वर्तमान पूर्ण,present perfect,hami,1st person · plural,no,हामी(हरू)ले,ergative -ले,no,पाएका छौँ,पा ए का   छौँ,stem:पा + end:एका + aux: छौँ,empty-base > hiatus > concatenate
पाउनु,to get,U,उ-अन्त,yes,पाउ,पा,finite,presperf,वर्तमान पूर्ण,present perfect,ta,2nd person · low grade,no,तैंले,ergative -ले,no,पाएको छस्,पा ए को   छ स्,stem:पा + end:एको + aux: छस्,empty-base > hiatus > concatenate
पाउनु,to get,U,उ-अन्त,yes,पाउ,पा,finite,presperf,वर्तमान पूर्ण,present perfect,timi,2nd person · mid grade,no,तिमी(हरू)ले,ergative -ले,no,पाएको छौ,पा ए को   छौ,stem:पा + end:एको + aux: छौ,empty-base > hiatus > concatenate
पाउनु,to get,U,उ-अन्त,yes,पाउ,पा,finite,presperf,वर्तमान पूर्ण,present perfect,tapai,2nd person · high grade,yes,तपाईं(हरू)ले,ergative -ले,no,पाउनुभएको छ,पा उ नु भ ए को   छ,stem:पाउनु + aux:भएको छ,empty-base > concatenate
पाउनु,to get,U,उ-अन्त,yes,पाउ,पा,finite,presperf,वर्तमान पूर्ण,present perfect,u,3rd person · low grade,no,उसले / त्यसले,ergative -ले,no,पाएको छ,पा ए को   छ,stem:पा + end:एको + aux: छ,empty-base > hiatus > concatenate
पाउनु,to get,U,उ-अन्त,yes,पाउ,पा,finite,presperf,वर्तमान पूर्ण,present perfect,uni,3rd person · mid grade,no,उनले / उनीहरूले,ergative -ले,no,पाएका छन्,पा ए का   छ न्,stem:पा + end:एका + aux: छन्,empty-base > hiatus > concatenate
पाउनु,to get,U,उ-अन्त,yes,पाउ,पा,finite,presperf,वर्तमान पूर्ण,present perfect,uha,3rd person · high grade,yes,उहाँले,ergative -ले,no,पाउनुभएको छ,पा उ नु भ ए को   छ,stem:पाउनु + aux:भएको छ,empty-base > concatenate
पाउनु,to get,U,उ-अन्त,yes,पाउ,पा,finite,past,सामान्य भूत,simple past,ma,1st person · singular,no,मैले,ergative -ले,no,पाएँ,पा एँ,stem:पा + end:एँ,empty-base > hiatus
पाउनु,to get,U,उ-अन्त,yes,पाउ,पा,finite,past,सामान्य भूत,simple past,hami,1st person · plural,no,हामी(हरू)ले,ergative -ले,no,पायौँ,पा यौँ,stem:पा + end:यौँ,empty-base > concatenate
पाउनु,to get,U,उ-अन्त,yes,पाउ,पा,finite,past,सामान्य भूत,simple past,ta,2nd person · low grade,no,तैंले,ergative -ले,no,पाइस्,पा इ स्,stem:पा + end:इस्,empty-base > hiatus
पाउनु,to get,U,उ-अन्त,yes,पाउ,पा,finite,past,सामान्य भूत,simple past,timi,2nd person · mid grade,no,तिमी(हरू)ले,ergative -ले,no,पायौ,पा यौ,stem:पा + end:यौ,empty-base > concatenate
पाउनु,to get,U,उ-अन्त,yes,पाउ,पा,finite,past,सामान्य भूत,simple past,tapai,2nd person · high grade,yes,तपाईं(हरू)ले,ergative -ले,no,पाउनुभयो,पा उ नु भ यो,stem:पाउनु + aux:भयो,empty-base > concatenate
पाउनु,to get,U,उ-अन्त,yes,पाउ,पा,finite,past,सामान्य भूत,simple past,u,3rd person · low grade,no,उसले / त्यसले,ergative -ले,no,पायो,पा यो,stem:पा + end:यो,empty-base > concatenate
पाउनु,to get,U,उ-अन्त,yes,पाउ,पा,finite,past,सामान्य भूत,simple past,uni,3rd person · mid grade,no,उनले / उनीहरूले,ergative -ले,no,पाए,पा ए,stem:पा + end:ए,empty-base > hiatus
पाउनु,to get,U,उ-अन्त,yes,पाउ,पा,finite,past,सामान्य भूत,simple past,uha,3rd person · high grade,yes,उहाँले,ergative -ले,no,पाउनुभयो,पा उ नु भ यो,stem:पाउनु + aux:भयो,empty-base > concatenate
पाउनु,to get,U,उ-अन्त,yes,पाउ,पा,finite,habpast,अभ्यस्त भूत,habitual past,ma,1st person · singular,no,म,nominative,no,पाउँथेँ,पा उँ थेँ,stem:पाउ + link:ँ + end:थेँ,empty-base > concatenate > concatenate
पाउनु,to get,U,उ-अन्त,yes,पाउ,पा,finite,habpast,अभ्यस्त भूत,habitual past,hami,1st person · plural,no,हामी(हरू),nominative,no,पाउँथ्यौँ,पा उँ थ्यौँ,stem:पाउ + link:ँ + end:थ्यौँ,empty-base > concatenate > concatenate
पाउनु,to get,U,उ-अन्त,yes,पाउ,पा,finite,habpast,अभ्यस्त भूत,habitual past,ta,2nd person · low grade,no,तँ,nominative,no,पाउँथिस्,पा उँ थि स्,stem:पाउ + link:ँ + end:थिस्,empty-base > concatenate > concatenate
पाउनु,to get,U,उ-अन्त,yes,पाउ,पा,finite,habpast,अभ्यस्त भूत,habitual past,timi,2nd person · mid grade,no,तिमी(हरू),nominative,no,पाउँथ्यौ,पा उँ थ्यौ,stem:पाउ + link:ँ + end:थ्यौ,empty-base > concatenate > concatenate
पाउनु,to get,U,उ-अन्त,yes,पाउ,पा,finite,habpast,अभ्यस्त भूत,habitual past,tapai,2nd person · high grade,yes,तपाईं(हरू),nominative,no,पाउनुहुन्थ्यो,पा उ नु हु न्थ्यो,stem:पाउनु + aux:हुन्थ्यो,empty-base > concatenate
पाउनु,to get,U,उ-अन्त,yes,पाउ,पा,finite,habpast,अभ्यस्त भूत,habitual past,u,3rd person · low grade,no,ऊ / त्यो,nominative,no,पाउँथ्यो,पा उँ थ्यो,stem:पाउ + link:ँ + end:थ्यो,empty-base > concatenate > concatenate
पाउनु,to get,U,उ-अन्त,yes,पाउ,पा,finite,habpast,अभ्यस्त भूत,habitual past,uni,3rd person · mid grade,no,उनी / उनीहरू,nominative,no,पाउँथे,पा उँ थे,stem:पाउ + link:ँ + end:थे,empty-base > concatenate > concatenate
पाउनु,to get,U,उ-अन्त,yes,पाउ,पा,finite,habpast,अभ्यस्त भूत,habitual past,uha,3rd person · high grade,yes,उहाँ / वहाँ,nominative,no,पाउनुहुन्थ्यो,पा उ नु हु न्थ्यो,stem:पाउनु + aux:हुन्थ्यो,empty-base > concatenate
पाउनु,to get,U,उ-अन्त,yes,पाउ,पा,finite,pastcont,भूत निरन्तर,past continuous,ma,1st person · singular,no,म,nominative,no,पाउँदै थिएँ,पा उँ दै   थि एँ,stem:पाउ + link:ँ + end:दै + aux: थिएँ,empty-base > concatenate > concatenate > concatenate
पाउनु,to get,U,उ-अन्त,yes,पाउ,पा,finite,pastcont,भूत निरन्तर,past continuous,hami,1st person · plural,no,हामी(हरू),nominative,no,पाउँदै थियौँ,पा उँ दै   थि यौँ,stem:पाउ + link:ँ + end:दै + aux: थियौँ,empty-base > concatenate > concatenate > concatenate
पाउनु,to get,U,उ-अन्त,yes,पाउ,पा,finite,pastcont,भूत निरन्तर,past continuous,ta,2nd person · low grade,no,तँ,nominative,no,पाउँदै थिइस्,पा उँ दै   थि इ स्,stem:पाउ + link:ँ + end:दै + aux: थिइस्,empty-base > concatenate > concatenate > concatenate
पाउनु,to get,U,उ-अन्त,yes,पाउ,पा,finite,pastcont,भूत निरन्तर,past continuous,timi,2nd person · mid grade,no,तिमी(हरू),nominative,no,पाउँदै थियौ,पा उँ दै   थि यौ,stem:पाउ + link:ँ + end:दै + aux: थियौ,empty-base > concatenate > concatenate > concatenate
पाउनु,to get,U,उ-अन्त,yes,पाउ,पा,finite,pastcont,भूत निरन्तर,past continuous,tapai,2nd person · high grade,yes,तपाईं(हरू),nominative,no,पाउँदै हुनुहुन्थ्यो,पा उँ दै   हु नु हु न्थ्यो,stem:पाउ + link:ँ + end:दै + aux: हुनुहुन्थ्यो,empty-base > concatenate > concatenate > concatenate
पाउनु,to get,U,उ-अन्त,yes,पाउ,पा,finite,pastcont,भूत निरन्तर,past continuous,u,3rd person · low grade,no,ऊ / त्यो,nominative,no,पाउँदै थियो,पा उँ दै   थि यो,stem:पाउ + link:ँ + end:दै + aux: थियो,empty-base > concatenate > concatenate > concatenate
पाउनु,to get,U,उ-अन्त,yes,पाउ,पा,finite,pastcont,भूत निरन्तर,past continuous,uni,3rd person · mid grade,no,उनी / उनीहरू,nominative,no,पाउँदै थिए,पा उँ दै   थि ए,stem:पाउ + link:ँ + end:दै + aux: थिए,empty-base > concatenate > concatenate > concatenate
पाउनु,to get,U,उ-अन्त,yes,पाउ,पा,finite,pastcont,भूत निरन्तर,past continuous,uha,3rd person · high grade,yes,उहाँ / वहाँ,nominative,no,पाउँदै हुनुहुन्थ्यो,पा उँ दै   हु नु हु न्थ्यो,stem:पाउ + link:ँ + end:दै + aux: हुनुहुन्थ्यो,empty-base > concatenate > concatenate > concatenate
पाउनु,to get,U,उ-अन्त,yes,पाउ,पा,finite,pastperf,भूत पूर्ण,past perfect,ma,1st person · singular,no,मैले,ergative -ले,no,पाएको थिएँ,पा ए को   थि एँ,stem:पा + end:एको + aux: थिएँ,empty-base > hiatus > concatenate
पाउनु,to get,U,उ-अन्त,yes,पाउ,पा,finite,pastperf,भूत पूर्ण,past perfect,hami,1st person · plural,no,हामी(हरू)ले,ergative -ले,no,पाएका थियौँ,पा ए का   थि यौँ,stem:पा + end:एका + aux: थियौँ,empty-base > hiatus > concatenate
पाउनु,to get,U,उ-अन्त,yes,पाउ,पा,finite,pastperf,भूत पूर्ण,past perfect,ta,2nd person · low grade,no,तैंले,ergative -ले,no,पाएको थिइस्,पा ए को   थि इ स्,stem:पा + end:एको + aux: थिइस्,empty-base > hiatus > concatenate
पाउनु,to get,U,उ-अन्त,yes,पाउ,पा,finite,pastperf,भूत पूर्ण,past perfect,timi,2nd person · mid grade,no,तिमी(हरू)ले,ergative -ले,no,पाएको थियौ,पा ए को   थि यौ,stem:पा + end:एको + aux: थियौ,empty-base > hiatus > concatenate
पाउनु,to get,U,उ-अन्त,yes,पाउ,पा,finite,pastperf,भूत पूर्ण,past perfect,tapai,2nd person · high grade,yes,तपाईं(हरू)ले,ergative -ले,no,पाउनुभएको थियो,पा उ नु भ ए को   थि यो,stem:पाउनु + aux:भएको थियो,empty-base > concatenate
पाउनु,to get,U,उ-अन्त,yes,पाउ,पा,finite,pastperf,भूत पूर्ण,past perfect,u,3rd person · low grade,no,उसले / त्यसले,ergative -ले,no,पाएको थियो,पा ए को   थि यो,stem:पा + end:एको + aux: थियो,empty-base > hiatus > concatenate
पाउनु,to get,U,उ-अन्त,yes,पाउ,पा,finite,pastperf,भूत पूर्ण,past perfect,uni,3rd person · mid grade,no,उनले / उनीहरूले,ergative -ले,no,पाएका थिए,पा ए का   थि ए,stem:पा + end:एका + aux: थिए,empty-base > hiatus > concatenate
पाउनु,to get,U,उ-अन्त,yes,पाउ,पा,finite,pastperf,भूत पूर्ण,past perfect,uha,3rd person · high grade,yes,उहाँले,ergative -ले,no,पाउनुभएको थियो,पा उ नु भ ए को   थि यो,stem:पाउनु + aux:भएको थियो,empty-base > concatenate
पाउनु,to get,U,उ-अन्त,yes,पाउ,पा,finite,future,सामान्य भविष्यत्,simple future,ma,1st person · singular,no,म,nominative,no,पाउनेछु,पा उ ने छु,stem:पाउ + end:ने + end:छु,empty-base > concatenate > concatenate
पाउनु,to get,U,उ-अन्त,yes,पाउ,पा,finite,future,सामान्य भविष्यत्,simple future,hami,1st person · plural,no,हामी(हरू),nominative,no,पाउनेछौँ,पा उ ने छौँ,stem:पाउ + end:ने + end:छौँ,empty-base > concatenate > concatenate
पाउनु,to get,U,उ-अन्त,yes,पाउ,पा,finite,future,सामान्य भविष्यत्,simple future,ta,2nd person · low grade,no,तँ,nominative,no,पाउनेछस्,पा उ ने छ स्,stem:पाउ + end:ने + end:छस्,empty-base > concatenate > concatenate
पाउनु,to get,U,उ-अन्त,yes,पाउ,पा,finite,future,सामान्य भविष्यत्,simple future,timi,2nd person · mid grade,no,तिमी(हरू),nominative,no,पाउनेछौ,पा उ ने छौ,stem:पाउ + end:ने + end:छौ,empty-base > concatenate > concatenate
पाउनु,to get,U,उ-अन्त,yes,पाउ,पा,finite,future,सामान्य भविष्यत्,simple future,tapai,2nd person · high grade,yes,तपाईं(हरू),nominative,no,पाउनुहुनेछ,पा उ नु हु ने छ,stem:पाउनु + aux:हुनेछ,empty-base > concatenate
पाउनु,to get,U,उ-अन्त,yes,पाउ,पा,finite,future,सामान्य भविष्यत्,simple future,u,3rd person · low grade,no,ऊ / त्यो,nominative,no,पाउनेछ,पा उ ने छ,stem:पाउ + end:ने + end:छ,empty-base > concatenate > concatenate
पाउनु,to get,U,उ-अन्त,yes,पाउ,पा,finite,future,सामान्य भविष्यत्,simple future,uni,3rd person · mid grade,no,उनी / उनीहरू,nominative,no,पाउनेछन्,पा उ ने छ न्,stem:पाउ + end:ने + end:छन्,empty-base > concatenate > concatenate
पाउनु,to get,U,उ-अन्त,yes,पाउ,पा,finite,future,सामान्य भविष्यत्,simple future,uha,3rd person · high grade,yes,उहाँ / वहाँ,nominative,no,पाउनुहुनेछ,पा उ नु हु ने छ,stem:पाउनु + aux:हुनेछ,empty-base > concatenate
पाउनु,to get,U,उ-अन्त,yes,पाउ,पा,finite,prob,सम्भावना,probable,ma,1st person · singular,no,म,nominative,yes,पाउँला,पा उँ ला,stem:पाउ + end:ँला,empty-base > concatenate
पाउनु,to get,U,उ-अन्त,yes,पाउ,पा,finite,prob,सम्भावना,probable,hami,1st person · plural,no,हामी(हरू),nominative,yes,पाऔँला,पा औँ ला,stem:पा + end:औँला,empty-base > hiatus
पाउनु,to get,U,उ-अन्त,yes,पाउ,पा,finite,prob,सम्भावना,probable,ta,2nd person · low grade,no,तँ,nominative,yes,पाउलास्,पा उ ला स्,stem:पाउ + end:लास्,empty-base > concatenate
पाउनु,to get,U,उ-अन्त,yes,पाउ,पा,finite,prob,सम्भावना,probable,timi,2nd person · mid grade,no,तिमी(हरू),nominative,yes,पाऔला,पा औ ला,stem:पा + end:औला,empty-base > hiatus
पाउनु,to get,U,उ-अन्त,yes,पाउ,पा,finite,prob,सम्भावना,probable,tapai,2nd person · high grade,yes,तपाईं(हरू),nominative,yes,पाउनुहोला,पा उ नु हो ला,stem:पाउनु + aux:होला,empty-base > concatenate
पाउनु,to get,U,उ-अन्त,yes,पाउ,पा,finite,prob,सम्भावना,probable,u,3rd person · low grade,no,ऊ / त्यो,nominative,yes,पाउला,पा उ ला,stem:पाउ + end:ला,empty-base > concatenate
पाउनु,to get,U,उ-अन्त,yes,पाउ,पा,finite,prob,सम्भावना,probable,uni,3rd person · mid grade,no,उनी / उनीहरू,nominative,yes,पाउलान्,पा उ ला न्,stem:पाउ + end:लान्,empty-base > concatenate
पाउनु,to get,U,उ-अन्त,yes,पाउ,पा,finite,prob,सम्भावना,probable,uha,3rd person · high grade,yes,उहाँ / वहाँ,nominative,yes,पाउनुहोला,पा उ नु हो ला,stem:पाउनु + aux:होला,empty-base > concatenate
पाउनु,to get,U,उ-अन्त,yes,पाउ,पा,finite,imp,आज्ञा र इच्छा,imperative & optative,ma,1st person · singular,no,म,nominative,no,पाऊँ,पा ऊँ,stem:पा + end:ऊँ,empty-base > hiatus
पाउनु,to get,U,उ-अन्त,yes,पाउ,पा,finite,imp,आज्ञा र इच्छा,imperative & optative,hami,1st person · plural,no,हामी(हरू),nominative,no,पाऔँ,पा औँ,stem:पा + end:औँ,empty-base > hiatus
पाउनु,to get,U,उ-अन्त,yes,पाउ,पा,finite,imp,आज्ञा र इच्छा,imperative & optative,ta,2nd person · low grade,no,तँ,nominative,no,पा,पा,stem:पा,empty-base
पाउनु,to get,U,उ-अन्त,yes,पाउ,पा,finite,imp,आज्ञा र इच्छा,imperative & optative,timi,2nd person · mid grade,no,तिमी(हरू),nominative,no,पाऊ,पा ऊ,stem:पा + end:ऊ,empty-base > hiatus
पाउनु,to get,U,उ-अन्त,yes,पाउ,पा,finite,imp,आज्ञा र इच्छा,imperative & optative,tapai,2nd person · high grade,yes,तपाईं(हरू),nominative,no,पाउनुहोस्,पा उ नु हो स्,stem:पाउनु + aux:होस्,empty-base > concatenate
पाउनु,to get,U,उ-अन्त,yes,पाउ,पा,finite,imp,आज्ञा र इच्छा,imperative & optative,u,3rd person · low grade,no,ऊ / त्यो,nominative,no,पाओस्,पा ओ स्,stem:पा + end:ओस्,empty-base > hiatus
पाउनु,to get,U,उ-अन्त,yes,पाउ,पा,finite,imp,आज्ञा र इच्छा,imperative & optative,uni,3rd person · mid grade,no,उनी / उनीहरू,nominative,no,पाऊन्,पा ऊ न्,stem:पा + end:ऊन्,empty-base > hiatus
पाउनु,to get,U,उ-अन्त,yes,पाउ,पा,finite,imp,आज्ञा र इच्छा,imperative & optative,uha,3rd person · high grade,yes,उहाँ / वहाँ,nominative,no,पाउनुहोस्,पा उ नु हो स्,stem:पाउनु + aux:होस्,empty-base > concatenate
पाउनु,to get,U,उ-अन्त,yes,पाउ,पा,non-finite,क्रियार्थक नाम,,dictionary form,,,,,,,पाउनु,पा उ नु,,
पाउनु,to get,U,उ-अन्त,yes,पाउ,पा,non-finite,उद्देश्यवाचक,,in order to …,,,,,,,पाउन,पा उ न,,
पाउनु,to get,U,उ-अन्त,yes,पाउ,पा,non-finite,भविष्यवाचक,,the one that will …,,,,,,,पाउने,पा उ ने,,
पाउनु,to get,U,उ-अन्त,yes,पाउ,पा,non-finite,पूर्णकालिक,,having …-ed,,,,,,,पाएको,पा ए को,,
पाउनु,to get,U,उ-अन्त,yes,पाउ,पा,non-finite,पूर्वकालिक,,"…-ing, then",,,,,,,पाएर,पा ए र,,
पाउनु,to get,U,उ-अन्त,yes,पाउ,पा,non-finite,क्रियाविशेषण,,by …-ing,,,,,,,पाई,पा ई,,
पाउनु,to get,U,उ-अन्त,yes,पाउ,पा,non-finite,अपूर्णकालिक,,while …-ing,,,,,,,पाउँदै,पा उँ दै,,
पाउनु,to get,U,उ-अन्त,yes,पाउ,पा,non-finite,समयवाचक,,when …-ing,,,,,,,पाउँदा,पा उँ दा,,
पाउनु,to get,U,उ-अन्त,yes,पाउ,पा,non-finite,सर्तवाचक,,if …,,,,,,,पाए भने,पा ए   भ ने,,
पाउनु,to get,U,उ-अन्त,yes,पाउ,पा,infinitive,,,,,,,,,,पाउनु,पा उ नु,,
गाउनु,to sing,U,उ-अन्त,yes,गाउ,गा,finite,habpres,अभ्यस्त वर्तमान,habitual present,ma,1st person · singular,no,म,nominative,no,गाउँछु,गा उँ छु,stem:गाउ + link:ँ + end:छु,empty-base > concatenate > concatenate
गाउनु,to sing,U,उ-अन्त,yes,गाउ,गा,finite,habpres,अभ्यस्त वर्तमान,habitual present,hami,1st person · plural,no,हामी(हरू),nominative,no,गाउँछौँ,गा उँ छौँ,stem:गाउ + link:ँ + end:छौँ,empty-base > concatenate > concatenate
गाउनु,to sing,U,उ-अन्त,yes,गाउ,गा,finite,habpres,अभ्यस्त वर्तमान,habitual present,ta,2nd person · low grade,no,तँ,nominative,no,गाउँछस्,गा उँ छ स्,stem:गाउ + link:ँ + end:छस्,empty-base > concatenate > concatenate
गाउनु,to sing,U,उ-अन्त,yes,गाउ,गा,finite,habpres,अभ्यस्त वर्तमान,habitual present,timi,2nd person · mid grade,no,तिमी(हरू),nominative,no,गाउँछौ,गा उँ छौ,stem:गाउ + link:ँ + end:छौ,empty-base > concatenate > concatenate
गाउनु,to sing,U,उ-अन्त,yes,गाउ,गा,finite,habpres,अभ्यस्त वर्तमान,habitual present,tapai,2nd person · high grade,yes,तपाईं(हरू),nominative,no,गाउनुहुन्छ,गा उ नु हु न्छ,stem:गाउनु + aux:हुन्छ,empty-base > concatenate
गाउनु,to sing,U,उ-अन्त,yes,गाउ,गा,finite,habpres,अभ्यस्त वर्तमान,habitual present,u,3rd person · low grade,no,ऊ / त्यो,nominative,no,गाउँछ,गा उँ छ,stem:गाउ + link:ँ + end:छ,empty-base > concatenate > concatenate
गाउनु,to sing,U,उ-अन्त,yes,गाउ,गा,finite,habpres,अभ्यस्त वर्तमान,habitual present,uni,3rd person · mid grade,no,उनी / उनीहरू,nominative,no,गाउँछन्,गा उँ छ न्,stem:गाउ + link:ँ + end:छन्,empty-base > concatenate > concatenate
गाउनु,to sing,U,उ-अन्त,yes,गाउ,गा,finite,habpres,अभ्यस्त वर्तमान,habitual present,uha,3rd person · high grade,yes,उहाँ / वहाँ,nominative,no,गाउनुहुन्छ,गा उ नु हु न्छ,stem:गाउनु + aux:हुन्छ,empty-base > concatenate
गाउनु,to sing,U,उ-अन्त,yes,गाउ,गा,finite,prescont,वर्तमान निरन्तर,present continuous,ma,1st person · singular,no,म,nominative,no,गाउँदैछु,गा उँ दै छु,stem:गाउ + link:ँ + end:दै + aux:छु,empty-base > concatenate > concatenate > concatenate
गाउनु,to sing,U,उ-अन्त,yes,गाउ,गा,finite,prescont,वर्तमान निरन्तर,present continuous,hami,1st person · plural,no,हामी(हरू),nominative,no,गाउँदैछौँ,गा उँ दै छौँ,stem:गाउ + link:ँ + end:दै + aux:छौँ,empty-base > concatenate > concatenate > concatenate
गाउनु,to sing,U,उ-अन्त,yes,गाउ,गा,finite,prescont,वर्तमान निरन्तर,present continuous,ta,2nd person · low grade,no,तँ,nominative,no,गाउँदैछस्,गा उँ दै छ स्,stem:गाउ + link:ँ + end:दै + aux:छस्,empty-base > concatenate > concatenate > concatenate
गाउनु,to sing,U,उ-अन्त,yes,गाउ,गा,finite,prescont,वर्तमान निरन्तर,present continuous,timi,2nd person · mid grade,no,तिमी(हरू),nominative,no,गाउँदैछौ,गा उँ दै छौ,stem:गाउ + link:ँ + end:दै + aux:छौ,empty-base > concatenate > concatenate > concatenate
गाउनु,to sing,U,उ-अन्त,yes,गाउ,गा,finite,prescont,वर्तमान निरन्तर,present continuous,tapai,2nd person · high grade,yes,तपाईं(हरू),nominative,no,गाउँदै हुनुहुन्छ,गा उँ दै   हु नु हु न्छ,stem:गाउ + link:ँ + end:दै + aux: हुनुहुन्छ,empty-base > concatenate > concatenate > concatenate
गाउनु,to sing,U,उ-अन्त,yes,गाउ,गा,finite,prescont,वर्तमान निरन्तर,present continuous,u,3rd person · low grade,no,ऊ / त्यो,nominative,no,गाउँदैछ,गा उँ दै छ,stem:गाउ + link:ँ + end:दै + aux:छ,empty-base > concatenate > concatenate > concatenate
गाउनु,to sing,U,उ-अन्त,yes,गाउ,गा,finite,prescont,वर्तमान निरन्तर,present continuous,uni,3rd person · mid grade,no,उनी / उनीहरू,nominative,no,गाउँदैछन्,गा उँ दै छ न्,stem:गाउ + link:ँ + end:दै + aux:छन्,empty-base > concatenate > concatenate > concatenate
गाउनु,to sing,U,उ-अन्त,yes,गाउ,गा,finite,prescont,वर्तमान निरन्तर,present continuous,uha,3rd person · high grade,yes,उहाँ / वहाँ,nominative,no,गाउँदै हुनुहुन्छ,गा उँ दै   हु नु हु न्छ,stem:गाउ + link:ँ + end:दै + aux: हुनुहुन्छ,empty-base > concatenate > concatenate > concatenate
गाउनु,to sing,U,उ-अन्त,yes,गाउ,गा,finite,presperf,वर्तमान पूर्ण,present perfect,ma,1st person · singular,no,मैले,ergative -ले,no,गाएको छु,गा ए को   छु,stem:गा + end:एको + aux: छु,empty-base > hiatus > concatenate
गाउनु,to sing,U,उ-अन्त,yes,गाउ,गा,finite,presperf,वर्तमान पूर्ण,present perfect,hami,1st person · plural,no,हामी(हरू)ले,ergative -ले,no,गाएका छौँ,गा ए का   छौँ,stem:गा + end:एका + aux: छौँ,empty-base > hiatus > concatenate
गाउनु,to sing,U,उ-अन्त,yes,गाउ,गा,finite,presperf,वर्तमान पूर्ण,present perfect,ta,2nd person · low grade,no,तैंले,ergative -ले,no,गाएको छस्,गा ए को   छ स्,stem:गा + end:एको + aux: छस्,empty-base > hiatus > concatenate
गाउनु,to sing,U,उ-अन्त,yes,गाउ,गा,finite,presperf,वर्तमान पूर्ण,present perfect,timi,2nd person · mid grade,no,तिमी(हरू)ले,ergative -ले,no,गाएको छौ,गा ए को   छौ,stem:गा + end:एको + aux: छौ,empty-base > hiatus > concatenate
गाउनु,to sing,U,उ-अन्त,yes,गाउ,गा,finite,presperf,वर्तमान पूर्ण,present perfect,tapai,2nd person · high grade,yes,तपाईं(हरू)ले,ergative -ले,no,गाउनुभएको छ,गा उ नु भ ए को   छ,stem:गाउनु + aux:भएको छ,empty-base > concatenate
गाउनु,to sing,U,उ-अन्त,yes,गाउ,गा,finite,presperf,वर्तमान पूर्ण,present perfect,u,3rd person · low grade,no,उसले / त्यसले,ergative -ले,no,गाएको छ,गा ए को   छ,stem:गा + end:एको + aux: छ,empty-base > hiatus > concatenate
गाउनु,to sing,U,उ-अन्त,yes,गाउ,गा,finite,presperf,वर्तमान पूर्ण,present perfect,uni,3rd person · mid grade,no,उनले / उनीहरूले,ergative -ले,no,गाएका छन्,गा ए का   छ न्,stem:गा + end:एका + aux: छन्,empty-base > hiatus > concatenate
गाउनु,to sing,U,उ-अन्त,yes,गाउ,गा,finite,presperf,वर्तमान पूर्ण,present perfect,uha,3rd person · high grade,yes,उहाँले,ergative -ले,no,गाउनुभएको छ,गा उ नु भ ए को   छ,stem:गाउनु + aux:भएको छ,empty-base > concatenate
गाउनु,to sing,U,उ-अन्त,yes,गाउ,गा,finite,past,सामान्य भूत,simple past,ma,1st person · singular,no,मैले,ergative -ले,no,गाएँ,गा एँ,stem:गा + end:एँ,empty-base > hiatus
गाउनु,to sing,U,उ-अन्त,yes,गाउ,गा,finite,past,सामान्य भूत,simple past,hami,1st person · plural,no,हामी(हरू)ले,ergative -ले,no,गायौँ,गा यौँ,stem:गा + end:यौँ,empty-base > concatenate
गाउनु,to sing,U,उ-अन्त,yes,गाउ,गा,finite,past,सामान्य भूत,simple past,ta,2nd person · low grade,no,तैंले,ergative -ले,no,गाइस्,गा इ स्,stem:गा + end:इस्,empty-base > hiatus
गाउनु,to sing,U,उ-अन्त,yes,गाउ,गा,finite,past,सामान्य भूत,simple past,timi,2nd person · mid grade,no,तिमी(हरू)ले,ergative -ले,no,गायौ,गा यौ,stem:गा + end:यौ,empty-base > concatenate
गाउनु,to sing,U,उ-अन्त,yes,गाउ,गा,finite,past,सामान्य भूत,simple past,tapai,2nd person · high grade,yes,तपाईं(हरू)ले,ergative -ले,no,गाउनुभयो,गा उ नु भ यो,stem:गाउनु + aux:भयो,empty-base > concatenate
गाउनु,to sing,U,उ-अन्त,yes,गाउ,गा,finite,past,सामान्य भूत,simple past,u,3rd person · low grade,no,उसले / त्यसले,ergative -ले,no,गायो,गा यो,stem:गा + end:यो,empty-base > concatenate
गाउनु,to sing,U,उ-अन्त,yes,गाउ,गा,finite,past,सामान्य भूत,simple past,uni,3rd person · mid grade,no,उनले / उनीहरूले,ergative -ले,no,गाए,गा ए,stem:गा + end:ए,empty-base > hiatus
गाउनु,to sing,U,उ-अन्त,yes,गाउ,गा,finite,past,सामान्य भूत,simple past,uha,3rd person · high grade,yes,उहाँले,ergative -ले,no,गाउनुभयो,गा उ नु भ यो,stem:गाउनु + aux:भयो,empty-base > concatenate
गाउनु,to sing,U,उ-अन्त,yes,गाउ,गा,finite,habpast,अभ्यस्त भूत,habitual past,ma,1st person · singular,no,म,nominative,no,गाउँथेँ,गा उँ थेँ,stem:गाउ + link:ँ + end:थेँ,empty-base > concatenate > concatenate
गाउनु,to sing,U,उ-अन्त,yes,गाउ,गा,finite,habpast,अभ्यस्त भूत,habitual past,hami,1st person · plural,no,हामी(हरू),nominative,no,गाउँथ्यौँ,गा उँ थ्यौँ,stem:गाउ + link:ँ + end:थ्यौँ,empty-base > concatenate > concatenate
गाउनु,to sing,U,उ-अन्त,yes,गाउ,गा,finite,habpast,अभ्यस्त भूत,habitual past,ta,2nd person · low grade,no,तँ,nominative,no,गाउँथिस्,गा उँ थि स्,stem:गाउ + link:ँ + end:थिस्,empty-base > concatenate > concatenate
गाउनु,to sing,U,उ-अन्त,yes,गाउ,गा,finite,habpast,अभ्यस्त भूत,habitual past,timi,2nd person · mid grade,no,तिमी(हरू),nominative,no,गाउँथ्यौ,गा उँ थ्यौ,stem:गाउ + link:ँ + end:थ्यौ,empty-base > concatenate > concatenate
गाउनु,to sing,U,उ-अन्त,yes,गाउ,गा,finite,habpast,अभ्यस्त भूत,habitual past,tapai,2nd person · high grade,yes,तपाईं(हरू),nominative,no,गाउनुहुन्थ्यो,गा उ नु हु न्थ्यो,stem:गाउनु + aux:हुन्थ्यो,empty-base > concatenate
गाउनु,to sing,U,उ-अन्त,yes,गाउ,गा,finite,habpast,अभ्यस्त भूत,habitual past,u,3rd person · low grade,no,ऊ / त्यो,nominative,no,गाउँथ्यो,गा उँ थ्यो,stem:गाउ + link:ँ + end:थ्यो,empty-base > concatenate > concatenate
गाउनु,to sing,U,उ-अन्त,yes,गाउ,गा,finite,habpast,अभ्यस्त भूत,habitual past,uni,3rd person · mid grade,no,उनी / उनीहरू,nominative,no,गाउँथे,गा उँ थे,stem:गाउ + link:ँ + end:थे,empty-base > concatenate > concatenate
गाउनु,to sing,U,उ-अन्त,yes,गाउ,गा,finite,habpast,अभ्यस्त भूत,habitual past,uha,3rd person · high grade,yes,उहाँ / वहाँ,nominative,no,गाउनुहुन्थ्यो,गा उ नु हु न्थ्यो,stem:गाउनु + aux:हुन्थ्यो,empty-base > concatenate
गाउनु,to sing,U,उ-अन्त,yes,गाउ,गा,finite,pastcont,भूत निरन्तर,past continuous,ma,1st person · singular,no,म,nominative,no,गाउँदै थिएँ,गा उँ दै   थि एँ,stem:गाउ + link:ँ + end:दै + aux: थिएँ,empty-base > concatenate > concatenate > concatenate
गाउनु,to sing,U,उ-अन्त,yes,गाउ,गा,finite,pastcont,भूत निरन्तर,past continuous,hami,1st person · plural,no,हामी(हरू),nominative,no,गाउँदै थियौँ,गा उँ दै   थि यौँ,stem:गाउ + link:ँ + end:दै + aux: थियौँ,empty-base > concatenate > concatenate > concatenate
गाउनु,to sing,U,उ-अन्त,yes,गाउ,गा,finite,pastcont,भूत निरन्तर,past continuous,ta,2nd person · low grade,no,तँ,nominative,no,गाउँदै थिइस्,गा उँ दै   थि इ स्,stem:गाउ + link:ँ + end:दै + aux: थिइस्,empty-base > concatenate > concatenate > concatenate
गाउनु,to sing,U,उ-अन्त,yes,गाउ,गा,finite,pastcont,भूत निरन्तर,past continuous,timi,2nd person · mid grade,no,तिमी(हरू),nominative,no,गाउँदै थियौ,गा उँ दै   थि यौ,stem:गाउ + link:ँ + end:दै + aux: थियौ,empty-base > concatenate > concatenate > concatenate
गाउनु,to sing,U,उ-अन्त,yes,गाउ,गा,finite,pastcont,भूत निरन्तर,past continuous,tapai,2nd person · high grade,yes,तपाईं(हरू),nominative,no,गाउँदै हुनुहुन्थ्यो,गा उँ दै   हु नु हु न्थ्यो,stem:गाउ + link:ँ + end:दै + aux: हुनुहुन्थ्यो,empty-base > concatenate > concatenate > concatenate
गाउनु,to sing,U,उ-अन्त,yes,गाउ,गा,finite,pastcont,भूत निरन्तर,past continuous,u,3rd person · low grade,no,ऊ / त्यो,nominative,no,गाउँदै थियो,गा उँ दै   थि यो,stem:गाउ + link:ँ + end:दै + aux: थियो,empty-base > concatenate > concatenate > concatenate
गाउनु,to sing,U,उ-अन्त,yes,गाउ,गा,finite,pastcont,भूत निरन्तर,past continuous,uni,3rd person · mid grade,no,उनी / उनीहरू,nominative,no,गाउँदै थिए,गा उँ दै   थि ए,stem:गाउ + link:ँ + end:दै + aux: थिए,empty-base > concatenate > concatenate > concatenate
गाउनु,to sing,U,उ-अन्त,yes,गाउ,गा,finite,pastcont,भूत निरन्तर,past continuous,uha,3rd person · high grade,yes,उहाँ / वहाँ,nominative,no,गाउँदै हुनुहुन्थ्यो,गा उँ दै   हु नु हु न्थ्यो,stem:गाउ + link:ँ + end:दै + aux: हुनुहुन्थ्यो,empty-base > concatenate > concatenate > concatenate
गाउनु,to sing,U,उ-अन्त,yes,गाउ,गा,finite,pastperf,भूत पूर्ण,past perfect,ma,1st person · singular,no,मैले,ergative -ले,no,गाएको थिएँ,गा ए को   थि एँ,stem:गा + end:एको + aux: थिएँ,empty-base > hiatus > concatenate
गाउनु,to sing,U,उ-अन्त,yes,गाउ,गा,finite,pastperf,भूत पूर्ण,past perfect,hami,1st person · plural,no,हामी(हरू)ले,ergative -ले,no,गाएका थियौँ,गा ए का   थि यौँ,stem:गा + end:एका + aux: थियौँ,empty-base > hiatus > concatenate
गाउनु,to sing,U,उ-अन्त,yes,गाउ,गा,finite,pastperf,भूत पूर्ण,past perfect,ta,2nd person · low grade,no,तैंले,ergative -ले,no,गाएको थिइस्,गा ए को   थि इ स्,stem:गा + end:एको + aux: थिइस्,empty-base > hiatus > concatenate
गाउनु,to sing,U,उ-अन्त,yes,गाउ,गा,finite,pastperf,भूत पूर्ण,past perfect,timi,2nd person · mid grade,no,तिमी(हरू)ले,ergative -ले,no,गाएको थियौ,गा ए को   थि यौ,stem:गा + end:एको + aux: थियौ,empty-base > hiatus > concatenate
गाउनु,to sing,U,उ-अन्त,yes,गाउ,गा,finite,pastperf,भूत पूर्ण,past perfect,tapai,2nd person · high grade,yes,तपाईं(हरू)ले,ergative -ले,no,गाउनुभएको थियो,गा उ नु भ ए को   थि यो,stem:गाउनु + aux:भएको थियो,empty-base > concatenate
गाउनु,to sing,U,उ-अन्त,yes,गाउ,गा,finite,pastperf,भूत पूर्ण,past perfect,u,3rd person · low grade,no,उसले / त्यसले,ergative -ले,no,गाएको थियो,गा ए को   थि यो,stem:गा + end:एको + aux: थियो,empty-base > hiatus > concatenate
गाउनु,to sing,U,उ-अन्त,yes,गाउ,गा,finite,pastperf,भूत पूर्ण,past perfect,uni,3rd person · mid grade,no,उनले / उनीहरूले,ergative -ले,no,गाएका थिए,गा ए का   थि ए,stem:गा + end:एका + aux: थिए,empty-base > hiatus > concatenate
गाउनु,to sing,U,उ-अन्त,yes,गाउ,गा,finite,pastperf,भूत पूर्ण,past perfect,uha,3rd person · high grade,yes,उहाँले,ergative -ले,no,गाउनुभएको थियो,गा उ नु भ ए को   थि यो,stem:गाउनु + aux:भएको थियो,empty-base > concatenate
गाउनु,to sing,U,उ-अन्त,yes,गाउ,गा,finite,future,सामान्य भविष्यत्,simple future,ma,1st person · singular,no,म,nominative,no,गाउनेछु,गा उ ने छु,stem:गाउ + end:ने + end:छु,empty-base > concatenate > concatenate
गाउनु,to sing,U,उ-अन्त,yes,गाउ,गा,finite,future,सामान्य भविष्यत्,simple future,hami,1st person · plural,no,हामी(हरू),nominative,no,गाउनेछौँ,गा उ ने छौँ,stem:गाउ + end:ने + end:छौँ,empty-base > concatenate > concatenate
गाउनु,to sing,U,उ-अन्त,yes,गाउ,गा,finite,future,सामान्य भविष्यत्,simple future,ta,2nd person · low grade,no,तँ,nominative,no,गाउनेछस्,गा उ ने छ स्,stem:गाउ + end:ने + end:छस्,empty-base > concatenate > concatenate
गाउनु,to sing,U,उ-अन्त,yes,गाउ,गा,finite,future,सामान्य भविष्यत्,simple future,timi,2nd person · mid grade,no,तिमी(हरू),nominative,no,गाउनेछौ,गा उ ने छौ,stem:गाउ + end:ने + end:छौ,empty-base > concatenate > concatenate
गाउनु,to sing,U,उ-अन्त,yes,गाउ,गा,finite,future,सामान्य भविष्यत्,simple future,tapai,2nd person · high grade,yes,तपाईं(हरू),nominative,no,गाउनुहुनेछ,गा उ नु हु ने छ,stem:गाउनु + aux:हुनेछ,empty-base > concatenate
गाउनु,to sing,U,उ-अन्त,yes,गाउ,गा,finite,future,सामान्य भविष्यत्,simple future,u,3rd person · low grade,no,ऊ / त्यो,nominative,no,गाउनेछ,गा उ ने छ,stem:गाउ + end:ने + end:छ,empty-base > concatenate > concatenate
गाउनु,to sing,U,उ-अन्त,yes,गाउ,गा,finite,future,सामान्य भविष्यत्,simple future,uni,3rd person · mid grade,no,उनी / उनीहरू,nominative,no,गाउनेछन्,गा उ ने छ न्,stem:गाउ + end:ने + end:छन्,empty-base > concatenate > concatenate
गाउनु,to sing,U,उ-अन्त,yes,गाउ,गा,finite,future,सामान्य भविष्यत्,simple future,uha,3rd person · high grade,yes,उहाँ / वहाँ,nominative,no,गाउनुहुनेछ,गा उ नु हु ने छ,stem:गाउनु + aux:हुनेछ,empty-base > concatenate
गाउनु,to sing,U,उ-अन्त,yes,गाउ,गा,finite,prob,सम्भावना,probable,ma,1st person · singular,no,म,nominative,yes,गाउँला,गा उँ ला,stem:गाउ + end:ँला,empty-base > concatenate
गाउनु,to sing,U,उ-अन्त,yes,गाउ,गा,finite,prob,सम्भावना,probable,hami,1st person · plural,no,हामी(हरू),nominative,yes,गाऔँला,गा औँ ला,stem:गा + end:औँला,empty-base > hiatus
गाउनु,to sing,U,उ-अन्त,yes,गाउ,गा,finite,prob,सम्भावना,probable,ta,2nd person · low grade,no,तँ,nominative,yes,गाउलास्,गा उ ला स्,stem:गाउ + end:लास्,empty-base > concatenate
गाउनु,to sing,U,उ-अन्त,yes,गाउ,गा,finite,prob,सम्भावना,probable,timi,2nd person · mid grade,no,तिमी(हरू),nominative,yes,गाऔला,गा औ ला,stem:गा + end:औला,empty-base > hiatus
गाउनु,to sing,U,उ-अन्त,yes,गाउ,गा,finite,prob,सम्भावना,probable,tapai,2nd person · high grade,yes,तपाईं(हरू),nominative,yes,गाउनुहोला,गा उ नु हो ला,stem:गाउनु + aux:होला,empty-base > concatenate
गाउनु,to sing,U,उ-अन्त,yes,गाउ,गा,finite,prob,सम्भावना,probable,u,3rd person · low grade,no,ऊ / त्यो,nominative,yes,गाउला,गा उ ला,stem:गाउ + end:ला,empty-base > concatenate
गाउनु,to sing,U,उ-अन्त,yes,गाउ,गा,finite,prob,सम्भावना,probable,uni,3rd person · mid grade,no,उनी / उनीहरू,nominative,yes,गाउलान्,गा उ ला न्,stem:गाउ + end:लान्,empty-base > concatenate
गाउनु,to sing,U,उ-अन्त,yes,गाउ,गा,finite,prob,सम्भावना,probable,uha,3rd person · high grade,yes,उहाँ / वहाँ,nominative,yes,गाउनुहोला,गा उ नु हो ला,stem:गाउनु + aux:होला,empty-base > concatenate
गाउनु,to sing,U,उ-अन्त,yes,गाउ,गा,finite,imp,आज्ञा र इच्छा,imperative & optative,ma,1st person · singular,no,म,nominative,no,गाऊँ,गा ऊँ,stem:गा + end:ऊँ,empty-base > hiatus
गाउनु,to sing,U,उ-अन्त,yes,गाउ,गा,finite,imp,आज्ञा र इच्छा,imperative & optative,hami,1st person · plural,no,हामी(हरू),nominative,no,गाऔँ,गा औँ,stem:गा + end:औँ,empty-base > hiatus
गाउनु,to sing,U,उ-अन्त,yes,गाउ,गा,finite,imp,आज्ञा र इच्छा,imperative & optative,ta,2nd person · low grade,no,तँ,nominative,no,गा,गा,stem:गा,empty-base
गाउनु,to sing,U,उ-अन्त,yes,गाउ,गा,finite,imp,आज्ञा र इच्छा,imperative & optative,timi,2nd person · mid grade,no,तिमी(हरू),nominative,no,गाऊ,गा ऊ,stem:गा + end:ऊ,empty-base > hiatus
गाउनु,to sing,U,उ-अन्त,yes,गाउ,गा,finite,imp,आज्ञा र इच्छा,imperative & optative,tapai,2nd person · high grade,yes,तपाईं(हरू),nominative,no,गाउनुहोस्,गा उ नु हो स्,stem:गाउनु + aux:होस्,empty-base > concatenate
गाउनु,to sing,U,उ-अन्त,yes,गाउ,गा,finite,imp,आज्ञा र इच्छा,imperative & optative,u,3rd person · low grade,no,ऊ / त्यो,nominative,no,गाओस्,गा ओ स्,stem:गा + end:ओस्,empty-base > hiatus
गाउनु,to sing,U,उ-अन्त,yes,गाउ,गा,finite,imp,आज्ञा र इच्छा,imperative & optative,uni,3rd person · mid grade,no,उनी / उनीहरू,nominative,no,गाऊन्,गा ऊ न्,stem:गा + end:ऊन्,empty-base > hiatus
गाउनु,to sing,U,उ-अन्त,yes,गाउ,गा,finite,imp,आज्ञा र इच्छा,imperative & optative,uha,3rd person · high grade,yes,उहाँ / वहाँ,nominative,no,गाउनुहोस्,गा उ नु हो स्,stem:गाउनु + aux:होस्,empty-base > concatenate
गाउनु,to sing,U,उ-अन्त,yes,गाउ,गा,non-finite,क्रियार्थक नाम,,dictionary form,,,,,,,गाउनु,गा उ नु,,
गाउनु,to sing,U,उ-अन्त,yes,गाउ,गा,non-finite,उद्देश्यवाचक,,in order to …,,,,,,,गाउन,गा उ न,,
गाउनु,to sing,U,उ-अन्त,yes,गाउ,गा,non-finite,भविष्यवाचक,,the one that will …,,,,,,,गाउने,गा उ ने,,
गाउनु,to sing,U,उ-अन्त,yes,गाउ,गा,non-finite,पूर्णकालिक,,having …-ed,,,,,,,गाएको,गा ए को,,
गाउनु,to sing,U,उ-अन्त,yes,गाउ,गा,non-finite,पूर्वकालिक,,"…-ing, then",,,,,,,गाएर,गा ए र,,
गाउनु,to sing,U,उ-अन्त,yes,गाउ,गा,non-finite,क्रियाविशेषण,,by …-ing,,,,,,,गाई,गा ई,,
गाउनु,to sing,U,उ-अन्त,yes,गाउ,गा,non-finite,अपूर्णकालिक,,while …-ing,,,,,,,गाउँदै,गा उँ दै,,
गाउनु,to sing,U,उ-अन्त,yes,गाउ,गा,non-finite,समयवाचक,,when …-ing,,,,,,,गाउँदा,गा उँ दा,,
गाउनु,to sing,U,उ-अन्त,yes,गाउ,गा,non-finite,सर्तवाचक,,if …,,,,,,,गाए भने,गा ए   भ ने,,
गाउनु,to sing,U,उ-अन्त,yes,गाउ,गा,infinitive,,,,,,,,,,गाउनु,गा उ नु,,
ल्याउनु,to bring,U,उ-अन्त,yes,ल्याउ,ल्या,finite,habpres,अभ्यस्त वर्तमान,habitual present,ma,1st person · singular,no,म,nominative,no,ल्याउँछु,ल्या उँ छु,stem:ल्याउ + link:ँ + end:छु,empty-base > concatenate > concatenate
ल्याउनु,to bring,U,उ-अन्त,yes,ल्याउ,ल्या,finite,habpres,अभ्यस्त वर्तमान,habitual present,hami,1st person · plural,no,हामी(हरू),nominative,no,ल्याउँछौँ,ल्या उँ छौँ,stem:ल्याउ + link:ँ + end:छौँ,empty-base > concatenate > concatenate
ल्याउनु,to bring,U,उ-अन्त,yes,ल्याउ,ल्या,finite,habpres,अभ्यस्त वर्तमान,habitual present,ta,2nd person · low grade,no,तँ,nominative,no,ल्याउँछस्,ल्या उँ छ स्,stem:ल्याउ + link:ँ + end:छस्,empty-base > concatenate > concatenate
ल्याउनु,to bring,U,उ-अन्त,yes,ल्याउ,ल्या,finite,habpres,अभ्यस्त वर्तमान,habitual present,timi,2nd person · mid grade,no,तिमी(हरू),nominative,no,ल्याउँछौ,ल्या उँ छौ,stem:ल्याउ + link:ँ + end:छौ,empty-base > concatenate > concatenate
ल्याउनु,to bring,U,उ-अन्त,yes,ल्याउ,ल्या,finite,habpres,अभ्यस्त वर्तमान,habitual present,tapai,2nd person · high grade,yes,तपाईं(हरू),nominative,no,ल्याउनुहुन्छ,ल्या उ नु हु न्छ,stem:ल्याउनु + aux:हुन्छ,empty-base > concatenate
ल्याउनु,to bring,U,उ-अन्त,yes,ल्याउ,ल्या,finite,habpres,अभ्यस्त वर्तमान,habitual present,u,3rd person · low grade,no,ऊ / त्यो,nominative,no,ल्याउँछ,ल्या उँ छ,stem:ल्याउ + link:ँ + end:छ,empty-base > concatenate > concatenate
ल्याउनु,to bring,U,उ-अन्त,yes,ल्याउ,ल्या,finite,habpres,अभ्यस्त वर्तमान,habitual present,uni,3rd person · mid grade,no,उनी / उनीहरू,nominative,no,ल्याउँछन्,ल्या उँ छ न्,stem:ल्याउ + link:ँ + end:छन्,empty-base > concatenate > concatenate
ल्याउनु,to bring,U,उ-अन्त,yes,ल्याउ,ल्या,finite,habpres,अभ्यस्त वर्तमान,habitual present,uha,3rd person · high grade,yes,उहाँ / वहाँ,nominative,no,ल्याउनुहुन्छ,ल्या उ नु हु न्छ,stem:ल्याउनु + aux:हुन्छ,empty-base > concatenate
ल्याउनु,to bring,U,उ-अन्त,yes,ल्याउ,ल्या,finite,prescont,वर्तमान निरन्तर,present continuous,ma,1st person · singular,no,म,nominative,no,ल्याउँदैछु,ल्या उँ दै छु,stem:ल्याउ + link:ँ + end:दै + aux:छु,empty-base > concatenate > concatenate > concatenate
ल्याउनु,to bring,U,उ-अन्त,yes,ल्याउ,ल्या,finite,prescont,वर्तमान निरन्तर,present continuous,hami,1st person · plural,no,हामी(हरू),nominative,no,ल्याउँदैछौँ,ल्या उँ दै छौँ,stem:ल्याउ + link:ँ + end:दै + aux:छौँ,empty-base > concatenate > concatenate > concatenate
ल्याउनु,to bring,U,उ-अन्त,yes,ल्याउ,ल्या,finite,prescont,वर्तमान निरन्तर,present continuous,ta,2nd person · low grade,no,तँ,nominative,no,ल्याउँदैछस्,ल्या उँ दै छ स्,stem:ल्याउ + link:ँ + end:दै + aux:छस्,empty-base > concatenate > concatenate > concatenate
ल्याउनु,to bring,U,उ-अन्त,yes,ल्याउ,ल्या,finite,prescont,वर्तमान निरन्तर,present continuous,timi,2nd person · mid grade,no,तिमी(हरू),nominative,no,ल्याउँदैछौ,ल्या उँ दै छौ,stem:ल्याउ + link:ँ + end:दै + aux:छौ,empty-base > concatenate > concatenate > concatenate
ल्याउनु,to bring,U,उ-अन्त,yes,ल्याउ,ल्या,finite,prescont,वर्तमान निरन्तर,present continuous,tapai,2nd person · high grade,yes,तपाईं(हरू),nominative,no,ल्याउँदै हुनुहुन्छ,ल्या उँ दै   हु नु हु न्छ,stem:ल्याउ + link:ँ + end:दै + aux: हुनुहुन्छ,empty-base > concatenate > concatenate > concatenate
ल्याउनु,to bring,U,उ-अन्त,yes,ल्याउ,ल्या,finite,prescont,वर्तमान निरन्तर,present continuous,u,3rd person · low grade,no,ऊ / त्यो,nominative,no,ल्याउँदैछ,ल्या उँ दै छ,stem:ल्याउ + link:ँ + end:दै + aux:छ,empty-base > concatenate > concatenate > concatenate
ल्याउनु,to bring,U,उ-अन्त,yes,ल्याउ,ल्या,finite,prescont,वर्तमान निरन्तर,present continuous,uni,3rd person · mid grade,no,उनी / उनीहरू,nominative,no,ल्याउँदैछन्,ल्या उँ दै छ न्,stem:ल्याउ + link:ँ + end:दै + aux:छन्,empty-base > concatenate > concatenate > concatenate
ल्याउनु,to bring,U,उ-अन्त,yes,ल्याउ,ल्या,finite,prescont,वर्तमान निरन्तर,present continuous,uha,3rd person · high grade,yes,उहाँ / वहाँ,nominative,no,ल्याउँदै हुनुहुन्छ,ल्या उँ दै   हु नु हु न्छ,stem:ल्याउ + link:ँ + end:दै + aux: हुनुहुन्छ,empty-base > concatenate > concatenate > concatenate
ल्याउनु,to bring,U,उ-अन्त,yes,ल्याउ,ल्या,finite,presperf,वर्तमान पूर्ण,present perfect,ma,1st person · singular,no,मैले,ergative -ले,no,ल्याएको छु,ल्या ए को   छु,stem:ल्या + end:एको + aux: छु,empty-base > hiatus > concatenate
ल्याउनु,to bring,U,उ-अन्त,yes,ल्याउ,ल्या,finite,presperf,वर्तमान पूर्ण,present perfect,hami,1st person · plural,no,हामी(हरू)ले,ergative -ले,no,ल्याएका छौँ,ल्या ए का   छौँ,stem:ल्या + end:एका + aux: छौँ,empty-base > hiatus > concatenate
ल्याउनु,to bring,U,उ-अन्त,yes,ल्याउ,ल्या,finite,presperf,वर्तमान पूर्ण,present perfect,ta,2nd person · low grade,no,तैंले,ergative -ले,no,ल्याएको छस्,ल्या ए को   छ स्,stem:ल्या + end:एको + aux: छस्,empty-base > hiatus > concatenate
ल्याउनु,to bring,U,उ-अन्त,yes,ल्याउ,ल्या,finite,presperf,वर्तमान पूर्ण,present perfect,timi,2nd person · mid grade,no,तिमी(हरू)ले,ergative -ले,no,ल्याएको छौ,ल्या ए को   छौ,stem:ल्या + end:एको + aux: छौ,empty-base > hiatus > concatenate
ल्याउनु,to bring,U,उ-अन्त,yes,ल्याउ,ल्या,finite,presperf,वर्तमान पूर्ण,present perfect,tapai,2nd person · high grade,yes,तपाईं(हरू)ले,ergative -ले,no,ल्याउनुभएको छ,ल्या उ नु भ ए को   छ,stem:ल्याउनु + aux:भएको छ,empty-base > concatenate
ल्याउनु,to bring,U,उ-अन्त,yes,ल्याउ,ल्या,finite,presperf,वर्तमान पूर्ण,present perfect,u,3rd person · low grade,no,उसले / त्यसले,ergative -ले,no,ल्याएको छ,ल्या ए को   छ,stem:ल्या + end:एको + aux: छ,empty-base > hiatus > concatenate
ल्याउनु,to bring,U,उ-अन्त,yes,ल्याउ,ल्या,finite,presperf,वर्तमान पूर्ण,present perfect,uni,3rd person · mid grade,no,उनले / उनीहरूले,ergative -ले,no,ल्याएका छन्,ल्या ए का   छ न्,stem:ल्या + end:एका + aux: छन्,empty-base > hiatus > concatenate
ल्याउनु,to bring,U,उ-अन्त,yes,ल्याउ,ल्या,finite,presperf,वर्तमान पूर्ण,present perfect,uha,3rd person · high grade,yes,उहाँले,ergative -ले,no,ल्याउनुभएको छ,ल्या उ नु भ ए को   छ,stem:ल्याउनु + aux:भएको छ,empty-base > concatenate
ल्याउनु,to bring,U,उ-अन्त,yes,ल्याउ,ल्या,finite,past,सामान्य भूत,simple past,ma,1st person · singular,no,मैले,ergative -ले,no,ल्याएँ,ल्या एँ,stem:ल्या + end:एँ,empty-base > hiatus
ल्याउनु,to bring,U,उ-अन्त,yes,ल्याउ,ल्या,finite,past,सामान्य भूत,simple past,hami,1st person · plural,no,हामी(हरू)ले,ergative -ले,no,ल्यायौँ,ल्या यौँ,stem:ल्या + end:यौँ,empty-base > concatenate
ल्याउनु,to bring,U,उ-अन्त,yes,ल्याउ,ल्या,finite,past,सामान्य भूत,simple past,ta,2nd person · low grade,no,तैंले,ergative -ले,no,ल्याइस्,ल्या इ स्,stem:ल्या + end:इस्,empty-base > hiatus
ल्याउनु,to bring,U,उ-अन्त,yes,ल्याउ,ल्या,finite,past,सामान्य भूत,simple past,timi,2nd person · mid grade,no,तिमी(हरू)ले,ergative -ले,no,ल्यायौ,ल्या यौ,stem:ल्या + end:यौ,empty-base > concatenate
ल्याउनु,to bring,U,उ-अन्त,yes,ल्याउ,ल्या,finite,past,सामान्य भूत,simple past,tapai,2nd person · high grade,yes,तपाईं(हरू)ले,ergative -ले,no,ल्याउनुभयो,ल्या उ नु भ यो,stem:ल्याउनु + aux:भयो,empty-base > concatenate
ल्याउनु,to bring,U,उ-अन्त,yes,ल्याउ,ल्या,finite,past,सामान्य भूत,simple past,u,3rd person · low grade,no,उसले / त्यसले,ergative -ले,no,ल्यायो,ल्या यो,stem:ल्या + end:यो,empty-base > concatenate
ल्याउनु,to bring,U,उ-अन्त,yes,ल्याउ,ल्या,finite,past,सामान्य भूत,simple past,uni,3rd person · mid grade,no,उनले / उनीहरूले,ergative -ले,no,ल्याए,ल्या ए,stem:ल्या + end:ए,empty-base > hiatus
ल्याउनु,to bring,U,उ-अन्त,yes,ल्याउ,ल्या,finite,past,सामान्य भूत,simple past,uha,3rd person · high grade,yes,उहाँले,ergative -ले,no,ल्याउनुभयो,ल्या उ नु भ यो,stem:ल्याउनु + aux:भयो,empty-base > concatenate
ल्याउनु,to bring,U,उ-अन्त,yes,ल्याउ,ल्या,finite,habpast,अभ्यस्त भूत,habitual past,ma,1st person · singular,no,म,nominative,no,ल्याउँथेँ,ल्या उँ थेँ,stem:ल्याउ + link:ँ + end:थेँ,empty-base > concatenate > concatenate
ल्याउनु,to bring,U,उ-अन्त,yes,ल्याउ,ल्या,finite,habpast,अभ्यस्त भूत,habitual past,hami,1st person · plural,no,हामी(हरू),nominative,no,ल्याउँथ्यौँ,ल्या उँ थ्यौँ,stem:ल्याउ + link:ँ + end:थ्यौँ,empty-base > concatenate > concatenate
ल्याउनु,to bring,U,उ-अन्त,yes,ल्याउ,ल्या,finite,habpast,अभ्यस्त भूत,habitual past,ta,2nd person · low grade,no,तँ,nominative,no,ल्याउँथिस्,ल्या उँ थि स्,stem:ल्याउ + link:ँ + end:थिस्,empty-base > concatenate > concatenate
ल्याउनु,to bring,U,उ-अन्त,yes,ल्याउ,ल्या,finite,habpast,अभ्यस्त भूत,habitual past,timi,2nd person · mid grade,no,तिमी(हरू),nominative,no,ल्याउँथ्यौ,ल्या उँ थ्यौ,stem:ल्याउ + link:ँ + end:थ्यौ,empty-base > concatenate > concatenate
ल्याउनु,to bring,U,उ-अन्त,yes,ल्याउ,ल्या,finite,habpast,अभ्यस्त भूत,habitual past,tapai,2nd person · high grade,yes,तपाईं(हरू),nominative,no,ल्याउनुहुन्थ्यो,ल्या उ नु हु न्थ्यो,stem:ल्याउनु + aux:हुन्थ्यो,empty-base > concatenate
ल्याउनु,to bring,U,उ-अन्त,yes,ल्याउ,ल्या,finite,habpast,अभ्यस्त भूत,habitual past,u,3rd person · low grade,no,ऊ / त्यो,nominative,no,ल्याउँथ्यो,ल्या उँ थ्यो,stem:ल्याउ + link:ँ + end:थ्यो,empty-base > concatenate > concatenate
ल्याउनु,to bring,U,उ-अन्त,yes,ल्याउ,ल्या,finite,habpast,अभ्यस्त भूत,habitual past,uni,3rd person · mid grade,no,उनी / उनीहरू,nominative,no,ल्याउँथे,ल्या उँ थे,stem:ल्याउ + link:ँ + end:थे,empty-base > concatenate > concatenate
ल्याउनु,to bring,U,उ-अन्त,yes,ल्याउ,ल्या,finite,habpast,अभ्यस्त भूत,habitual past,uha,3rd person · high grade,yes,उहाँ / वहाँ,nominative,no,ल्याउनुहुन्थ्यो,ल्या उ नु हु न्थ्यो,stem:ल्याउनु + aux:हुन्थ्यो,empty-base > concatenate
ल्याउनु,to bring,U,उ-अन्त,yes,ल्याउ,ल्या,finite,pastcont,भूत निरन्तर,past continuous,ma,1st person · singular,no,म,nominative,no,ल्याउँदै थिएँ,ल्या उँ दै   थि एँ,stem:ल्याउ + link:ँ + end:दै + aux: थिएँ,empty-base > concatenate > concatenate > concatenate
ल्याउनु,to bring,U,उ-अन्त,yes,ल्याउ,ल्या,finite,pastcont,भूत निरन्तर,past continuous,hami,1st person · plural,no,हामी(हरू),nominative,no,ल्याउँदै थियौँ,ल्या उँ दै   थि यौँ,stem:ल्याउ + link:ँ + end:दै + aux: थियौँ,empty-base > concatenate > concatenate > concatenate
ल्याउनु,to bring,U,उ-अन्त,yes,ल्याउ,ल्या,finite,pastcont,भूत निरन्तर,past continuous,ta,2nd person · low grade,no,तँ,nominative,no,ल्याउँदै थिइस्,ल्या उँ दै   थि इ स्,stem:ल्याउ + link:ँ + end:दै + aux: थिइस्,empty-base > concatenate > concatenate > concatenate
ल्याउनु,to bring,U,उ-अन्त,yes,ल्याउ,ल्या,finite,pastcont,भूत निरन्तर,past continuous,timi,2nd person · mid grade,no,तिमी(हरू),nominative,no,ल्याउँदै थियौ,ल्या उँ दै   थि यौ,stem:ल्याउ + link:ँ + end:दै + aux: थियौ,empty-base > concatenate > concatenate > concatenate
ल्याउनु,to bring,U,उ-अन्त,yes,ल्याउ,ल्या,finite,pastcont,भूत निरन्तर,past continuous,tapai,2nd person · high grade,yes,तपाईं(हरू),nominative,no,ल्याउँदै हुनुहुन्थ्यो,ल्या उँ दै   हु नु हु न्थ्यो,stem:ल्याउ + link:ँ + end:दै + aux: हुनुहुन्थ्यो,empty-base > concatenate > concatenate > concatenate
ल्याउनु,to bring,U,उ-अन्त,yes,ल्याउ,ल्या,finite,pastcont,भूत निरन्तर,past continuous,u,3rd person · low grade,no,ऊ / त्यो,nominative,no,ल्याउँदै थियो,ल्या उँ दै   थि यो,stem:ल्याउ + link:ँ + end:दै + aux: थियो,empty-base > concatenate > concatenate > concatenate
ल्याउनु,to bring,U,उ-अन्त,yes,ल्याउ,ल्या,finite,pastcont,भूत निरन्तर,past continuous,uni,3rd person · mid grade,no,उनी / उनीहरू,nominative,no,ल्याउँदै थिए,ल्या उँ दै   थि ए,stem:ल्याउ + link:ँ + end:दै + aux: थिए,empty-base > concatenate > concatenate > concatenate
ल्याउनु,to bring,U,उ-अन्त,yes,ल्याउ,ल्या,finite,pastcont,भूत निरन्तर,past continuous,uha,3rd person · high grade,yes,उहाँ / वहाँ,nominative,no,ल्याउँदै हुनुहुन्थ्यो,ल्या उँ दै   हु नु हु न्थ्यो,stem:ल्याउ + link:ँ + end:दै + aux: हुनुहुन्थ्यो,empty-base > concatenate > concatenate > concatenate
ल्याउनु,to bring,U,उ-अन्त,yes,ल्याउ,ल्या,finite,pastperf,भूत पूर्ण,past perfect,ma,1st person · singular,no,मैले,ergative -ले,no,ल्याएको थिएँ,ल्या ए को   थि एँ,stem:ल्या + end:एको + aux: थिएँ,empty-base > hiatus > concatenate
ल्याउनु,to bring,U,उ-अन्त,yes,ल्याउ,ल्या,finite,pastperf,भूत पूर्ण,past perfect,hami,1st person · plural,no,हामी(हरू)ले,ergative -ले,no,ल्याएका थियौँ,ल्या ए का   थि यौँ,stem:ल्या + end:एका + aux: थियौँ,empty-base > hiatus > concatenate
ल्याउनु,to bring,U,उ-अन्त,yes,ल्याउ,ल्या,finite,pastperf,भूत पूर्ण,past perfect,ta,2nd person · low grade,no,तैंले,ergative -ले,no,ल्याएको थिइस्,ल्या ए को   थि इ स्,stem:ल्या + end:एको + aux: थिइस्,empty-base > hiatus > concatenate
ल्याउनु,to bring,U,उ-अन्त,yes,ल्याउ,ल्या,finite,pastperf,भूत पूर्ण,past perfect,timi,2nd person · mid grade,no,तिमी(हरू)ले,ergative -ले,no,ल्याएको थियौ,ल्या ए को   थि यौ,stem:ल्या + end:एको + aux: थियौ,empty-base > hiatus > concatenate
ल्याउनु,to bring,U,उ-अन्त,yes,ल्याउ,ल्या,finite,pastperf,भूत पूर्ण,past perfect,tapai,2nd person · high grade,yes,तपाईं(हरू)ले,ergative -ले,no,ल्याउनुभएको थियो,ल्या उ नु भ ए को   थि यो,stem:ल्याउनु + aux:भएको थियो,empty-base > concatenate
ल्याउनु,to bring,U,उ-अन्त,yes,ल्याउ,ल्या,finite,pastperf,भूत पूर्ण,past perfect,u,3rd person · low grade,no,उसले / त्यसले,ergative -ले,no,ल्याएको थियो,ल्या ए को   थि यो,stem:ल्या + end:एको + aux: थियो,empty-base > hiatus > concatenate
ल्याउनु,to bring,U,उ-अन्त,yes,ल्याउ,ल्या,finite,pastperf,भूत पूर्ण,past perfect,uni,3rd person · mid grade,no,उनले / उनीहरूले,ergative -ले,no,ल्याएका थिए,ल्या ए का   थि ए,stem:ल्या + end:एका + aux: थिए,empty-base > hiatus > concatenate
ल्याउनु,to bring,U,उ-अन्त,yes,ल्याउ,ल्या,finite,pastperf,भूत पूर्ण,past perfect,uha,3rd person · high grade,yes,उहाँले,ergative -ले,no,ल्याउनुभएको थियो,ल्या उ नु भ ए को   थि यो,stem:ल्याउनु + aux:भएको थियो,empty-base > concatenate
ल्याउनु,to bring,U,उ-अन्त,yes,ल्याउ,ल्या,finite,future,सामान्य भविष्यत्,simple future,ma,1st person · singular,no,म,nominative,no,ल्याउनेछु,ल्या उ ने छु,stem:ल्याउ + end:ने + end:छु,empty-base > concatenate > concatenate
ल्याउनु,to bring,U,उ-अन्त,yes,ल्याउ,ल्या,finite,future,सामान्य भविष्यत्,simple future,hami,1st person · plural,no,हामी(हरू),nominative,no,ल्याउनेछौँ,ल्या उ ने छौँ,stem:ल्याउ + end:ने + end:छौँ,empty-base > concatenate > concatenate
ल्याउनु,to bring,U,उ-अन्त,yes,ल्याउ,ल्या,finite,future,सामान्य भविष्यत्,simple future,ta,2nd person · low grade,no,तँ,nominative,no,ल्याउनेछस्,ल्या उ ने छ स्,stem:ल्याउ + end:ने + end:छस्,empty-base > concatenate > concatenate
ल्याउनु,to bring,U,उ-अन्त,yes,ल्याउ,ल्या,finite,future,सामान्य भविष्यत्,simple future,timi,2nd person · mid grade,no,तिमी(हरू),nominative,no,ल्याउनेछौ,ल्या उ ने छौ,stem:ल्याउ + end:ने + end:छौ,empty-base > concatenate > concatenate
ल्याउनु,to bring,U,उ-अन्त,yes,ल्याउ,ल्या,finite,future,सामान्य भविष्यत्,simple future,tapai,2nd person · high grade,yes,तपाईं(हरू),nominative,no,ल्याउनुहुनेछ,ल्या उ नु हु ने छ,stem:ल्याउनु + aux:हुनेछ,empty-base > concatenate
ल्याउनु,to bring,U,उ-अन्त,yes,ल्याउ,ल्या,finite,future,सामान्य भविष्यत्,simple future,u,3rd person · low grade,no,ऊ / त्यो,nominative,no,ल्याउनेछ,ल्या उ ने छ,stem:ल्याउ + end:ने + end:छ,empty-base > concatenate > concatenate
ल्याउनु,to bring,U,उ-अन्त,yes,ल्याउ,ल्या,finite,future,सामान्य भविष्यत्,simple future,uni,3rd person · mid grade,no,उनी / उनीहरू,nominative,no,ल्याउनेछन्,ल्या उ ने छ न्,stem:ल्याउ + end:ने + end:छन्,empty-base > concatenate > concatenate
ल्याउनु,to bring,U,उ-अन्त,yes,ल्याउ,ल्या,finite,future,सामान्य भविष्यत्,simple future,uha,3rd person · high grade,yes,उहाँ / वहाँ,nominative,no,ल्याउनुहुनेछ,ल्या उ नु हु ने छ,stem:ल्याउनु + aux:हुनेछ,empty-base > concatenate
ल्याउनु,to bring,U,उ-अन्त,yes,ल्याउ,ल्या,finite,prob,सम्भावना,probable,ma,1st person · singular,no,म,nominative,yes,ल्याउँला,ल्या उँ ला,stem:ल्याउ + end:ँला,empty-base > concatenate
ल्याउनु,to bring,U,उ-अन्त,yes,ल्याउ,ल्या,finite,prob,सम्भावना,probable,hami,1st person · plural,no,हामी(हरू),nominative,yes,ल्याऔँला,ल्या औँ ला,stem:ल्या + end:औँला,empty-base > hiatus
ल्याउनु,to bring,U,उ-अन्त,yes,ल्याउ,ल्या,finite,prob,सम्भावना,probable,ta,2nd person · low grade,no,तँ,nominative,yes,ल्याउलास्,ल्या उ ला स्,stem:ल्याउ + end:लास्,empty-base > concatenate
ल्याउनु,to bring,U,उ-अन्त,yes,ल्याउ,ल्या,finite,prob,सम्भावना,probable,timi,2nd person · mid grade,no,तिमी(हरू),nominative,yes,ल्याऔला,ल्या औ ला,stem:ल्या + end:औला,empty-base > hiatus
ल्याउनु,to bring,U,उ-अन्त,yes,ल्याउ,ल्या,finite,prob,सम्भावना,probable,tapai,2nd person · high grade,yes,तपाईं(हरू),nominative,yes,ल्याउनुहोला,ल्या उ नु हो ला,stem:ल्याउनु + aux:होला,empty-base > concatenate
ल्याउनु,to bring,U,उ-अन्त,yes,ल्याउ,ल्या,finite,prob,सम्भावना,probable,u,3rd person · low grade,no,ऊ / त्यो,nominative,yes,ल्याउला,ल्या उ ला,stem:ल्याउ + end:ला,empty-base > concatenate
ल्याउनु,to bring,U,उ-अन्त,yes,ल्याउ,ल्या,finite,prob,सम्भावना,probable,uni,3rd person · mid grade,no,उनी / उनीहरू,nominative,yes,ल्याउलान्,ल्या उ ला न्,stem:ल्याउ + end:लान्,empty-base > concatenate
ल्याउनु,to bring,U,उ-अन्त,yes,ल्याउ,ल्या,finite,prob,सम्भावना,probable,uha,3rd person · high grade,yes,उहाँ / वहाँ,nominative,yes,ल्याउनुहोला,ल्या उ नु हो ला,stem:ल्याउनु + aux:होला,empty-base > concatenate
ल्याउनु,to bring,U,उ-अन्त,yes,ल्याउ,ल्या,finite,imp,आज्ञा र इच्छा,imperative & optative,ma,1st person · singular,no,म,nominative,no,ल्याऊँ,ल्या ऊँ,stem:ल्या + end:ऊँ,empty-base > hiatus
ल्याउनु,to bring,U,उ-अन्त,yes,ल्याउ,ल्या,finite,imp,आज्ञा र इच्छा,imperative & optative,hami,1st person · plural,no,हामी(हरू),nominative,no,ल्याऔँ,ल्या औँ,stem:ल्या + end:औँ,empty-base > hiatus
ल्याउनु,to bring,U,उ-अन्त,yes,ल्याउ,ल्या,finite,imp,आज्ञा र इच्छा,imperative & optative,ta,2nd person · low grade,no,तँ,nominative,no,ल्या,ल्या,stem:ल्या,empty-base
ल्याउनु,to bring,U,उ-अन्त,yes,ल्याउ,ल्या,finite,imp,आज्ञा र इच्छा,imperative & optative,timi,2nd person · mid grade,no,तिमी(हरू),nominative,no,ल्याऊ,ल्या ऊ,stem:ल्या + end:ऊ,empty-base > hiatus
ल्याउनु,to bring,U,उ-अन्त,yes,ल्याउ,ल्या,finite,imp,आज्ञा र इच्छा,imperative & optative,tapai,2nd person · high grade,yes,तपाईं(हरू),nominative,no,ल्याउनुहोस्,ल्या उ नु हो स्,stem:ल्याउनु + aux:होस्,empty-base > concatenate
ल्याउनु,to bring,U,उ-अन्त,yes,ल्याउ,ल्या,finite,imp,आज्ञा र इच्छा,imperative & optative,u,3rd person · low grade,no,ऊ / त्यो,nominative,no,ल्याओस्,ल्या ओ स्,stem:ल्या + end:ओस्,empty-base > hiatus
ल्याउनु,to bring,U,उ-अन्त,yes,ल्याउ,ल्या,finite,imp,आज्ञा र इच्छा,imperative & optative,uni,3rd person · mid grade,no,उनी / उनीहरू,nominative,no,ल्याऊन्,ल्या ऊ न्,stem:ल्या + end:ऊन्,empty-base > hiatus
ल्याउनु,to bring,U,उ-अन्त,yes,ल्याउ,ल्या,finite,imp,आज्ञा र इच्छा,imperative & optative,uha,3rd person · high grade,yes,उहाँ / वहाँ,nominative,no,ल्याउनुहोस्,ल्या उ नु हो स्,stem:ल्याउनु + aux:होस्,empty-base > concatenate
ल्याउनु,to bring,U,उ-अन्त,yes,ल्याउ,ल्या,non-finite,क्रियार्थक नाम,,dictionary form,,,,,,,ल्याउनु,ल्या उ नु,,
ल्याउनु,to bring,U,उ-अन्त,yes,ल्याउ,ल्या,non-finite,उद्देश्यवाचक,,in order to …,,,,,,,ल्याउन,ल्या उ न,,
ल्याउनु,to bring,U,उ-अन्त,yes,ल्याउ,ल्या,non-finite,भविष्यवाचक,,the one that will …,,,,,,,ल्याउने,ल्या उ ने,,
ल्याउनु,to bring,U,उ-अन्त,yes,ल्याउ,ल्या,non-finite,पूर्णकालिक,,having …-ed,,,,,,,ल्याएको,ल्या ए को,,
ल्याउनु,to bring,U,उ-अन्त,yes,ल्याउ,ल्या,non-finite,पूर्वकालिक,,"…-ing, then",,,,,,,ल्याएर,ल्या ए र,,
ल्याउनु,to bring,U,उ-अन्त,yes,ल्याउ,ल्या,non-finite,क्रियाविशेषण,,by …-ing,,,,,,,ल्याई,ल्या ई,,
ल्याउनु,to bring,U,उ-अन्त,yes,ल्याउ,ल्या,non-finite,अपूर्णकालिक,,while …-ing,,,,,,,ल्याउँदै,ल्या उँ दै,,
ल्याउनु,to bring,U,उ-अन्त,yes,ल्याउ,ल्या,non-finite,समयवाचक,,when …-ing,,,,,,,ल्याउँदा,ल्या उँ दा,,
ल्याउनु,to bring,U,उ-अन्त,yes,ल्याउ,ल्या,non-finite,सर्तवाचक,,if …,,,,,,,ल्याए भने,ल्या ए   भ ने,,
ल्याउनु,to bring,U,उ-अन्त,yes,ल्याउ,ल्या,infinitive,,,,,,,,,,ल्याउनु,ल्या उ नु,,
पिउनु,to drink,U,उ-अन्त,yes,पिउ,पि,finite,habpres,अभ्यस्त वर्तमान,habitual present,ma,1st person · singular,no,म,nominative,no,पिउँछु,पि उँ छु,stem:पिउ + link:ँ + end:छु,empty-base > concatenate > concatenate
पिउनु,to drink,U,उ-अन्त,yes,पिउ,पि,finite,habpres,अभ्यस्त वर्तमान,habitual present,hami,1st person · plural,no,हामी(हरू),nominative,no,पिउँछौँ,पि उँ छौँ,stem:पिउ + link:ँ + end:छौँ,empty-base > concatenate > concatenate
पिउनु,to drink,U,उ-अन्त,yes,पिउ,पि,finite,habpres,अभ्यस्त वर्तमान,habitual present,ta,2nd person · low grade,no,तँ,nominative,no,पिउँछस्,पि उँ छ स्,stem:पिउ + link:ँ + end:छस्,empty-base > concatenate > concatenate
पिउनु,to drink,U,उ-अन्त,yes,पिउ,पि,finite,habpres,अभ्यस्त वर्तमान,habitual present,timi,2nd person · mid grade,no,तिमी(हरू),nominative,no,पिउँछौ,पि उँ छौ,stem:पिउ + link:ँ + end:छौ,empty-base > concatenate > concatenate
पिउनु,to drink,U,उ-अन्त,yes,पिउ,पि,finite,habpres,अभ्यस्त वर्तमान,habitual present,tapai,2nd person · high grade,yes,तपाईं(हरू),nominative,no,पिउनुहुन्छ,पि उ नु हु न्छ,stem:पिउनु + aux:हुन्छ,empty-base > concatenate
पिउनु,to drink,U,उ-अन्त,yes,पिउ,पि,finite,habpres,अभ्यस्त वर्तमान,habitual present,u,3rd person · low grade,no,ऊ / त्यो,nominative,no,पिउँछ,पि उँ छ,stem:पिउ + link:ँ + end:छ,empty-base > concatenate > concatenate
पिउनु,to drink,U,उ-अन्त,yes,पिउ,पि,finite,habpres,अभ्यस्त वर्तमान,habitual present,uni,3rd person · mid grade,no,उनी / उनीहरू,nominative,no,पिउँछन्,पि उँ छ न्,stem:पिउ + link:ँ + end:छन्,empty-base > concatenate > concatenate
पिउनु,to drink,U,उ-अन्त,yes,पिउ,पि,finite,habpres,अभ्यस्त वर्तमान,habitual present,uha,3rd person · high grade,yes,उहाँ / वहाँ,nominative,no,पिउनुहुन्छ,पि उ नु हु न्छ,stem:पिउनु + aux:हुन्छ,empty-base > concatenate
पिउनु,to drink,U,उ-अन्त,yes,पिउ,पि,finite,prescont,वर्तमान निरन्तर,present continuous,ma,1st person · singular,no,म,nominative,no,पिउँदैछु,पि उँ दै छु,stem:पिउ + link:ँ + end:दै + aux:छु,empty-base > concatenate > concatenate > concatenate
पिउनु,to drink,U,उ-अन्त,yes,पिउ,पि,finite,prescont,वर्तमान निरन्तर,present continuous,hami,1st person · plural,no,हामी(हरू),nominative,no,पिउँदैछौँ,पि उँ दै छौँ,stem:पिउ + link:ँ + end:दै + aux:छौँ,empty-base > concatenate > concatenate > concatenate
पिउनु,to drink,U,उ-अन्त,yes,पिउ,पि,finite,prescont,वर्तमान निरन्तर,present continuous,ta,2nd person · low grade,no,तँ,nominative,no,पिउँदैछस्,पि उँ दै छ स्,stem:पिउ + link:ँ + end:दै + aux:छस्,empty-base > concatenate > concatenate > concatenate
पिउनु,to drink,U,उ-अन्त,yes,पिउ,पि,finite,prescont,वर्तमान निरन्तर,present continuous,timi,2nd person · mid grade,no,तिमी(हरू),nominative,no,पिउँदैछौ,पि उँ दै छौ,stem:पिउ + link:ँ + end:दै + aux:छौ,empty-base > concatenate > concatenate > concatenate
पिउनु,to drink,U,उ-अन्त,yes,पिउ,पि,finite,prescont,वर्तमान निरन्तर,present continuous,tapai,2nd person · high grade,yes,तपाईं(हरू),nominative,no,पिउँदै हुनुहुन्छ,पि उँ दै   हु नु हु न्छ,stem:पिउ + link:ँ + end:दै + aux: हुनुहुन्छ,empty-base > concatenate > concatenate > concatenate
पिउनु,to drink,U,उ-अन्त,yes,पिउ,पि,finite,prescont,वर्तमान निरन्तर,present continuous,u,3rd person · low grade,no,ऊ / त्यो,nominative,no,पिउँदैछ,पि उँ दै छ,stem:पिउ + link:ँ + end:दै + aux:छ,empty-base > concatenate > concatenate > concatenate
पिउनु,to drink,U,उ-अन्त,yes,पिउ,पि,finite,prescont,वर्तमान निरन्तर,present continuous,uni,3rd person · mid grade,no,उनी / उनीहरू,nominative,no,पिउँदैछन्,पि उँ दै छ न्,stem:पिउ + link:ँ + end:दै + aux:छन्,empty-base > concatenate > concatenate > concatenate
पिउनु,to drink,U,उ-अन्त,yes,पिउ,पि,finite,prescont,वर्तमान निरन्तर,present continuous,uha,3rd person · high grade,yes,उहाँ / वहाँ,nominative,no,पिउँदै हुनुहुन्छ,पि उँ दै   हु नु हु न्छ,stem:पिउ + link:ँ + end:दै + aux: हुनुहुन्छ,empty-base > concatenate > concatenate > concatenate
पिउनु,to drink,U,उ-अन्त,yes,पिउ,पि,finite,presperf,वर्तमान पूर्ण,present perfect,ma,1st person · singular,no,मैले,ergative -ले,no,पिएको छु,पि ए को   छु,stem:पि + end:एको + aux: छु,empty-base > hiatus > concatenate
पिउनु,to drink,U,उ-अन्त,yes,पिउ,पि,finite,presperf,वर्तमान पूर्ण,present perfect,hami,1st person · plural,no,हामी(हरू)ले,ergative -ले,no,पिएका छौँ,पि ए का   छौँ,stem:पि + end:एका + aux: छौँ,empty-base > hiatus > concatenate
पिउनु,to drink,U,उ-अन्त,yes,पिउ,पि,finite,presperf,वर्तमान पूर्ण,present perfect,ta,2nd person · low grade,no,तैंले,ergative -ले,no,पिएको छस्,पि ए को   छ स्,stem:पि + end:एको + aux: छस्,empty-base > hiatus > concatenate
पिउनु,to drink,U,उ-अन्त,yes,पिउ,पि,finite,presperf,वर्तमान पूर्ण,present perfect,timi,2nd person · mid grade,no,तिमी(हरू)ले,ergative -ले,no,पिएको छौ,पि ए को   छौ,stem:पि + end:एको + aux: छौ,empty-base > hiatus > concatenate
पिउनु,to drink,U,उ-अन्त,yes,पिउ,पि,finite,presperf,वर्तमान पूर्ण,present perfect,tapai,2nd person · high grade,yes,तपाईं(हरू)ले,ergative -ले,no,पिउनुभएको छ,पि उ नु भ ए को   छ,stem:पिउनु + aux:भएको छ,empty-base > concatenate
पिउनु,to drink,U,उ-अन्त,yes,पिउ,पि,finite,presperf,वर्तमान पूर्ण,present perfect,u,3rd person · low grade,no,उसले / त्यसले,ergative -ले,no,पिएको छ,पि ए को   छ,stem:पि + end:एको + aux: छ,empty-base > hiatus > concatenate
पिउनु,to drink,U,उ-अन्त,yes,पिउ,पि,finite,presperf,वर्तमान पूर्ण,present perfect,uni,3rd person · mid grade,no,उनले / उनीहरूले,ergative -ले,no,पिएका छन्,पि ए का   छ न्,stem:पि + end:एका + aux: छन्,empty-base > hiatus > concatenate
पिउनु,to drink,U,उ-अन्त,yes,पिउ,पि,finite,presperf,वर्तमान पूर्ण,present perfect,uha,3rd person · high grade,yes,उहाँले,ergative -ले,no,पिउनुभएको छ,पि उ नु भ ए को   छ,stem:पिउनु + aux:भएको छ,empty-base > concatenate
पिउनु,to drink,U,उ-अन्त,yes,पिउ,पि,finite,past,सामान्य भूत,simple past,ma,1st person · singular,no,मैले,ergative -ले,no,पिएँ,पि एँ,stem:पि + end:एँ,empty-base > hiatus
पिउनु,to drink,U,उ-अन्त,yes,पिउ,पि,finite,past,सामान्य भूत,simple past,hami,1st person · plural,no,हामी(हरू)ले,ergative -ले,no,पियौँ,पि यौँ,stem:पि + end:यौँ,empty-base > concatenate
पिउनु,to drink,U,उ-अन्त,yes,पिउ,पि,finite,past,सामान्य भूत,simple past,ta,2nd person · low grade,no,तैंले,ergative -ले,no,पिइस्,पि इ स्,stem:पि + end:इस्,empty-base > hiatus
पिउनु,to drink,U,उ-अन्त,yes,पिउ,पि,finite,past,सामान्य भूत,simple past,timi,2nd person · mid grade,no,तिमी(हरू)ले,ergative -ले,no,पियौ,पि यौ,stem:पि + end:यौ,empty-base > concatenate
पिउनु,to drink,U,उ-अन्त,yes,पिउ,पि,finite,past,सामान्य भूत,simple past,tapai,2nd person · high grade,yes,तपाईं(हरू)ले,ergative -ले,no,पिउनुभयो,पि उ नु भ यो,stem:पिउनु + aux:भयो,empty-base > concatenate
पिउनु,to drink,U,उ-अन्त,yes,पिउ,पि,finite,past,सामान्य भूत,simple past,u,3rd person · low grade,no,उसले / त्यसले,ergative -ले,no,पियो,पि यो,stem:पि + end:यो,empty-base > concatenate
पिउनु,to drink,U,उ-अन्त,yes,पिउ,पि,finite,past,सामान्य भूत,simple past,uni,3rd person · mid grade,no,उनले / उनीहरूले,ergative -ले,no,पिए,पि ए,stem:पि + end:ए,empty-base > hiatus
पिउनु,to drink,U,उ-अन्त,yes,पिउ,पि,finite,past,सामान्य भूत,simple past,uha,3rd person · high grade,yes,उहाँले,ergative -ले,no,पिउनुभयो,पि उ नु भ यो,stem:पिउनु + aux:भयो,empty-base > concatenate
पिउनु,to drink,U,उ-अन्त,yes,पिउ,पि,finite,habpast,अभ्यस्त भूत,habitual past,ma,1st person · singular,no,म,nominative,no,पिउँथेँ,पि उँ थेँ,stem:पिउ + link:ँ + end:थेँ,empty-base > concatenate > concatenate
पिउनु,to drink,U,उ-अन्त,yes,पिउ,पि,finite,habpast,अभ्यस्त भूत,habitual past,hami,1st person · plural,no,हामी(हरू),nominative,no,पिउँथ्यौँ,पि उँ थ्यौँ,stem:पिउ + link:ँ + end:थ्यौँ,empty-base > concatenate > concatenate
पिउनु,to drink,U,उ-अन्त,yes,पिउ,पि,finite,habpast,अभ्यस्त भूत,habitual past,ta,2nd person · low grade,no,तँ,nominative,no,पिउँथिस्,पि उँ थि स्,stem:पिउ + link:ँ + end:थिस्,empty-base > concatenate > concatenate
पिउनु,to drink,U,उ-अन्त,yes,पिउ,पि,finite,habpast,अभ्यस्त भूत,habitual past,timi,2nd person · mid grade,no,तिमी(हरू),nominative,no,पिउँथ्यौ,पि उँ थ्यौ,stem:पिउ + link:ँ + end:थ्यौ,empty-base > concatenate > concatenate
पिउनु,to drink,U,उ-अन्त,yes,पिउ,पि,finite,habpast,अभ्यस्त भूत,habitual past,tapai,2nd person · high grade,yes,तपाईं(हरू),nominative,no,पिउनुहुन्थ्यो,पि उ नु हु न्थ्यो,stem:पिउनु + aux:हुन्थ्यो,empty-base > concatenate
पिउनु,to drink,U,उ-अन्त,yes,पिउ,पि,finite,habpast,अभ्यस्त भूत,habitual past,u,3rd person · low grade,no,ऊ / त्यो,nominative,no,पिउँथ्यो,पि उँ थ्यो,stem:पिउ + link:ँ + end:थ्यो,empty-base > concatenate > concatenate
पिउनु,to drink,U,उ-अन्त,yes,पिउ,पि,finite,habpast,अभ्यस्त भूत,habitual past,uni,3rd person · mid grade,no,उनी / उनीहरू,nominative,no,पिउँथे,पि उँ थे,stem:पिउ + link:ँ + end:थे,empty-base > concatenate > concatenate
पिउनु,to drink,U,उ-अन्त,yes,पिउ,पि,finite,habpast,अभ्यस्त भूत,habitual past,uha,3rd person · high grade,yes,उहाँ / वहाँ,nominative,no,पिउनुहुन्थ्यो,पि उ नु हु न्थ्यो,stem:पिउनु + aux:हुन्थ्यो,empty-base > concatenate
पिउनु,to drink,U,उ-अन्त,yes,पिउ,पि,finite,pastcont,भूत निरन्तर,past continuous,ma,1st person · singular,no,म,nominative,no,पिउँदै थिएँ,पि उँ दै   थि एँ,stem:पिउ + link:ँ + end:दै + aux: थिएँ,empty-base > concatenate > concatenate > concatenate
पिउनु,to drink,U,उ-अन्त,yes,पिउ,पि,finite,pastcont,भूत निरन्तर,past continuous,hami,1st person · plural,no,हामी(हरू),nominative,no,पिउँदै थियौँ,पि उँ दै   थि यौँ,stem:पिउ + link:ँ + end:दै + aux: थियौँ,empty-base > concatenate > concatenate > concatenate
पिउनु,to drink,U,उ-अन्त,yes,पिउ,पि,finite,pastcont,भूत निरन्तर,past continuous,ta,2nd person · low grade,no,तँ,nominative,no,पिउँदै थिइस्,पि उँ दै   थि इ स्,stem:पिउ + link:ँ + end:दै + aux: थिइस्,empty-base > concatenate > concatenate > concatenate
पिउनु,to drink,U,उ-अन्त,yes,पिउ,पि,finite,pastcont,भूत निरन्तर,past continuous,timi,2nd person · mid grade,no,तिमी(हरू),nominative,no,पिउँदै थियौ,पि उँ दै   थि यौ,stem:पिउ + link:ँ + end:दै + aux: थियौ,empty-base > concatenate > concatenate > concatenate
पिउनु,to drink,U,उ-अन्त,yes,पिउ,पि,finite,pastcont,भूत निरन्तर,past continuous,tapai,2nd person · high grade,yes,तपाईं(हरू),nominative,no,पिउँदै हुनुहुन्थ्यो,पि उँ दै   हु नु हु न्थ्यो,stem:पिउ + link:ँ + end:दै + aux: हुनुहुन्थ्यो,empty-base > concatenate > concatenate > concatenate
पिउनु,to drink,U,उ-अन्त,yes,पिउ,पि,finite,pastcont,भूत निरन्तर,past continuous,u,3rd person · low grade,no,ऊ / त्यो,nominative,no,पिउँदै थियो,पि उँ दै   थि यो,stem:पिउ + link:ँ + end:दै + aux: थियो,empty-base > concatenate > concatenate > concatenate
पिउनु,to drink,U,उ-अन्त,yes,पिउ,पि,finite,pastcont,भूत निरन्तर,past continuous,uni,3rd person · mid grade,no,उनी / उनीहरू,nominative,no,पिउँदै थिए,पि उँ दै   थि ए,stem:पिउ + link:ँ + end:दै + aux: थिए,empty-base > concatenate > concatenate > concatenate
पिउनु,to drink,U,उ-अन्त,yes,पिउ,पि,finite,pastcont,भूत निरन्तर,past continuous,uha,3rd person · high grade,yes,उहाँ / वहाँ,nominative,no,पिउँदै हुनुहुन्थ्यो,पि उँ दै   हु नु हु न्थ्यो,stem:पिउ + link:ँ + end:दै + aux: हुनुहुन्थ्यो,empty-base > concatenate > concatenate > concatenate
पिउनु,to drink,U,उ-अन्त,yes,पिउ,पि,finite,pastperf,भूत पूर्ण,past perfect,ma,1st person · singular,no,मैले,ergative -ले,no,पिएको थिएँ,पि ए को   थि एँ,stem:पि + end:एको + aux: थिएँ,empty-base > hiatus > concatenate
पिउनु,to drink,U,उ-अन्त,yes,पिउ,पि,finite,pastperf,भूत पूर्ण,past perfect,hami,1st person · plural,no,हामी(हरू)ले,ergative -ले,no,पिएका थियौँ,पि ए का   थि यौँ,stem:पि + end:एका + aux: थियौँ,empty-base > hiatus > concatenate
पिउनु,to drink,U,उ-अन्त,yes,पिउ,पि,finite,pastperf,भूत पूर्ण,past perfect,ta,2nd person · low grade,no,तैंले,ergative -ले,no,पिएको थिइस्,पि ए को   थि इ स्,stem:पि + end:एको + aux: थिइस्,empty-base > hiatus > concatenate
पिउनु,to drink,U,उ-अन्त,yes,पिउ,पि,finite,pastperf,भूत पूर्ण,past perfect,timi,2nd person · mid grade,no,तिमी(हरू)ले,ergative -ले,no,पिएको थियौ,पि ए को   थि यौ,stem:पि + end:एको + aux: थियौ,empty-base > hiatus > concatenate
पिउनु,to drink,U,उ-अन्त,yes,पिउ,पि,finite,pastperf,भूत पूर्ण,past perfect,tapai,2nd person · high grade,yes,तपाईं(हरू)ले,ergative -ले,no,पिउनुभएको थियो,पि उ नु भ ए को   थि यो,stem:पिउनु + aux:भएको थियो,empty-base > concatenate
पिउनु,to drink,U,उ-अन्त,yes,पिउ,पि,finite,pastperf,भूत पूर्ण,past perfect,u,3rd person · low grade,no,उसले / त्यसले,ergative -ले,no,पिएको थियो,पि ए को   थि यो,stem:पि + end:एको + aux: थियो,empty-base > hiatus > concatenate
पिउनु,to drink,U,उ-अन्त,yes,पिउ,पि,finite,pastperf,भूत पूर्ण,past perfect,uni,3rd person · mid grade,no,उनले / उनीहरूले,ergative -ले,no,पिएका थिए,पि ए का   थि ए,stem:पि + end:एका + aux: थिए,empty-base > hiatus > concatenate
पिउनु,to drink,U,उ-अन्त,yes,पिउ,पि,finite,pastperf,भूत पूर्ण,past perfect,uha,3rd person · high grade,yes,उहाँले,ergative -ले,no,पिउनुभएको थियो,पि उ नु भ ए को   थि यो,stem:पिउनु + aux:भएको थियो,empty-base > concatenate
पिउनु,to drink,U,उ-अन्त,yes,पिउ,पि,finite,future,सामान्य भविष्यत्,simple future,ma,1st person · singular,no,म,nominative,no,पिउनेछु,पि उ ने छु,stem:पिउ + end:ने + end:छु,empty-base > concatenate > concatenate
पिउनु,to drink,U,उ-अन्त,yes,पिउ,पि,finite,future,सामान्य भविष्यत्,simple future,hami,1st person · plural,no,हामी(हरू),nominative,no,पिउनेछौँ,पि उ ने छौँ,stem:पिउ + end:ने + end:छौँ,empty-base > concatenate > concatenate
पिउनु,to drink,U,उ-अन्त,yes,पिउ,पि,finite,future,सामान्य भविष्यत्,simple future,ta,2nd person · low grade,no,तँ,nominative,no,पिउनेछस्,पि उ ने छ स्,stem:पिउ + end:ने + end:छस्,empty-base > concatenate > concatenate
पिउनु,to drink,U,उ-अन्त,yes,पिउ,पि,finite,future,सामान्य भविष्यत्,simple future,timi,2nd person · mid grade,no,तिमी(हरू),nominative,no,पिउनेछौ,पि उ ने छौ,stem:पिउ + end:ने + end:छौ,empty-base > concatenate > concatenate
पिउनु,to drink,U,उ-अन्त,yes,पिउ,पि,finite,future,सामान्य भविष्यत्,simple future,tapai,2nd person · high grade,yes,तपाईं(हरू),nominative,no,पिउनुहुनेछ,पि उ नु हु ने छ,stem:पिउनु + aux:हुनेछ,empty-base > concatenate
पिउनु,to drink,U,उ-अन्त,yes,पिउ,पि,finite,future,सामान्य भविष्यत्,simple future,u,3rd person · low grade,no,ऊ / त्यो,nominative,no,पिउनेछ,पि उ ने छ,stem:पिउ + end:ने + end:छ,empty-base > concatenate > concatenate
पिउनु,to drink,U,उ-अन्त,yes,पिउ,पि,finite,future,सामान्य भविष्यत्,simple future,uni,3rd person · mid grade,no,उनी / उनीहरू,nominative,no,पिउनेछन्,पि उ ने छ न्,stem:पिउ + end:ने + end:छन्,empty-base > concatenate > concatenate
पिउनु,to drink,U,उ-अन्त,yes,पिउ,पि,finite,future,सामान्य भविष्यत्,simple future,uha,3rd person · high grade,yes,उहाँ / वहाँ,nominative,no,पिउनुहुनेछ,पि उ नु हु ने छ,stem:पिउनु + aux:हुनेछ,empty-base > concatenate
पिउनु,to drink,U,उ-अन्त,yes,पिउ,पि,finite,prob,सम्भावना,probable,ma,1st person · singular,no,म,nominative,yes,पिउँला,पि उँ ला,stem:पिउ + end:ँला,empty-base > concatenate
पिउनु,to drink,U,उ-अन्त,yes,पिउ,पि,finite,prob,सम्भावना,probable,hami,1st person · plural,no,हामी(हरू),nominative,yes,पिऔँला,पि औँ ला,stem:पि + end:औँला,empty-base > hiatus
पिउनु,to drink,U,उ-अन्त,yes,पिउ,पि,finite,prob,सम्भावना,probable,ta,2nd person · low grade,no,तँ,nominative,yes,पिउलास्,पि उ ला स्,stem:पिउ + end:लास्,empty-base > concatenate
पिउनु,to drink,U,उ-अन्त,yes,पिउ,पि,finite,prob,सम्भावना,probable,timi,2nd person · mid grade,no,तिमी(हरू),nominative,yes,पिऔला,पि औ ला,stem:पि + end:औला,empty-base > hiatus
पिउनु,to drink,U,उ-अन्त,yes,पिउ,पि,finite,prob,सम्भावना,probable,tapai,2nd person · high grade,yes,तपाईं(हरू),nominative,yes,पिउनुहोला,पि उ नु हो ला,stem:पिउनु + aux:होला,empty-base > concatenate
पिउनु,to drink,U,उ-अन्त,yes,पिउ,पि,finite,prob,सम्भावना,probable,u,3rd person · low grade,no,ऊ / त्यो,nominative,yes,पिउला,पि उ ला,stem:पिउ + end:ला,empty-base > concatenate
पिउनु,to drink,U,उ-अन्त,yes,पिउ,पि,finite,prob,सम्भावना,probable,uni,3rd person · mid grade,no,उनी / उनीहरू,nominative,yes,पिउलान्,पि उ ला न्,stem:पिउ + end:लान्,empty-base > concatenate
पिउनु,to drink,U,उ-अन्त,yes,पिउ,पि,finite,prob,सम्भावना,probable,uha,3rd person · high grade,yes,उहाँ / वहाँ,nominative,yes,पिउनुहोला,पि उ नु हो ला,stem:पिउनु + aux:होला,empty-base > concatenate
पिउनु,to drink,U,उ-अन्त,yes,पिउ,पि,finite,imp,आज्ञा र इच्छा,imperative & optative,ma,1st person · singular,no,म,nominative,no,पिऊँ,पि ऊँ,stem:पि + end:ऊँ,empty-base > hiatus
पिउनु,to drink,U,उ-अन्त,yes,पिउ,पि,finite,imp,आज्ञा र इच्छा,imperative & optative,hami,1st person · plural,no,हामी(हरू),nominative,no,पिऔँ,पि औँ,stem:पि + end:औँ,empty-base > hiatus
पिउनु,to drink,U,उ-अन्त,yes,पिउ,पि,finite,imp,आज्ञा र इच्छा,imperative & optative,ta,2nd person · low grade,no,तँ,nominative,no,पि,पि,stem:पि,empty-base
पिउनु,to drink,U,उ-अन्त,yes,पिउ,पि,finite,imp,आज्ञा र इच्छा,imperative & optative,timi,2nd person · mid grade,no,तिमी(हरू),nominative,no,पिऊ,पि ऊ,stem:पि + end:ऊ,empty-base > hiatus
पिउनु,to drink,U,उ-अन्त,yes,पिउ,पि,finite,imp,आज्ञा र इच्छा,imperative & optative,tapai,2nd person · high grade,yes,तपाईं(हरू),nominative,no,पिउनुहोस्,पि उ नु हो स्,stem:पिउनु + aux:होस्,empty-base > concatenate
पिउनु,to drink,U,उ-अन्त,yes,पिउ,पि,finite,imp,आज्ञा र इच्छा,imperative & optative,u,3rd person · low grade,no,ऊ / त्यो,nominative,no,पिओस्,पि ओ स्,stem:पि + end:ओस्,empty-base > hiatus
पिउनु,to drink,U,उ-अन्त,yes,पिउ,पि,finite,imp,आज्ञा र इच्छा,imperative & optative,uni,3rd person · mid grade,no,उनी / उनीहरू,nominative,no,पिऊन्,पि ऊ न्,stem:पि + end:ऊन्,empty-base > hiatus
पिउनु,to drink,U,उ-अन्त,yes,पिउ,पि,finite,imp,आज्ञा र इच्छा,imperative & optative,uha,3rd person · high grade,yes,उहाँ / वहाँ,nominative,no,पिउनुहोस्,पि उ नु हो स्,stem:पिउनु + aux:होस्,empty-base > concatenate
पिउनु,to drink,U,उ-अन्त,yes,पिउ,पि,non-finite,क्रियार्थक नाम,,dictionary form,,,,,,,पिउनु,पि उ नु,,
पिउनु,to drink,U,उ-अन्त,yes,पिउ,पि,non-finite,उद्देश्यवाचक,,in order to …,,,,,,,पिउन,पि उ न,,
पिउनु,to drink,U,उ-अन्त,yes,पिउ,पि,non-finite,भविष्यवाचक,,the one that will …,,,,,,,पिउने,पि उ ने,,
पिउनु,to drink,U,उ-अन्त,yes,पिउ,पि,non-finite,पूर्णकालिक,,having …-ed,,,,,,,पिएको,पि ए को,,
पिउनु,to drink,U,उ-अन्त,yes,पिउ,पि,non-finite,पूर्वकालिक,,"…-ing, then",,,,,,,पिएर,पि ए र,,
पिउनु,to drink,U,उ-अन्त,yes,पिउ,पि,non-finite,क्रियाविशेषण,,by …-ing,,,,,,,पिई,पि ई,,
पिउनु,to drink,U,उ-अन्त,yes,पिउ,पि,non-finite,अपूर्णकालिक,,while …-ing,,,,,,,पिउँदै,पि उँ दै,,
पिउनु,to drink,U,उ-अन्त,yes,पिउ,पि,non-finite,समयवाचक,,when …-ing,,,,,,,पिउँदा,पि उँ दा,,
पिउनु,to drink,U,उ-अन्त,yes,पिउ,पि,non-finite,सर्तवाचक,,if …,,,,,,,पिए भने,पि ए   भ ने,,
पिउनु,to drink,U,उ-अन्त,yes,पिउ,पि,infinitive,,,,,,,,,,पिउनु,पि उ नु,,
नुहाउनु,to bathe,U,उ-अन्त,no,नुहाउ,नुहा,finite,habpres,अभ्यस्त वर्तमान,habitual present,ma,1st person · singular,no,म,nominative,no,नुहाउँछु,नु हा उँ छु,stem:नुहाउ + link:ँ + end:छु,empty-base > concatenate > concatenate
नुहाउनु,to bathe,U,उ-अन्त,no,नुहाउ,नुहा,finite,habpres,अभ्यस्त वर्तमान,habitual present,hami,1st person · plural,no,हामी(हरू),nominative,no,नुहाउँछौँ,नु हा उँ छौँ,stem:नुहाउ + link:ँ + end:छौँ,empty-base > concatenate > concatenate
नुहाउनु,to bathe,U,उ-अन्त,no,नुहाउ,नुहा,finite,habpres,अभ्यस्त वर्तमान,habitual present,ta,2nd person · low grade,no,तँ,nominative,no,नुहाउँछस्,नु हा उँ छ स्,stem:नुहाउ + link:ँ + end:छस्,empty-base > concatenate > concatenate
नुहाउनु,to bathe,U,उ-अन्त,no,नुहाउ,नुहा,finite,habpres,अभ्यस्त वर्तमान,habitual present,timi,2nd person · mid grade,no,तिमी(हरू),nominative,no,नुहाउँछौ,नु हा उँ छौ,stem:नुहाउ + link:ँ + end:छौ,empty-base > concatenate > concatenate
नुहाउनु,to bathe,U,उ-अन्त,no,नुहाउ,नुहा,finite,habpres,अभ्यस्त वर्तमान,habitual present,tapai,2nd person · high grade,yes,तपाईं(हरू),nominative,no,नुहाउनुहुन्छ,नु हा उ नु हु न्छ,stem:नुहाउनु + aux:हुन्छ,empty-base > concatenate
नुहाउनु,to bathe,U,उ-अन्त,no,नुहाउ,नुहा,finite,habpres,अभ्यस्त वर्तमान,habitual present,u,3rd person · low grade,no,ऊ / त्यो,nominative,no,नुहाउँछ,नु हा उँ छ,stem:नुहाउ + link:ँ + end:छ,empty-base > concatenate > concatenate
नुहाउनु,to bathe,U,उ-अन्त,no,नुहाउ,नुहा,finite,habpres,अभ्यस्त वर्तमान,habitual present,uni,3rd person · mid grade,no,उनी / उनीहरू,nominative,no,नुहाउँछन्,नु हा उँ छ न्,stem:नुहाउ + link:ँ + end:छन्,empty-base > concatenate > concatenate
नुहाउनु,to bathe,U,उ-अन्त,no,नुहाउ,नुहा,finite,habpres,अभ्यस्त वर्तमान,habitual present,uha,3rd person · high grade,yes,उहाँ / वहाँ,nominative,no,नुहाउनुहुन्छ,नु हा उ नु हु न्छ,stem:नुहाउनु + aux:हुन्छ,empty-base > concatenate
नुहाउनु,to bathe,U,उ-अन्त,no,नुहाउ,नुहा,finite,prescont,वर्तमान निरन्तर,present continuous,ma,1st person · singular,no,म,nominative,no,नुहाउँदैछु,नु हा उँ दै छु,stem:नुहाउ + link:ँ + end:दै + aux:छु,empty-base > concatenate > concatenate > concatenate
नुहाउनु,to bathe,U,उ-अन्त,no,नुहाउ,नुहा,finite,prescont,वर्तमान निरन्तर,present continuous,hami,1st person · plural,no,हामी(हरू),nominative,no,नुहाउँदैछौँ,नु हा उँ दै छौँ,stem:नुहाउ + link:ँ + end:दै + aux:छौँ,empty-base > concatenate > concatenate > concatenate
नुहाउनु,to bathe,U,उ-अन्त,no,नुहाउ,नुहा,finite,prescont,वर्तमान निरन्तर,present continuous,ta,2nd person · low grade,no,तँ,nominative,no,नुहाउँदैछस्,नु हा उँ दै छ स्,stem:नुहाउ + link:ँ + end:दै + aux:छस्,empty-base > concatenate > concatenate > concatenate
नुहाउनु,to bathe,U,उ-अन्त,no,नुहाउ,नुहा,finite,prescont,वर्तमान निरन्तर,present continuous,timi,2nd person · mid grade,no,तिमी(हरू),nominative,no,नुहाउँदैछौ,नु हा उँ दै छौ,stem:नुहाउ + link:ँ + end:दै + aux:छौ,empty-base > concatenate > concatenate > concatenate
नुहाउनु,to bathe,U,उ-अन्त,no,नुहाउ,नुहा,finite,prescont,वर्तमान निरन्तर,present continuous,tapai,2nd person · high grade,yes,तपाईं(हरू),nominative,no,नुहाउँदै हुनुहुन्छ,नु हा उँ दै   हु नु हु न्छ,stem:नुहाउ + link:ँ + end:दै + aux: हुनुहुन्छ,empty-base > concatenate > concatenate > concatenate
नुहाउनु,to bathe,U,उ-अन्त,no,नुहाउ,नुहा,finite,prescont,वर्तमान निरन्तर,present continuous,u,3rd person · low grade,no,ऊ / त्यो,nominative,no,नुहाउँदैछ,नु हा उँ दै छ,stem:नुहाउ + link:ँ + end:दै + aux:छ,empty-base > concatenate > concatenate > concatenate
नुहाउनु,to bathe,U,उ-अन्त,no,नुहाउ,नुहा,finite,prescont,वर्तमान निरन्तर,present continuous,uni,3rd person · mid grade,no,उनी / उनीहरू,nominative,no,नुहाउँदैछन्,नु हा उँ दै छ न्,stem:नुहाउ + link:ँ + end:दै + aux:छन्,empty-base > concatenate > concatenate > concatenate
नुहाउनु,to bathe,U,उ-अन्त,no,नुहाउ,नुहा,finite,prescont,वर्तमान निरन्तर,present continuous,uha,3rd person · high grade,yes,उहाँ / वहाँ,nominative,no,नुहाउँदै हुनुहुन्छ,नु हा उँ दै   हु नु हु न्छ,stem:नुहाउ + link:ँ + end:दै + aux: हुनुहुन्छ,empty-base > concatenate > concatenate > concatenate
नुहाउनु,to bathe,U,उ-अन्त,no,नुहाउ,नुहा,finite,presperf,वर्तमान पूर्ण,present perfect,ma,1st person · singular,no,म,nominative,no,नुहाएको छु,नु हा ए को   छु,stem:नुहा + end:एको + aux: छु,empty-base > hiatus > concatenate
नुहाउनु,to bathe,U,उ-अन्त,no,नुहाउ,नुहा,finite,presperf,वर्तमान पूर्ण,present perfect,hami,1st person · plural,no,हामी(हरू),nominative,no,नुहाएका छौँ,नु हा ए का   छौँ,stem:नुहा + end:एका + aux: छौँ,empty-base > hiatus > concatenate
नुहाउनु,to bathe,U,उ-अन्त,no,नुहाउ,नुहा,finite,presperf,वर्तमान पूर्ण,present perfect,ta,2nd person · low grade,no,तँ,nominative,no,नुहाएको छस्,नु हा ए को   छ स्,stem:नुहा + end:एको + aux: छस्,empty-base > hiatus > concatenate
नुहाउनु,to bathe,U,उ-अन्त,no,नुहाउ,नुहा,finite,presperf,वर्तमान पूर्ण,present perfect,timi,2nd person · mid grade,no,तिमी(हरू),nominative,no,नुहाएको छौ,नु हा ए को   छौ,stem:नुहा + end:एको + aux: छौ,empty-base > hiatus > concatenate
नुहाउनु,to bathe,U,उ-अन्त,no,नुहाउ,नुहा,finite,presperf,वर्तमान पूर्ण,present perfect,tapai,2nd person · high grade,yes,तपाईं(हरू),nominative,no,नुहाउनुभएको छ,नु हा उ नु भ ए को   छ,stem:नुहाउनु + aux:भएको छ,empty-base > concatenate
नुहाउनु,to bathe,U,उ-अन्त,no,नुहाउ,नुहा,finite,presperf,वर्तमान पूर्ण,present perfect,u,3rd person · low grade,no,ऊ / त्यो,nominative,no,नुहाएको छ,नु हा ए को   छ,stem:नुहा + end:एको + aux: छ,empty-base > hiatus > concatenate
नुहाउनु,to bathe,U,उ-अन्त,no,नुहाउ,नुहा,finite,presperf,वर्तमान पूर्ण,present perfect,uni,3rd person · mid grade,no,उनी / उनीहरू,nominative,no,नुहाएका छन्,नु हा ए का   छ न्,stem:नुहा + end:एका + aux: छन्,empty-base > hiatus > concatenate
नुहाउनु,to bathe,U,उ-अन्त,no,नुहाउ,नुहा,finite,presperf,वर्तमान पूर्ण,present perfect,uha,3rd person · high grade,yes,उहाँ / वहाँ,nominative,no,नुहाउनुभएको छ,नु हा उ नु भ ए को   छ,stem:नुहाउनु + aux:भएको छ,empty-base > concatenate
नुहाउनु,to bathe,U,उ-अन्त,no,नुहाउ,नुहा,finite,past,सामान्य भूत,simple past,ma,1st person · singular,no,म,nominative,no,नुहाएँ,नु हा एँ,stem:नुहा + end:एँ,empty-base > hiatus
नुहाउनु,to bathe,U,उ-अन्त,no,नुहाउ,नुहा,finite,past,सामान्य भूत,simple past,hami,1st person · plural,no,हामी(हरू),nominative,no,नुहायौँ,नु हा यौँ,stem:नुहा + end:यौँ,empty-base > concatenate
नुहाउनु,to bathe,U,उ-अन्त,no,नुहाउ,नुहा,finite,past,सामान्य भूत,simple past,ta,2nd person · low grade,no,तँ,nominative,no,नुहाइस्,नु हा इ स्,stem:नुहा + end:इस्,empty-base > hiatus
नुहाउनु,to bathe,U,उ-अन्त,no,नुहाउ,नुहा,finite,past,सामान्य भूत,simple past,timi,2nd person · mid grade,no,तिमी(हरू),nominative,no,नुहायौ,नु हा यौ,stem:नुहा + end:यौ,empty-base > concatenate
नुहाउनु,to bathe,U,उ-अन्त,no,नुहाउ,नुहा,finite,past,सामान्य भूत,simple past,tapai,2nd person · high grade,yes,तपाईं(हरू),nominative,no,नुहाउनुभयो,नु हा उ नु भ यो,stem:नुहाउनु + aux:भयो,empty-base > concatenate
नुहाउनु,to bathe,U,उ-अन्त,no,नुहाउ,नुहा,finite,past,सामान्य भूत,simple past,u,3rd person · low grade,no,ऊ / त्यो,nominative,no,नुहायो,नु हा यो,stem:नुहा + end:यो,empty-base > concatenate
नुहाउनु,to bathe,U,उ-अन्त,no,नुहाउ,नुहा,finite,past,सामान्य भूत,simple past,uni,3rd person · mid grade,no,उनी / उनीहरू,nominative,no,नुहाए,नु हा ए,stem:नुहा + end:ए,empty-base > hiatus
नुहाउनु,to bathe,U,उ-अन्त,no,नुहाउ,नुहा,finite,past,सामान्य भूत,simple past,uha,3rd person · high grade,yes,उहाँ / वहाँ,nominative,no,नुहाउनुभयो,नु हा उ नु भ यो,stem:नुहाउनु + aux:भयो,empty-base > concatenate
नुहाउनु,to bathe,U,उ-अन्त,no,नुहाउ,नुहा,finite,habpast,अभ्यस्त भूत,habitual past,ma,1st person · singular,no,म,nominative,no,नुहाउँथेँ,नु हा उँ थेँ,stem:नुहाउ + link:ँ + end:थेँ,empty-base > concatenate > concatenate
नुहाउनु,to bathe,U,उ-अन्त,no,नुहाउ,नुहा,finite,habpast,अभ्यस्त भूत,habitual past,hami,1st person · plural,no,हामी(हरू),nominative,no,नुहाउँथ्यौँ,नु हा उँ थ्यौँ,stem:नुहाउ + link:ँ + end:थ्यौँ,empty-base > concatenate > concatenate
नुहाउनु,to bathe,U,उ-अन्त,no,नुहाउ,नुहा,finite,habpast,अभ्यस्त भूत,habitual past,ta,2nd person · low grade,no,तँ,nominative,no,नुहाउँथिस्,नु हा उँ थि स्,stem:नुहाउ + link:ँ + end:थिस्,empty-base > concatenate > concatenate
नुहाउनु,to bathe,U,उ-अन्त,no,नुहाउ,नुहा,finite,habpast,अभ्यस्त भूत,habitual past,timi,2nd person · mid grade,no,तिमी(हरू),nominative,no,नुहाउँथ्यौ,नु हा उँ थ्यौ,stem:नुहाउ + link:ँ + end:थ्यौ,empty-base > concatenate > concatenate
नुहाउनु,to bathe,U,उ-अन्त,no,नुहाउ,नुहा,finite,habpast,अभ्यस्त भूत,habitual past,tapai,2nd person · high grade,yes,तपाईं(हरू),nominative,no,नुहाउनुहुन्थ्यो,नु हा उ नु हु न्थ्यो,stem:नुहाउनु + aux:हुन्थ्यो,empty-base > concatenate
नुहाउनु,to bathe,U,उ-अन्त,no,नुहाउ,नुहा,finite,habpast,अभ्यस्त भूत,habitual past,u,3rd person · low grade,no,ऊ / त्यो,nominative,no,नुहाउँथ्यो,नु हा उँ थ्यो,stem:नुहाउ + link:ँ + end:थ्यो,empty-base > concatenate > concatenate
नुहाउनु,to bathe,U,उ-अन्त,no,नुहाउ,नुहा,finite,habpast,अभ्यस्त भूत,habitual past,uni,3rd person · mid grade,no,उनी / उनीहरू,nominative,no,नुहाउँथे,नु हा उँ थे,stem:नुहाउ + link:ँ + end:थे,empty-base > concatenate > concatenate
नुहाउनु,to bathe,U,उ-अन्त,no,नुहाउ,नुहा,finite,habpast,अभ्यस्त भूत,habitual past,uha,3rd person · high grade,yes,उहाँ / वहाँ,nominative,no,नुहाउनुहुन्थ्यो,नु हा उ नु हु न्थ्यो,stem:नुहाउनु + aux:हुन्थ्यो,empty-base > concatenate
नुहाउनु,to bathe,U,उ-अन्त,no,नुहाउ,नुहा,finite,pastcont,भूत निरन्तर,past continuous,ma,1st person · singular,no,म,nominative,no,नुहाउँदै थिएँ,नु हा उँ दै   थि एँ,stem:नुहाउ + link:ँ + end:दै + aux: थिएँ,empty-base > concatenate > concatenate > concatenate
नुहाउनु,to bathe,U,उ-अन्त,no,नुहाउ,नुहा,finite,pastcont,भूत निरन्तर,past continuous,hami,1st person · plural,no,हामी(हरू),nominative,no,नुहाउँदै थियौँ,नु हा उँ दै   थि यौँ,stem:नुहाउ + link:ँ + end:दै + aux: थियौँ,empty-base > concatenate > concatenate > concatenate
नुहाउनु,to bathe,U,उ-अन्त,no,नुहाउ,नुहा,finite,pastcont,भूत निरन्तर,past continuous,ta,2nd person · low grade,no,तँ,nominative,no,नुहाउँदै थिइस्,नु हा उँ दै   थि इ स्,stem:नुहाउ + link:ँ + end:दै + aux: थिइस्,empty-base > concatenate > concatenate > concatenate
नुहाउनु,to bathe,U,उ-अन्त,no,नुहाउ,नुहा,finite,pastcont,भूत निरन्तर,past continuous,timi,2nd person · mid grade,no,तिमी(हरू),nominative,no,नुहाउँदै थियौ,नु हा उँ दै   थि यौ,stem:नुहाउ + link:ँ + end:दै + aux: थियौ,empty-base > concatenate > concatenate > concatenate
नुहाउनु,to bathe,U,उ-अन्त,no,नुहाउ,नुहा,finite,pastcont,भूत निरन्तर,past continuous,tapai,2nd person · high grade,yes,तपाईं(हरू),nominative,no,नुहाउँदै हुनुहुन्थ्यो,नु हा उँ दै   हु नु हु न्थ्यो,stem:नुहाउ + link:ँ + end:दै + aux: हुनुहुन्थ्यो,empty-base > concatenate > concatenate > concatenate
नुहाउनु,to bathe,U,उ-अन्त,no,नुहाउ,नुहा,finite,pastcont,भूत निरन्तर,past continuous,u,3rd person · low grade,no,ऊ / त्यो,nominative,no,नुहाउँदै थियो,नु हा उँ दै   थि यो,stem:नुहाउ + link:ँ + end:दै + aux: थियो,empty-base > concatenate > concatenate > concatenate
नुहाउनु,to bathe,U,उ-अन्त,no,नुहाउ,नुहा,finite,pastcont,भूत निरन्तर,past continuous,uni,3rd person · mid grade,no,उनी / उनीहरू,nominative,no,नुहाउँदै थिए,नु हा उँ दै   थि ए,stem:नुहाउ + link:ँ + end:दै + aux: थिए,empty-base > concatenate > concatenate > concatenate
नुहाउनु,to bathe,U,उ-अन्त,no,नुहाउ,नुहा,finite,pastcont,भूत निरन्तर,past continuous,uha,3rd person · high grade,yes,उहाँ / वहाँ,nominative,no,नुहाउँदै हुनुहुन्थ्यो,नु हा उँ दै   हु नु हु न्थ्यो,stem:नुहाउ + link:ँ + end:दै + aux: हुनुहुन्थ्यो,empty-base > concatenate > concatenate > concatenate
नुहाउनु,to bathe,U,उ-अन्त,no,नुहाउ,नुहा,finite,pastperf,भूत पूर्ण,past perfect,ma,1st person · singular,no,म,nominative,no,नुहाएको थिएँ,नु हा ए को   थि एँ,stem:नुहा + end:एको + aux: थिएँ,empty-base > hiatus > concatenate
नुहाउनु,to bathe,U,उ-अन्त,no,नुहाउ,नुहा,finite,pastperf,भूत पूर्ण,past perfect,hami,1st person · plural,no,हामी(हरू),nominative,no,नुहाएका थियौँ,नु हा ए का   थि यौँ,stem:नुहा + end:एका + aux: थियौँ,empty-base > hiatus > concatenate
नुहाउनु,to bathe,U,उ-अन्त,no,नुहाउ,नुहा,finite,pastperf,भूत पूर्ण,past perfect,ta,2nd person · low grade,no,तँ,nominative,no,नुहाएको थिइस्,नु हा ए को   थि इ स्,stem:नुहा + end:एको + aux: थिइस्,empty-base > hiatus > concatenate
नुहाउनु,to bathe,U,उ-अन्त,no,नुहाउ,नुहा,finite,pastperf,भूत पूर्ण,past perfect,timi,2nd person · mid grade,no,तिमी(हरू),nominative,no,नुहाएको थियौ,नु हा ए को   थि यौ,stem:नुहा + end:एको + aux: थियौ,empty-base > hiatus > concatenate
नुहाउनु,to bathe,U,उ-अन्त,no,नुहाउ,नुहा,finite,pastperf,भूत पूर्ण,past perfect,tapai,2nd person · high grade,yes,तपाईं(हरू),nominative,no,नुहाउनुभएको थियो,नु हा उ नु भ ए को   थि यो,stem:नुहाउनु + aux:भएको थियो,empty-base > concatenate
नुहाउनु,to bathe,U,उ-अन्त,no,नुहाउ,नुहा,finite,pastperf,भूत पूर्ण,past perfect,u,3rd person · low grade,no,ऊ / त्यो,nominative,no,नुहाएको थियो,नु हा ए को   थि यो,stem:नुहा + end:एको + aux: थियो,empty-base > hiatus > concatenate
नुहाउनु,to bathe,U,उ-अन्त,no,नुहाउ,नुहा,finite,pastperf,भूत पूर्ण,past perfect,uni,3rd person · mid grade,no,उनी / उनीहरू,nominative,no,नुहाएका थिए,नु हा ए का   थि ए,stem:नुहा + end:एका + aux: थिए,empty-base > hiatus > concatenate
नुहाउनु,to bathe,U,उ-अन्त,no,नुहाउ,नुहा,finite,pastperf,भूत पूर्ण,past perfect,uha,3rd person · high grade,yes,उहाँ / वहाँ,nominative,no,नुहाउनुभएको थियो,नु हा उ नु भ ए को   थि यो,stem:नुहाउनु + aux:भएको थियो,empty-base > concatenate
नुहाउनु,to bathe,U,उ-अन्त,no,नुहाउ,नुहा,finite,future,सामान्य भविष्यत्,simple future,ma,1st person · singular,no,म,nominative,no,नुहाउनेछु,नु हा उ ने छु,stem:नुहाउ + end:ने + end:छु,empty-base > concatenate > concatenate
नुहाउनु,to bathe,U,उ-अन्त,no,नुहाउ,नुहा,finite,future,सामान्य भविष्यत्,simple future,hami,1st person · plural,no,हामी(हरू),nominative,no,नुहाउनेछौँ,नु हा उ ने छौँ,stem:नुहाउ + end:ने + end:छौँ,empty-base > concatenate > concatenate
नुहाउनु,to bathe,U,उ-अन्त,no,नुहाउ,नुहा,finite,future,सामान्य भविष्यत्,simple future,ta,2nd person · low grade,no,तँ,nominative,no,नुहाउनेछस्,नु हा उ ने छ स्,stem:नुहाउ + end:ने + end:छस्,empty-base > concatenate > concatenate
नुहाउनु,to bathe,U,उ-अन्त,no,नुहाउ,नुहा,finite,future,सामान्य भविष्यत्,simple future,timi,2nd person · mid grade,no,तिमी(हरू),nominative,no,नुहाउनेछौ,नु हा उ ने छौ,stem:नुहाउ + end:ने + end:छौ,empty-base > concatenate > concatenate
नुहाउनु,to bathe,U,उ-अन्त,no,नुहाउ,नुहा,finite,future,सामान्य भविष्यत्,simple future,tapai,2nd person · high grade,yes,तपाईं(हरू),nominative,no,नुहाउनुहुनेछ,नु हा उ नु हु ने छ,stem:नुहाउनु + aux:हुनेछ,empty-base > concatenate
नुहाउनु,to bathe,U,उ-अन्त,no,नुहाउ,नुहा,finite,future,सामान्य भविष्यत्,simple future,u,3rd person · low grade,no,ऊ / त्यो,nominative,no,नुहाउनेछ,नु हा उ ने छ,stem:नुहाउ + end:ने + end:छ,empty-base > concatenate > concatenate
नुहाउनु,to bathe,U,उ-अन्त,no,नुहाउ,नुहा,finite,future,सामान्य भविष्यत्,simple future,uni,3rd person · mid grade,no,उनी / उनीहरू,nominative,no,नुहाउनेछन्,नु हा उ ने छ न्,stem:नुहाउ + end:ने + end:छन्,empty-base > concatenate > concatenate
नुहाउनु,to bathe,U,उ-अन्त,no,नुहाउ,नुहा,finite,future,सामान्य भविष्यत्,simple future,uha,3rd person · high grade,yes,उहाँ / वहाँ,nominative,no,नुहाउनुहुनेछ,नु हा उ नु हु ने छ,stem:नुहाउनु + aux:हुनेछ,empty-base > concatenate
नुहाउनु,to bathe,U,उ-अन्त,no,नुहाउ,नुहा,finite,prob,सम्भावना,probable,ma,1st person · singular,no,म,nominative,yes,नुहाउँला,नु हा उँ ला,stem:नुहाउ + end:ँला,empty-base > concatenate
नुहाउनु,to bathe,U,उ-अन्त,no,नुहाउ,नुहा,finite,prob,सम्भावना,probable,hami,1st person · plural,no,हामी(हरू),nominative,yes,नुहाऔँला,नु हा औँ ला,stem:नुहा + end:औँला,empty-base > hiatus
नुहाउनु,to bathe,U,उ-अन्त,no,नुहाउ,नुहा,finite,prob,सम्भावना,probable,ta,2nd person · low grade,no,तँ,nominative,yes,नुहाउलास्,नु हा उ ला स्,stem:नुहाउ + end:लास्,empty-base > concatenate
नुहाउनु,to bathe,U,उ-अन्त,no,नुहाउ,नुहा,finite,prob,सम्भावना,probable,timi,2nd person · mid grade,no,तिमी(हरू),nominative,yes,नुहाऔला,नु हा औ ला,stem:नुहा + end:औला,empty-base > hiatus
नुहाउनु,to bathe,U,उ-अन्त,no,नुहाउ,नुहा,finite,prob,सम्भावना,probable,tapai,2nd person · high grade,yes,तपाईं(हरू),nominative,yes,नुहाउनुहोला,नु हा उ नु हो ला,stem:नुहाउनु + aux:होला,empty-base > concatenate
नुहाउनु,to bathe,U,उ-अन्त,no,नुहाउ,नुहा,finite,prob,सम्भावना,probable,u,3rd person · low grade,no,ऊ / त्यो,nominative,yes,नुहाउला,नु हा उ ला,stem:नुहाउ + end:ला,empty-base > concatenate
नुहाउनु,to bathe,U,उ-अन्त,no,नुहाउ,नुहा,finite,prob,सम्भावना,probable,uni,3rd person · mid grade,no,उनी / उनीहरू,nominative,yes,नुहाउलान्,नु हा उ ला न्,stem:नुहाउ + end:लान्,empty-base > concatenate
नुहाउनु,to bathe,U,उ-अन्त,no,नुहाउ,नुहा,finite,prob,सम्भावना,probable,uha,3rd person · high grade,yes,उहाँ / वहाँ,nominative,yes,नुहाउनुहोला,नु हा उ नु हो ला,stem:नुहाउनु + aux:होला,empty-base > concatenate
नुहाउनु,to bathe,U,उ-अन्त,no,नुहाउ,नुहा,finite,imp,आज्ञा र इच्छा,imperative & optative,ma,1st person · singular,no,म,nominative,no,नुहाऊँ,नु हा ऊँ,stem:नुहा + end:ऊँ,empty-base > hiatus
नुहाउनु,to bathe,U,उ-अन्त,no,नुहाउ,नुहा,finite,imp,आज्ञा र इच्छा,imperative & optative,hami,1st person · plural,no,हामी(हरू),nominative,no,नुहाऔँ,नु हा औँ,stem:नुहा + end:औँ,empty-base > hiatus
नुहाउनु,to bathe,U,उ-अन्त,no,नुहाउ,नुहा,finite,imp,आज्ञा र इच्छा,imperative & optative,ta,2nd person · low grade,no,तँ,nominative,no,नुहा,नु हा,stem:नुहा,empty-base
नुहाउनु,to bathe,U,उ-अन्त,no,नुहाउ,नुहा,finite,imp,आज्ञा र इच्छा,imperative & optative,timi,2nd person · mid grade,no,तिमी(हरू),nominative,no,नुहाऊ,नु हा ऊ,stem:नुहा + end:ऊ,empty-base > hiatus
नुहाउनु,to bathe,U,उ-अन्त,no,नुहाउ,नुहा,finite,imp,आज्ञा र इच्छा,imperative & optative,tapai,2nd person · high grade,yes,तपाईं(हरू),nominative,no,नुहाउनुहोस्,नु हा उ नु हो स्,stem:नुहाउनु + aux:होस्,empty-base > concatenate
नुहाउनु,to bathe,U,उ-अन्त,no,नुहाउ,नुहा,finite,imp,आज्ञा र इच्छा,imperative & optative,u,3rd person · low grade,no,ऊ / त्यो,nominative,no,नुहाओस्,नु हा ओ स्,stem:नुहा + end:ओस्,empty-base > hiatus
नुहाउनु,to bathe,U,उ-अन्त,no,नुहाउ,नुहा,finite,imp,आज्ञा र इच्छा,imperative & optative,uni,3rd person · mid grade,no,उनी / उनीहरू,nominative,no,नुहाऊन्,नु हा ऊ न्,stem:नुहा + end:ऊन्,empty-base > hiatus
नुहाउनु,to bathe,U,उ-अन्त,no,नुहाउ,नुहा,finite,imp,आज्ञा र इच्छा,imperative & optative,uha,3rd person · high grade,yes,उहाँ / वहाँ,nominative,no,नुहाउनुहोस्,नु हा उ नु हो स्,stem:नुहाउनु + aux:होस्,empty-base > concatenate
नुहाउनु,to bathe,U,उ-अन्त,no,नुहाउ,नुहा,non-finite,क्रियार्थक नाम,,dictionary form,,,,,,,नुहाउनु,नु हा उ नु,,
नुहाउनु,to bathe,U,उ-अन्त,no,नुहाउ,नुहा,non-finite,उद्देश्यवाचक,,in order to …,,,,,,,नुहाउन,नु हा उ न,,
नुहाउनु,to bathe,U,उ-अन्त,no,नुहाउ,नुहा,non-finite,भविष्यवाचक,,the one that will …,,,,,,,नुहाउने,नु हा उ ने,,
नुहाउनु,to bathe,U,उ-अन्त,no,नुहाउ,नुहा,non-finite,पूर्णकालिक,,having …-ed,,,,,,,नुहाएको,नु हा ए को,,
नुहाउनु,to bathe,U,उ-अन्त,no,नुहाउ,नुहा,non-finite,पूर्वकालिक,,"…-ing, then",,,,,,,नुहाएर,नु हा ए र,,
नुहाउनु,to bathe,U,उ-अन्त,no,नुहाउ,नुहा,non-finite,क्रियाविशेषण,,by …-ing,,,,,,,नुहाई,नु हा ई,,
नुहाउनु,to bathe,U,उ-अन्त,no,नुहाउ,नुहा,non-finite,अपूर्णकालिक,,while …-ing,,,,,,,नुहाउँदै,नु हा उँ दै,,
नुहाउनु,to bathe,U,उ-अन्त,no,नुहाउ,नुहा,non-finite,समयवाचक,,when …-ing,,,,,,,नुहाउँदा,नु हा उँ दा,,
नुहाउनु,to bathe,U,उ-अन्त,no,नुहाउ,नुहा,non-finite,सर्तवाचक,,if …,,,,,,,नुहाए भने,नु हा ए   भ ने,,
नुहाउनु,to bathe,U,उ-अन्त,no,नुहाउ,नुहा,infinitive,,,,,,,,,,नुहाउनु,नु हा उ नु,,
हुनु,to be,—,अनियमित,no,,,suppletive,ho,,,ma,1st person · singular,no,,,,हुँ,हुँ,,
हुनु,to be,—,अनियमित,no,,,suppletive,ho,,,hami,1st person · plural,no,,,,हौँ,हौँ,,
हुनु,to be,—,अनियमित,no,,,suppletive,ho,,,ta,2nd person · low grade,no,,,,होस्,हो स्,,
हुनु,to be,—,अनियमित,no,,,suppletive,ho,,,timi,2nd person · mid grade,no,,,,हौ,हौ,,
हुनु,to be,—,अनियमित,no,,,suppletive,ho,,,tapai,2nd person · high grade,yes,,,,हुनुहुन्छ,हु नु हु न्छ,,
हुनु,to be,—,अनियमित,no,,,suppletive,ho,,,u,3rd person · low grade,no,,,,हो,हो,,
हुनु,to be,—,अनियमित,no,,,suppletive,ho,,,uni,3rd person · mid grade,no,,,,हुन्,हु न्,,
हुनु,to be,—,अनियमित,no,,,suppletive,ho,,,uha,3rd person · high grade,yes,,,,हुनुहुन्छ,हु नु हु न्छ,,
हुनु,to be,—,अनियमित,no,,,suppletive,chha,,,ma,1st person · singular,no,,,,छु,छु,,
हुनु,to be,—,अनियमित,no,,,suppletive,chha,,,hami,1st person · plural,no,,,,छौँ,छौँ,,
हुनु,to be,—,अनियमित,no,,,suppletive,chha,,,ta,2nd person · low grade,no,,,,छस्,छ स्,,
हुनु,to be,—,अनियमित,no,,,suppletive,chha,,,timi,2nd person · mid grade,no,,,,छौ,छौ,,
हुनु,to be,—,अनियमित,no,,,suppletive,chha,,,tapai,2nd person · high grade,yes,,,,हुनुहुन्छ,हु नु हु न्छ,,
हुनु,to be,—,अनियमित,no,,,suppletive,chha,,,u,3rd person · low grade,no,,,,छ,छ,,
हुनु,to be,—,अनियमित,no,,,suppletive,chha,,,uni,3rd person · mid grade,no,,,,छन्,छ न्,,
हुनु,to be,—,अनियमित,no,,,suppletive,chha,,,uha,3rd person · high grade,yes,,,,हुनुहुन्छ,हु नु हु न्छ,,
हुनु,to be,—,अनियमित,no,,,suppletive,hunchha,,,ma,1st person · singular,no,,,,हुन्छु,हु न्छु,,
हुनु,to be,—,अनियमित,no,,,suppletive,hunchha,,,hami,1st person · plural,no,,,,हुन्छौँ,हु न्छौँ,,
हुनु,to be,—,अनियमित,no,,,suppletive,hunchha,,,ta,2nd person · low grade,no,,,,हुन्छस्,हु न्छ स्,,
हुनु,to be,—,अनियमित,no,,,suppletive,hunchha,,,timi,2nd person · mid grade,no,,,,हुन्छौ,हु न्छौ,,
हुनु,to be,—,अनियमित,no,,,suppletive,hunchha,,,tapai,2nd person · high grade,yes,,,,हुनुहुन्छ,हु नु हु न्छ,,
हुनु,to be,—,अनियमित,no,,,suppletive,hunchha,,,u,3rd person · low grade,no,,,,हुन्छ,हु न्छ,,
हुनु,to be,—,अनियमित,no,,,suppletive,hunchha,,,uni,3rd person · mid grade,no,,,,हुन्छन्,हु न्छ न्,,
हुनु,to be,—,अनियमित,no,,,suppletive,hunchha,,,uha,3rd person · high grade,yes,,,,हुनुहुन्छ,हु नु हु न्छ,,
हुनु,to be,—,अनियमित,no,,,suppletive,thiyo,,,ma,1st person · singular,no,,,,थिएँ,थि एँ,,
हुनु,to be,—,अनियमित,no,,,suppletive,thiyo,,,hami,1st person · plural,no,,,,थियौँ,थि यौँ,,
हुनु,to be,—,अनियमित,no,,,suppletive,thiyo,,,ta,2nd person · low grade,no,,,,थिइस्,थि इ स्,,
हुनु,to be,—,अनियमित,no,,,suppletive,thiyo,,,timi,2nd person · mid grade,no,,,,थियौ,थि यौ,,
हुनु,to be,—,अनियमित,no,,,suppletive,thiyo,,,tapai,2nd person · high grade,yes,,,,हुनुहुन्थ्यो,हु नु हु न्थ्यो,,
हुनु,to be,—,अनियमित,no,,,suppletive,thiyo,,,u,3rd person · low grade,no,,,,थियो,थि यो,,
हुनु,to be,—,अनियमित,no,,,suppletive,thiyo,,,uni,3rd person · mid grade,no,,,,थिए,थि ए,,
हुनु,to be,—,अनियमित,no,,,suppletive,thiyo,,,uha,3rd person · high grade,yes,,,,हुनुहुन्थ्यो,हु नु हु न्थ्यो,,
हुनु,to be,—,अनियमित,no,,,suppletive,bhayo,,,ma,1st person · singular,no,,,,भएँ,भ एँ,,
हुनु,to be,—,अनियमित,no,,,suppletive,bhayo,,,hami,1st person · plural,no,,,,भयौँ,भ यौँ,,
हुनु,to be,—,अनियमित,no,,,suppletive,bhayo,,,ta,2nd person · low grade,no,,,,भइस्,भ इ स्,,
हुनु,to be,—,अनियमित,no,,,suppletive,bhayo,,,timi,2nd person · mid grade,no,,,,भयौ,भ यौ,,
हुनु,to be,—,अनियमित,no,,,suppletive,bhayo,,,tapai,2nd person · high grade,yes,,,,हुनुभयो,हु नु भ यो,,
हुनु,to be,—,अनियमित,no,,,suppletive,bhayo,,,u,3rd person · low grade,no,,,,भयो,भ यो,,
हुनु,to be,—,अनियमित,no,,,suppletive,bhayo,,,uni,3rd person · mid grade,no,,,,भए,भ ए,,
हुनु,to be,—,अनियमित,no,,,suppletive,bhayo,,,uha,3rd person · high grade,yes,,,,हुनुभयो,हु नु भ यो,,
